treatment,seed,lr,model_depth,retained_depth,mask,is_prefix,keeps_first,is_alternating,ce,accuracy,excess_ce,accuracy_change,full_ce,full_accuracy
dense6,2701,0.0003,6,1,100000,True,True,False,1.3236876726150513,0.6583333611488342,1.239659145474434,-0.32499998807907104,0.08402852714061737,0.9833333492279053
dense6,2701,0.0003,6,1,010000,False,False,False,1.2310346364974976,0.6722221970558167,1.1470061093568802,-0.3111111521720886,0.08402852714061737,0.9833333492279053
dense6,2701,0.0003,6,1,001000,False,False,False,1.3272286653518677,0.605555534362793,1.2432001382112503,-0.3777778148651123,0.08402852714061737,0.9833333492279053
dense6,2701,0.0003,6,1,000100,False,False,False,1.1340745687484741,0.6972222328186035,1.0500460416078568,-0.28611111640930176,0.08402852714061737,0.9833333492279053
dense6,2701,0.0003,6,1,000010,False,False,False,1.2182146310806274,0.6000000238418579,1.13418610394001,-0.38333332538604736,0.08402852714061737,0.9833333492279053
dense6,2701,0.0003,6,1,000001,False,False,False,1.3323235511779785,0.6027777791023254,1.2482950240373611,-0.38055557012557983,0.08402852714061737,0.9833333492279053
dense6,2701,0.0003,6,2,110000,True,True,False,0.7026129364967346,0.9055555462837219,0.6185844093561172,-0.07777780294418335,0.08402852714061737,0.9833333492279053
dense6,2701,0.0003,6,2,101000,False,True,False,0.7260450720787048,0.855555534362793,0.6420165449380875,-0.1277778148651123,0.08402852714061737,0.9833333492279053
dense6,2701,0.0003,6,2,100100,False,True,False,0.6227626800537109,0.9055555462837219,0.5387341529130936,-0.07777780294418335,0.08402852714061737,0.9833333492279053
dense6,2701,0.0003,6,2,100010,False,True,False,0.6423120498657227,0.8638888597488403,0.5582835227251053,-0.11944448947906494,0.08402852714061737,0.9833333492279053
dense6,2701,0.0003,6,2,100001,False,True,False,0.6967526078224182,0.8583333492279053,0.6127240806818008,-0.125,0.08402852714061737,0.9833333492279053
dense6,2701,0.0003,6,2,011000,False,False,False,0.7410330176353455,0.8166666626930237,0.6570044904947281,-0.1666666865348816,0.08402852714061737,0.9833333492279053
dense6,2701,0.0003,6,2,010100,False,False,False,0.6299982070922852,0.8777777552604675,0.5459696799516678,-0.10555559396743774,0.08402852714061737,0.9833333492279053
dense6,2701,0.0003,6,2,010010,False,False,False,0.64180588722229,0.8500000238418579,0.5577773600816727,-0.13333332538604736,0.08402852714061737,0.9833333492279053
dense6,2701,0.0003,6,2,010001,False,False,False,0.6517943143844604,0.8444444537162781,0.5677657872438431,-0.1388888955116272,0.08402852714061737,0.9833333492279053
dense6,2701,0.0003,6,2,001100,False,False,False,0.7647340297698975,0.7722222208976746,0.6807055026292801,-0.2111111283302307,0.08402852714061737,0.9833333492279053
dense6,2701,0.0003,6,2,001010,False,False,False,0.850249707698822,0.730555534362793,0.7662211805582047,-0.2527778148651123,0.08402852714061737,0.9833333492279053
dense6,2701,0.0003,6,2,001001,False,False,False,0.9208630323410034,0.7111111283302307,0.836834505200386,-0.27222222089767456,0.08402852714061737,0.9833333492279053
dense6,2701,0.0003,6,2,000110,False,False,False,0.7169991135597229,0.7833333611488342,0.6329705864191055,-0.19999998807907104,0.08402852714061737,0.9833333492279053
dense6,2701,0.0003,6,2,000101,False,False,False,0.7380327582359314,0.8055555820465088,0.654004231095314,-0.17777776718139648,0.08402852714061737,0.9833333492279053
dense6,2701,0.0003,6,2,000011,False,False,False,0.8796205520629883,0.7055555582046509,0.7955920249223709,-0.2777777910232544,0.08402852714061737,0.9833333492279053
dense6,2701,0.0003,6,3,111000,True,True,False,0.33479002118110657,0.9583333134651184,0.2507614940404892,-0.025000035762786865,0.08402852714061737,0.9833333492279053
dense6,2701,0.0003,6,3,110100,False,True,False,0.3145560026168823,0.949999988079071,0.23052747547626495,-0.03333336114883423,0.08402852714061737,0.9833333492279053
dense6,2701,0.0003,6,3,110010,False,True,False,0.29005664587020874,0.9361110925674438,0.20602811872959137,-0.047222256660461426,0.08402852714061737,0.9833333492279053
dense6,2701,0.0003,6,3,110001,False,True,False,0.29487431049346924,0.9527778029441833,0.21084578335285187,-0.030555546283721924,0.08402852714061737,0.9833333492279053
dense6,2701,0.0003,6,3,101100,False,True,False,0.3220566213130951,0.9472222328186035,0.23802809417247772,-0.03611111640930176,0.08402852714061737,0.9833333492279053
dense6,2701,0.0003,6,3,101010,False,True,True,0.34317290782928467,0.9166666865348816,0.2591443806886673,-0.06666666269302368,0.08402852714061737,0.9833333492279053
dense6,2701,0.0003,6,3,101001,False,True,False,0.42515721917152405,0.8861111402511597,0.3411286920309067,-0.0972222089767456,0.08402852714061737,0.9833333492279053
dense6,2701,0.0003,6,3,100110,False,True,False,0.31819963455200195,0.9361110925674438,0.23417110741138458,-0.047222256660461426,0.08402852714061737,0.9833333492279053
dense6,2701,0.0003,6,3,100101,False,True,False,0.32019558548927307,0.9333333373069763,0.2361670583486557,-0.050000011920928955,0.08402852714061737,0.9833333492279053
dense6,2701,0.0003,6,3,100011,False,True,False,0.39213353395462036,0.8722222447395325,0.308105006814003,-0.1111111044883728,0.08402852714061737,0.9833333492279053
dense6,2701,0.0003,6,3,011100,False,False,False,0.3918594419956207,0.9027777910232544,0.30783091485500336,-0.08055555820465088,0.08402852714061737,0.9833333492279053
dense6,2701,0.0003,6,3,011010,False,False,False,0.3896394968032837,0.9083333611488342,0.3056109696626663,-0.07499998807907104,0.08402852714061737,0.9833333492279053
dense6,2701,0.0003,6,3,011001,False,False,False,0.3932237923145294,0.9055555462837219,0.30919526517391205,-0.07777780294418335,0.08402852714061737,0.9833333492279053
dense6,2701,0.0003,6,3,010110,False,False,False,0.4059341549873352,0.894444465637207,0.32190562784671783,-0.08888888359069824,0.08402852714061737,0.9833333492279053
dense6,2701,0.0003,6,3,010101,False,False,True,0.407746285200119,0.894444465637207,0.32371775805950165,-0.08888888359069824,0.08402852714061737,0.9833333492279053
dense6,2701,0.0003,6,3,010011,False,False,False,0.40139660239219666,0.8999999761581421,0.3173680752515793,-0.08333337306976318,0.08402852714061737,0.9833333492279053
dense6,2701,0.0003,6,3,001110,False,False,False,0.55611252784729,0.824999988079071,0.47208400070667267,-0.15833336114883423,0.08402852714061737,0.9833333492279053
dense6,2701,0.0003,6,3,001101,False,False,False,0.5511788129806519,0.8166666626930237,0.4671502858400345,-0.1666666865348816,0.08402852714061737,0.9833333492279053
dense6,2701,0.0003,6,3,001011,False,False,False,0.704376220703125,0.7333333492279053,0.6203476935625076,-0.25,0.08402852714061737,0.9833333492279053
dense6,2701,0.0003,6,3,000111,False,False,False,0.5738211870193481,0.8277778029441833,0.4897926598787308,-0.15555554628372192,0.08402852714061737,0.9833333492279053
dense6,2701,0.0003,6,4,111100,True,True,False,0.1569395661354065,0.980555534362793,0.07291103899478912,-0.0027778148651123047,0.08402852714061737,0.9833333492279053
dense6,2701,0.0003,6,4,111010,False,True,False,0.13753435015678406,0.980555534362793,0.05350582301616669,-0.0027778148651123047,0.08402852714061737,0.9833333492279053
dense6,2701,0.0003,6,4,111001,False,True,False,0.14674024283885956,0.9777777791023254,0.06271171569824219,-0.005555570125579834,0.08402852714061737,0.9833333492279053
dense6,2701,0.0003,6,4,110110,False,True,False,0.16276496648788452,0.9638888835906982,0.07873643934726715,-0.01944446563720703,0.08402852714061737,0.9833333492279053
dense6,2701,0.0003,6,4,110101,False,True,False,0.16731975972652435,0.9611111283302307,0.08329123258590698,-0.02222222089767456,0.08402852714061737,0.9833333492279053
dense6,2701,0.0003,6,4,110011,False,True,False,0.15607516467571259,0.9611111283302307,0.07204663753509521,-0.02222222089767456,0.08402852714061737,0.9833333492279053
dense6,2701,0.0003,6,4,101110,False,True,False,0.18141967058181763,0.9666666388511658,0.09739114344120026,-0.016666710376739502,0.08402852714061737,0.9833333492279053
dense6,2701,0.0003,6,4,101101,False,True,False,0.19501495361328125,0.949999988079071,0.11098642647266388,-0.03333336114883423,0.08402852714061737,0.9833333492279053
dense6,2701,0.0003,6,4,101011,False,True,False,0.2542785406112671,0.925000011920929,0.17025001347064972,-0.05833333730697632,0.08402852714061737,0.9833333492279053
dense6,2701,0.0003,6,4,100111,False,True,False,0.2217193841934204,0.9416666626930237,0.13769085705280304,-0.04166668653488159,0.08402852714061737,0.9833333492279053
dense6,2701,0.0003,6,4,011110,False,False,False,0.28091374039649963,0.9305555820465088,0.19688521325588226,-0.052777767181396484,0.08402852714061737,0.9833333492279053
dense6,2701,0.0003,6,4,011101,False,False,False,0.2745136320590973,0.9305555820465088,0.19048510491847992,-0.052777767181396484,0.08402852714061737,0.9833333492279053
dense6,2701,0.0003,6,4,011011,False,False,False,0.28074634075164795,0.9277777671813965,0.19671781361103058,-0.05555558204650879,0.08402852714061737,0.9833333492279053
dense6,2701,0.0003,6,4,010111,False,False,False,0.33880966901779175,0.9166666865348816,0.2547811418771744,-0.06666666269302368,0.08402852714061737,0.9833333492279053
dense6,2701,0.0003,6,4,001111,False,False,False,0.5156303644180298,0.8388888835906982,0.4316018372774124,-0.14444446563720703,0.08402852714061737,0.9833333492279053
dense6,2701,0.0003,6,5,111110,True,True,False,0.09505252540111542,0.9833333492279053,0.011023998260498047,0.0,0.08402852714061737,0.9833333492279053
dense6,2701,0.0003,6,5,111101,False,True,False,0.09762893617153168,0.9833333492279053,0.013600409030914307,0.0,0.08402852714061737,0.9833333492279053
dense6,2701,0.0003,6,5,111011,False,True,False,0.09453361481428146,0.980555534362793,0.010505087673664093,-0.0027778148651123047,0.08402852714061737,0.9833333492279053
dense6,2701,0.0003,6,5,110111,False,True,False,0.11481255292892456,0.9722222089767456,0.03078402578830719,-0.011111140251159668,0.08402852714061737,0.9833333492279053
dense6,2701,0.0003,6,5,101111,False,True,False,0.15969835221767426,0.9611111283302307,0.07566982507705688,-0.02222222089767456,0.08402852714061737,0.9833333492279053
dense6,2701,0.0003,6,5,011111,False,False,False,0.2547604739665985,0.9361110925674438,0.17073194682598114,-0.047222256660461426,0.08402852714061737,0.9833333492279053
dense6,2701,0.0003,6,6,111111,True,True,False,0.08402852714061737,0.9833333492279053,0.0,0.0,0.08402852714061737,0.9833333492279053
constant_ild,2701,0.0003,6,1,100000,True,True,False,0.6823806166648865,0.8999999761581421,0.597740113735199,-0.08333337306976318,0.0846405029296875,0.9833333492279053
constant_ild,2701,0.0003,6,1,010000,False,False,False,0.7441000938415527,0.8472222089767456,0.6594595909118652,-0.13611114025115967,0.0846405029296875,0.9833333492279053
constant_ild,2701,0.0003,6,1,001000,False,False,False,0.8177095055580139,0.7722222208976746,0.7330690026283264,-0.2111111283302307,0.0846405029296875,0.9833333492279053
constant_ild,2701,0.0003,6,1,000100,False,False,False,0.7494553327560425,0.8194444179534912,0.664814829826355,-0.16388893127441406,0.0846405029296875,0.9833333492279053
constant_ild,2701,0.0003,6,1,000010,False,False,False,0.9091606140136719,0.7388888597488403,0.8245201110839844,-0.24444448947906494,0.0846405029296875,0.9833333492279053
constant_ild,2701,0.0003,6,1,000001,False,False,False,0.9936944842338562,0.730555534362793,0.9090539813041687,-0.2527778148651123,0.0846405029296875,0.9833333492279053
constant_ild,2701,0.0003,6,2,110000,True,True,False,0.24598190188407898,0.9777777791023254,0.16134139895439148,-0.005555570125579834,0.0846405029296875,0.9833333492279053
constant_ild,2701,0.0003,6,2,101000,False,True,False,0.23380304872989655,0.9750000238418579,0.14916254580020905,-0.008333325386047363,0.0846405029296875,0.9833333492279053
constant_ild,2701,0.0003,6,2,100100,False,True,False,0.23711173236370087,0.9583333134651184,0.15247122943401337,-0.025000035762786865,0.0846405029296875,0.9833333492279053
constant_ild,2701,0.0003,6,2,100010,False,True,False,0.2700556814670563,0.9444444179534912,0.18541517853736877,-0.03888893127441406,0.0846405029296875,0.9833333492279053
constant_ild,2701,0.0003,6,2,100001,False,True,False,0.29091647267341614,0.9555555582046509,0.20627596974372864,-0.027777791023254395,0.0846405029296875,0.9833333492279053
constant_ild,2701,0.0003,6,2,011000,False,False,False,0.3967324495315552,0.9222221970558167,0.3120919466018677,-0.06111115217208862,0.0846405029296875,0.9833333492279053
constant_ild,2701,0.0003,6,2,010100,False,False,False,0.35977426171302795,0.9055555462837219,0.27513375878334045,-0.07777780294418335,0.0846405029296875,0.9833333492279053
constant_ild,2701,0.0003,6,2,010010,False,False,False,0.4052698016166687,0.9027777910232544,0.3206292986869812,-0.08055555820465088,0.0846405029296875,0.9833333492279053
constant_ild,2701,0.0003,6,2,010001,False,False,False,0.3961596190929413,0.9194444417953491,0.3115191161632538,-0.06388890743255615,0.0846405029296875,0.9833333492279053
constant_ild,2701,0.0003,6,2,001100,False,False,False,0.4144704043865204,0.8888888955116272,0.3298299014568329,-0.09444445371627808,0.0846405029296875,0.9833333492279053
constant_ild,2701,0.0003,6,2,001010,False,False,False,0.4722737967967987,0.8722222447395325,0.3876332938671112,-0.1111111044883728,0.0846405029296875,0.9833333492279053
constant_ild,2701,0.0003,6,2,001001,False,False,False,0.5205587148666382,0.8305555582046509,0.4359182119369507,-0.1527777910232544,0.0846405029296875,0.9833333492279053
constant_ild,2701,0.0003,6,2,000110,False,False,False,0.48775532841682434,0.8777777552604675,0.40311482548713684,-0.10555559396743774,0.0846405029296875,0.9833333492279053
constant_ild,2701,0.0003,6,2,000101,False,False,False,0.49340301752090454,0.8611111044883728,0.40876251459121704,-0.12222224473953247,0.0846405029296875,0.9833333492279053
constant_ild,2701,0.0003,6,2,000011,False,False,False,0.6186528205871582,0.8222222328186035,0.5340123176574707,-0.16111111640930176,0.0846405029296875,0.9833333492279053
constant_ild,2701,0.0003,6,3,111000,True,True,False,0.12485400587320328,0.9833333492279053,0.04021350294351578,0.0,0.0846405029296875,0.9833333492279053
constant_ild,2701,0.0003,6,3,110100,False,True,False,0.11659274995326996,0.9833333492279053,0.03195224702358246,0.0,0.0846405029296875,0.9833333492279053
constant_ild,2701,0.0003,6,3,110010,False,True,False,0.1224232167005539,0.9861111044883728,0.037782713770866394,0.0027777552604675293,0.0846405029296875,0.9833333492279053
constant_ild,2701,0.0003,6,3,110001,False,True,False,0.12454040348529816,0.9888888597488403,0.03989990055561066,0.005555510520935059,0.0846405029296875,0.9833333492279053
constant_ild,2701,0.0003,6,3,101100,False,True,False,0.1191641241312027,0.980555534362793,0.0345236212015152,-0.0027778148651123047,0.0846405029296875,0.9833333492279053
constant_ild,2701,0.0003,6,3,101010,False,True,True,0.12492440640926361,0.980555534362793,0.04028390347957611,-0.0027778148651123047,0.0846405029296875,0.9833333492279053
constant_ild,2701,0.0003,6,3,101001,False,True,False,0.12867404520511627,0.9833333492279053,0.04403354227542877,0.0,0.0846405029296875,0.9833333492279053
constant_ild,2701,0.0003,6,3,100110,False,True,False,0.14126354455947876,0.9750000238418579,0.05662304162979126,-0.008333325386047363,0.0846405029296875,0.9833333492279053
constant_ild,2701,0.0003,6,3,100101,False,True,False,0.1398225724697113,0.9750000238418579,0.055182069540023804,-0.008333325386047363,0.0846405029296875,0.9833333492279053
constant_ild,2701,0.0003,6,3,100011,False,True,False,0.1622275710105896,0.9666666388511658,0.0775870680809021,-0.016666710376739502,0.0846405029296875,0.9833333492279053
constant_ild,2701,0.0003,6,3,011100,False,False,False,0.2724187970161438,0.9361110925674438,0.1877782940864563,-0.047222256660461426,0.0846405029296875,0.9833333492279053
constant_ild,2701,0.0003,6,3,011010,False,False,False,0.2797725200653076,0.9277777671813965,0.19513201713562012,-0.05555558204650879,0.0846405029296875,0.9833333492279053
constant_ild,2701,0.0003,6,3,011001,False,False,False,0.2808877229690552,0.9333333373069763,0.19624722003936768,-0.050000011920928955,0.0846405029296875,0.9833333492279053
constant_ild,2701,0.0003,6,3,010110,False,False,False,0.28464433550834656,0.9305555820465088,0.20000383257865906,-0.052777767181396484,0.0846405029296875,0.9833333492279053
constant_ild,2701,0.0003,6,3,010101,False,False,True,0.2840133607387543,0.9333333373069763,0.19937285780906677,-0.050000011920928955,0.0846405029296875,0.9833333492279053
constant_ild,2701,0.0003,6,3,010011,False,False,False,0.30432459712028503,0.9305555820465088,0.21968409419059753,-0.052777767181396484,0.0846405029296875,0.9833333492279053
constant_ild,2701,0.0003,6,3,001110,False,False,False,0.329357385635376,0.894444465637207,0.24471688270568848,-0.08888888359069824,0.0846405029296875,0.9833333492279053
constant_ild,2701,0.0003,6,3,001101,False,False,False,0.3293551802635193,0.8999999761581421,0.2447146773338318,-0.08333337306976318,0.0846405029296875,0.9833333492279053
constant_ild,2701,0.0003,6,3,001011,False,False,False,0.3717367351055145,0.8861111402511597,0.287096232175827,-0.0972222089767456,0.0846405029296875,0.9833333492279053
constant_ild,2701,0.0003,6,3,000111,False,False,False,0.40856635570526123,0.8861111402511597,0.32392585277557373,-0.0972222089767456,0.0846405029296875,0.9833333492279053
constant_ild,2701,0.0003,6,4,111100,True,True,False,0.0930602103471756,0.9833333492279053,0.008419707417488098,0.0,0.0846405029296875,0.9833333492279053
constant_ild,2701,0.0003,6,4,111010,False,True,False,0.09323494881391525,0.980555534362793,0.008594445884227753,-0.0027778148651123047,0.0846405029296875,0.9833333492279053
constant_ild,2701,0.0003,6,4,111001,False,True,False,0.09388241171836853,0.980555534362793,0.00924190878868103,-0.0027778148651123047,0.0846405029296875,0.9833333492279053
constant_ild,2701,0.0003,6,4,110110,False,True,False,0.08747585862874985,0.9861111044883728,0.0028353556990623474,0.0027777552604675293,0.0846405029296875,0.9833333492279053
constant_ild,2701,0.0003,6,4,110101,False,True,False,0.08806032687425613,0.9861111044883728,0.003419823944568634,0.0027777552604675293,0.0846405029296875,0.9833333492279053
constant_ild,2701,0.0003,6,4,110011,False,True,False,0.09331437945365906,0.9861111044883728,0.008673876523971558,0.0027777552604675293,0.0846405029296875,0.9833333492279053
constant_ild,2701,0.0003,6,4,101110,False,True,False,0.09019508212804794,0.980555534362793,0.005554579198360443,-0.0027778148651123047,0.0846405029296875,0.9833333492279053
constant_ild,2701,0.0003,6,4,101101,False,True,False,0.09089603275060654,0.9833333492279053,0.006255529820919037,0.0,0.0846405029296875,0.9833333492279053
constant_ild,2701,0.0003,6,4,101011,False,True,False,0.09572568535804749,0.980555534362793,0.011085182428359985,-0.0027778148651123047,0.0846405029296875,0.9833333492279053
constant_ild,2701,0.0003,6,4,100111,False,True,False,0.1126231700181961,0.9750000238418579,0.027982667088508606,-0.008333325386047363,0.0846405029296875,0.9833333492279053
constant_ild,2701,0.0003,6,4,011110,False,False,False,0.25036630034446716,0.9416666626930237,0.16572579741477966,-0.04166668653488159,0.0846405029296875,0.9833333492279053
constant_ild,2701,0.0003,6,4,011101,False,False,False,0.25169897079467773,0.9388889074325562,0.16705846786499023,-0.04444444179534912,0.0846405029296875,0.9833333492279053
constant_ild,2701,0.0003,6,4,011011,False,False,False,0.2545469105243683,0.9361110925674438,0.1699064075946808,-0.047222256660461426,0.0846405029296875,0.9833333492279053
constant_ild,2701,0.0003,6,4,010111,False,False,False,0.27219158411026,0.9388889074325562,0.1875510811805725,-0.04444444179534912,0.0846405029296875,0.9833333492279053
constant_ild,2701,0.0003,6,4,001111,False,False,False,0.30798664689064026,0.8999999761581421,0.22334614396095276,-0.08333337306976318,0.0846405029296875,0.9833333492279053
constant_ild,2701,0.0003,6,5,111110,True,True,False,0.08458580076694489,0.9833333492279053,-5.4702162742614746e-05,0.0,0.0846405029296875,0.9833333492279053
constant_ild,2701,0.0003,6,5,111101,False,True,False,0.08555418998003006,0.9833333492279053,0.0009136870503425598,0.0,0.0846405029296875,0.9833333492279053
constant_ild,2701,0.0003,6,5,111011,False,True,False,0.08769470453262329,0.980555534362793,0.003054201602935791,-0.0027778148651123047,0.0846405029296875,0.9833333492279053
constant_ild,2701,0.0003,6,5,110111,False,True,False,0.07935899496078491,0.9861111044883728,-0.005281507968902588,0.0027777552604675293,0.0846405029296875,0.9833333492279053
constant_ild,2701,0.0003,6,5,101111,False,True,False,0.08093810081481934,0.980555534362793,-0.003702402114868164,-0.0027778148651123047,0.0846405029296875,0.9833333492279053
constant_ild,2701,0.0003,6,5,011111,False,False,False,0.2517452538013458,0.9361110925674438,0.16710475087165833,-0.047222256660461426,0.0846405029296875,0.9833333492279053
constant_ild,2701,0.0003,6,6,111111,True,True,False,0.0846405029296875,0.9833333492279053,0.0,0.0,0.0846405029296875,0.9833333492279053
decreasing_ild,2701,0.0003,6,1,100000,True,True,False,0.5138036608695984,0.9305555820465088,0.42945531755685806,-0.052777767181396484,0.08434834331274033,0.9833333492279053
decreasing_ild,2701,0.0003,6,1,010000,False,False,False,0.6244958639144897,0.875,0.5401475206017494,-0.10833334922790527,0.08434834331274033,0.9833333492279053
decreasing_ild,2701,0.0003,6,1,001000,False,False,False,0.7197615504264832,0.8055555820465088,0.6354132071137428,-0.17777776718139648,0.08434834331274033,0.9833333492279053
decreasing_ild,2701,0.0003,6,1,000100,False,False,False,0.7124935388565063,0.8416666388511658,0.628145195543766,-0.1416667103767395,0.08434834331274033,0.9833333492279053
decreasing_ild,2701,0.0003,6,1,000010,False,False,False,0.8761220574378967,0.75,0.7917737141251564,-0.23333334922790527,0.08434834331274033,0.9833333492279053
decreasing_ild,2701,0.0003,6,1,000001,False,False,False,0.9894406795501709,0.7222222089767456,0.9050923362374306,-0.26111114025115967,0.08434834331274033,0.9833333492279053
decreasing_ild,2701,0.0003,6,2,110000,True,True,False,0.1885063648223877,0.980555534362793,0.10415802150964737,-0.0027778148651123047,0.08434834331274033,0.9833333492279053
decreasing_ild,2701,0.0003,6,2,101000,False,True,False,0.19423459470272064,0.9694444537162781,0.10988625138998032,-0.013888895511627197,0.08434834331274033,0.9833333492279053
decreasing_ild,2701,0.0003,6,2,100100,False,True,False,0.20931556820869446,0.9750000238418579,0.12496722489595413,-0.008333325386047363,0.08434834331274033,0.9833333492279053
decreasing_ild,2701,0.0003,6,2,100010,False,True,False,0.2424296736717224,0.9583333134651184,0.1580813303589821,-0.025000035762786865,0.08434834331274033,0.9833333492279053
decreasing_ild,2701,0.0003,6,2,100001,False,True,False,0.26914674043655396,0.9638888835906982,0.18479839712381363,-0.01944446563720703,0.08434834331274033,0.9833333492279053
decreasing_ild,2701,0.0003,6,2,011000,False,False,False,0.3566015362739563,0.9277777671813965,0.272253192961216,-0.05555558204650879,0.08434834331274033,0.9833333492279053
decreasing_ild,2701,0.0003,6,2,010100,False,False,False,0.3406696915626526,0.9194444417953491,0.25632134824991226,-0.06388890743255615,0.08434834331274033,0.9833333492279053
decreasing_ild,2701,0.0003,6,2,010010,False,False,False,0.38683611154556274,0.9055555462837219,0.3024877682328224,-0.07777780294418335,0.08434834331274033,0.9833333492279053
decreasing_ild,2701,0.0003,6,2,010001,False,False,False,0.39525502920150757,0.9222221970558167,0.31090668588876724,-0.06111115217208862,0.08434834331274033,0.9833333492279053
decreasing_ild,2701,0.0003,6,2,001100,False,False,False,0.40012049674987793,0.8999999761581421,0.3157721534371376,-0.08333337306976318,0.08434834331274033,0.9833333492279053
decreasing_ild,2701,0.0003,6,2,001010,False,False,False,0.4630764126777649,0.8722222447395325,0.37872806936502457,-0.1111111044883728,0.08434834331274033,0.9833333492279053
decreasing_ild,2701,0.0003,6,2,001001,False,False,False,0.5068858861923218,0.8500000238418579,0.42253754287958145,-0.13333332538604736,0.08434834331274033,0.9833333492279053
decreasing_ild,2701,0.0003,6,2,000110,False,False,False,0.49617817997932434,0.8694444298744202,0.411829836666584,-0.11388891935348511,0.08434834331274033,0.9833333492279053
decreasing_ild,2701,0.0003,6,2,000101,False,False,False,0.5105995535850525,0.8694444298744202,0.42625121027231216,-0.11388891935348511,0.08434834331274033,0.9833333492279053
decreasing_ild,2701,0.0003,6,2,000011,False,False,False,0.6352310180664062,0.8222222328186035,0.5508826747536659,-0.16111111640930176,0.08434834331274033,0.9833333492279053
decreasing_ild,2701,0.0003,6,3,111000,True,True,False,0.1136460229754448,0.9833333492279053,0.029297679662704468,0.0,0.08434834331274033,0.9833333492279053
decreasing_ild,2701,0.0003,6,3,110100,False,True,False,0.10868305712938309,0.9861111044883728,0.02433471381664276,0.0027777552604675293,0.08434834331274033,0.9833333492279053
decreasing_ild,2701,0.0003,6,3,110010,False,True,False,0.11685338616371155,0.9861111044883728,0.03250504285097122,0.0027777552604675293,0.08434834331274033,0.9833333492279053
decreasing_ild,2701,0.0003,6,3,110001,False,True,False,0.12214045226573944,0.9861111044883728,0.037792108952999115,0.0027777552604675293,0.08434834331274033,0.9833333492279053
decreasing_ild,2701,0.0003,6,3,101100,False,True,False,0.1161024421453476,0.9777777791023254,0.03175409883260727,-0.005555570125579834,0.08434834331274033,0.9833333492279053
decreasing_ild,2701,0.0003,6,3,101010,False,True,True,0.125650092959404,0.9777777791023254,0.041301749646663666,-0.005555570125579834,0.08434834331274033,0.9833333492279053
decreasing_ild,2701,0.0003,6,3,101001,False,True,False,0.12999564409255981,0.9833333492279053,0.04564730077981949,0.0,0.08434834331274033,0.9833333492279053
decreasing_ild,2701,0.0003,6,3,100110,False,True,False,0.14011545479297638,0.9777777791023254,0.05576711148023605,-0.005555570125579834,0.08434834331274033,0.9833333492279053
decreasing_ild,2701,0.0003,6,3,100101,False,True,False,0.14232051372528076,0.9833333492279053,0.057972170412540436,0.0,0.08434834331274033,0.9833333492279053
decreasing_ild,2701,0.0003,6,3,100011,False,True,False,0.16311220824718475,0.9750000238418579,0.07876386493444443,-0.008333325386047363,0.08434834331274033,0.9833333492279053
decreasing_ild,2701,0.0003,6,3,011100,False,False,False,0.2694850564002991,0.9305555820465088,0.18513671308755875,-0.052777767181396484,0.08434834331274033,0.9833333492279053
decreasing_ild,2701,0.0003,6,3,011010,False,False,False,0.27782493829727173,0.9305555820465088,0.1934765949845314,-0.052777767181396484,0.08434834331274033,0.9833333492279053
decreasing_ild,2701,0.0003,6,3,011001,False,False,False,0.2814491391181946,0.9333333373069763,0.19710079580545425,-0.050000011920928955,0.08434834331274033,0.9833333492279053
decreasing_ild,2701,0.0003,6,3,010110,False,False,False,0.2836602032184601,0.9277777671813965,0.19931185990571976,-0.05555558204650879,0.08434834331274033,0.9833333492279053
decreasing_ild,2701,0.0003,6,3,010101,False,False,True,0.2857615053653717,0.9333333373069763,0.20141316205263138,-0.050000011920928955,0.08434834331274033,0.9833333492279053
decreasing_ild,2701,0.0003,6,3,010011,False,False,False,0.30841514468193054,0.9333333373069763,0.22406680136919022,-0.050000011920928955,0.08434834331274033,0.9833333492279053
decreasing_ild,2701,0.0003,6,3,001110,False,False,False,0.3315128684043884,0.9083333611488342,0.2471645250916481,-0.07499998807907104,0.08434834331274033,0.9833333492279053
decreasing_ild,2701,0.0003,6,3,001101,False,False,False,0.33451521396636963,0.9055555462837219,0.2501668706536293,-0.07777780294418335,0.08434834331274033,0.9833333492279053
decreasing_ild,2701,0.0003,6,3,001011,False,False,False,0.3814965486526489,0.8833333253860474,0.2971482053399086,-0.10000002384185791,0.08434834331274033,0.9833333492279053
decreasing_ild,2701,0.0003,6,3,000111,False,False,False,0.42216333746910095,0.8861111402511597,0.3378149941563606,-0.0972222089767456,0.08434834331274033,0.9833333492279053
decreasing_ild,2701,0.0003,6,4,111100,True,True,False,0.09163065999746323,0.9833333492279053,0.0072823166847229,0.0,0.08434834331274033,0.9833333492279053
decreasing_ild,2701,0.0003,6,4,111010,False,True,False,0.09377764910459518,0.980555534362793,0.009429305791854858,-0.0027778148651123047,0.08434834331274033,0.9833333492279053
decreasing_ild,2701,0.0003,6,4,111001,False,True,False,0.09513188153505325,0.980555534362793,0.010783538222312927,-0.0027778148651123047,0.08434834331274033,0.9833333492279053
decreasing_ild,2701,0.0003,6,4,110110,False,True,False,0.08856681734323502,0.9861111044883728,0.00421847403049469,0.0027777552604675293,0.08434834331274033,0.9833333492279053
decreasing_ild,2701,0.0003,6,4,110101,False,True,False,0.09037323296070099,0.9861111044883728,0.006024889647960663,0.0027777552604675293,0.08434834331274033,0.9833333492279053
decreasing_ild,2701,0.0003,6,4,110011,False,True,False,0.09524688869714737,0.9861111044883728,0.010898545384407043,0.0027777552604675293,0.08434834331274033,0.9833333492279053
decreasing_ild,2701,0.0003,6,4,101110,False,True,False,0.09495712071657181,0.980555534362793,0.010608777403831482,-0.0027778148651123047,0.08434834331274033,0.9833333492279053
decreasing_ild,2701,0.0003,6,4,101101,False,True,False,0.09587541222572327,0.9833333492279053,0.01152706891298294,0.0,0.08434834331274033,0.9833333492279053
decreasing_ild,2701,0.0003,6,4,101011,False,True,False,0.1026277095079422,0.980555534362793,0.018279366195201874,-0.0027778148651123047,0.08434834331274033,0.9833333492279053
decreasing_ild,2701,0.0003,6,4,100111,False,True,False,0.11637020856142044,0.980555534362793,0.032021865248680115,-0.0027778148651123047,0.08434834331274033,0.9833333492279053
decreasing_ild,2701,0.0003,6,4,011110,False,False,False,0.2515484392642975,0.9333333373069763,0.16720009595155716,-0.050000011920928955,0.08434834331274033,0.9833333492279053
decreasing_ild,2701,0.0003,6,4,011101,False,False,False,0.2517804503440857,0.9333333373069763,0.16743210703134537,-0.050000011920928955,0.08434834331274033,0.9833333492279053
decreasing_ild,2701,0.0003,6,4,011011,False,False,False,0.2549481987953186,0.9388889074325562,0.17059985548257828,-0.04444444179534912,0.08434834331274033,0.9833333492279053
decreasing_ild,2701,0.0003,6,4,010111,False,False,False,0.27129000425338745,0.9305555820465088,0.18694166094064713,-0.052777767181396484,0.08434834331274033,0.9833333492279053
decreasing_ild,2701,0.0003,6,4,001111,False,False,False,0.3103170096874237,0.9055555462837219,0.22596866637468338,-0.07777780294418335,0.08434834331274033,0.9833333492279053
decreasing_ild,2701,0.0003,6,5,111110,True,True,False,0.08523429185152054,0.9833333492279053,0.0008859485387802124,0.0,0.08434834331274033,0.9833333492279053
decreasing_ild,2701,0.0003,6,5,111101,False,True,False,0.08614267408847809,0.9833333492279053,0.0017943307757377625,0.0,0.08434834331274033,0.9833333492279053
decreasing_ild,2701,0.0003,6,5,111011,False,True,False,0.08832871168851852,0.980555534362793,0.003980368375778198,-0.0027778148651123047,0.08434834331274033,0.9833333492279053
decreasing_ild,2701,0.0003,6,5,110111,False,True,False,0.08193214237689972,0.9861111044883728,-0.0024162009358406067,0.0027777552604675293,0.08434834331274033,0.9833333492279053
decreasing_ild,2701,0.0003,6,5,101111,False,True,False,0.08724380284547806,0.980555534362793,0.002895459532737732,-0.0027778148651123047,0.08434834331274033,0.9833333492279053
decreasing_ild,2701,0.0003,6,5,011111,False,False,False,0.24930259585380554,0.9361110925674438,0.16495425254106522,-0.047222256660461426,0.08434834331274033,0.9833333492279053
decreasing_ild,2701,0.0003,6,6,111111,True,True,False,0.08434834331274033,0.9833333492279053,0.0,0.0,0.08434834331274033,0.9833333492279053
dense3,2701,0.0003,3,1,100,True,True,False,0.6583400964736938,0.8861111402511597,0.572883278131485,-0.0944443941116333,0.08545681834220886,0.980555534362793
dense3,2701,0.0003,3,1,010,False,False,True,0.5645221471786499,0.8777777552604675,0.47906532883644104,-0.10277777910232544,0.08545681834220886,0.980555534362793
dense3,2701,0.0003,3,1,001,False,False,False,0.9121921062469482,0.7194444537162781,0.8267352879047394,-0.2611110806465149,0.08545681834220886,0.980555534362793
dense3,2701,0.0003,3,2,110,True,True,False,0.17566950619220734,0.9777777791023254,0.09021268784999847,-0.0027777552604675293,0.08545681834220886,0.980555534362793
dense3,2701,0.0003,3,2,101,False,True,True,0.24583275616168976,0.9333333373069763,0.1603759378194809,-0.04722219705581665,0.08545681834220886,0.980555534362793
dense3,2701,0.0003,3,2,011,False,False,False,0.30938446521759033,0.9111111164093018,0.22392764687538147,-0.06944441795349121,0.08545681834220886,0.980555534362793
dense3,2701,0.0003,3,3,111,True,True,False,0.08545681834220886,0.980555534362793,0.0,0.0,0.08545681834220886,0.980555534362793
dense6,2702,0.0003,6,1,100000,True,True,False,1.2276183366775513,0.7083333134651184,1.1539062932133675,-0.27500003576278687,0.07371204346418381,0.9833333492279053
dense6,2702,0.0003,6,1,010000,False,False,False,1.1599756479263306,0.6944444179534912,1.0862636044621468,-0.28888893127441406,0.07371204346418381,0.9833333492279053
dense6,2702,0.0003,6,1,001000,False,False,False,1.254124402999878,0.6722221970558167,1.1804123595356941,-0.3111111521720886,0.07371204346418381,0.9833333492279053
dense6,2702,0.0003,6,1,000100,False,False,False,1.1803216934204102,0.7083333134651184,1.1066096499562263,-0.27500003576278687,0.07371204346418381,0.9833333492279053
dense6,2702,0.0003,6,1,000010,False,False,False,1.201048493385315,0.6611111164093018,1.1273364499211311,-0.3222222328186035,0.07371204346418381,0.9833333492279053
dense6,2702,0.0003,6,1,000001,False,False,False,1.1914374828338623,0.644444465637207,1.1177254393696785,-0.33888888359069824,0.07371204346418381,0.9833333492279053
dense6,2702,0.0003,6,2,110000,True,True,False,0.6902382969856262,0.8999999761581421,0.6165262535214424,-0.08333337306976318,0.07371204346418381,0.9833333492279053
dense6,2702,0.0003,6,2,101000,False,True,False,0.6859866380691528,0.894444465637207,0.612274594604969,-0.08888888359069824,0.07371204346418381,0.9833333492279053
dense6,2702,0.0003,6,2,100100,False,True,False,0.6924465298652649,0.875,0.6187344864010811,-0.10833334922790527,0.07371204346418381,0.9833333492279053
dense6,2702,0.0003,6,2,100010,False,True,False,0.6065055131912231,0.8638888597488403,0.5327934697270393,-0.11944448947906494,0.07371204346418381,0.9833333492279053
dense6,2702,0.0003,6,2,100001,False,True,False,0.6647765040397644,0.8416666388511658,0.5910644605755806,-0.1416667103767395,0.07371204346418381,0.9833333492279053
dense6,2702,0.0003,6,2,011000,False,False,False,0.685405969619751,0.8694444298744202,0.6116939261555672,-0.11388891935348511,0.07371204346418381,0.9833333492279053
dense6,2702,0.0003,6,2,010100,False,False,False,0.672631561756134,0.8583333492279053,0.5989195182919502,-0.125,0.07371204346418381,0.9833333492279053
dense6,2702,0.0003,6,2,010010,False,False,False,0.6637913584709167,0.8194444179534912,0.5900793150067329,-0.16388893127441406,0.07371204346418381,0.9833333492279053
dense6,2702,0.0003,6,2,010001,False,False,False,0.6406269073486328,0.8444444537162781,0.566914863884449,-0.1388888955116272,0.07371204346418381,0.9833333492279053
dense6,2702,0.0003,6,2,001100,False,False,False,0.772734522819519,0.8166666626930237,0.6990224793553352,-0.1666666865348816,0.07371204346418381,0.9833333492279053
dense6,2702,0.0003,6,2,001010,False,False,False,0.7979238629341125,0.7861111164093018,0.7242118194699287,-0.19722223281860352,0.07371204346418381,0.9833333492279053
dense6,2702,0.0003,6,2,001001,False,False,False,0.8076023459434509,0.75,0.7338903024792671,-0.23333334922790527,0.07371204346418381,0.9833333492279053
dense6,2702,0.0003,6,2,000110,False,False,False,0.7472514510154724,0.8055555820465088,0.6735394075512886,-0.17777776718139648,0.07371204346418381,0.9833333492279053
dense6,2702,0.0003,6,2,000101,False,False,False,0.7790914177894592,0.7749999761581421,0.7053793743252754,-0.20833337306976318,0.07371204346418381,0.9833333492279053
dense6,2702,0.0003,6,2,000011,False,False,False,0.8263565897941589,0.730555534362793,0.7526445463299751,-0.2527778148651123,0.07371204346418381,0.9833333492279053
dense6,2702,0.0003,6,3,111000,True,True,False,0.3456968665122986,0.9583333134651184,0.2719848230481148,-0.025000035762786865,0.07371204346418381,0.9833333492279053
dense6,2702,0.0003,6,3,110100,False,True,False,0.3243715763092041,0.9527778029441833,0.2506595328450203,-0.030555546283721924,0.07371204346418381,0.9833333492279053
dense6,2702,0.0003,6,3,110010,False,True,False,0.30216217041015625,0.9416666626930237,0.22845012694597244,-0.04166668653488159,0.07371204346418381,0.9833333492279053
dense6,2702,0.0003,6,3,110001,False,True,False,0.32267436385154724,0.9388889074325562,0.24896232038736343,-0.04444444179534912,0.07371204346418381,0.9833333492279053
dense6,2702,0.0003,6,3,101100,False,True,False,0.37575700879096985,0.9305555820465088,0.30204496532678604,-0.052777767181396484,0.07371204346418381,0.9833333492279053
dense6,2702,0.0003,6,3,101010,False,True,True,0.329135000705719,0.9333333373069763,0.2554229572415352,-0.050000011920928955,0.07371204346418381,0.9833333492279053
dense6,2702,0.0003,6,3,101001,False,True,False,0.3412925601005554,0.9277777671813965,0.2675805166363716,-0.05555558204650879,0.07371204346418381,0.9833333492279053
dense6,2702,0.0003,6,3,100110,False,True,False,0.35916730761528015,0.9166666865348816,0.28545526415109634,-0.06666666269302368,0.07371204346418381,0.9833333492279053
dense6,2702,0.0003,6,3,100101,False,True,False,0.38794779777526855,0.9027777910232544,0.31423575431108475,-0.08055555820465088,0.07371204346418381,0.9833333492279053
dense6,2702,0.0003,6,3,100011,False,True,False,0.3728058338165283,0.8972222208976746,0.2990937903523445,-0.08611112833023071,0.07371204346418381,0.9833333492279053
dense6,2702,0.0003,6,3,011100,False,False,False,0.3882855772972107,0.925000011920929,0.3145735338330269,-0.05833333730697632,0.07371204346418381,0.9833333492279053
dense6,2702,0.0003,6,3,011010,False,False,False,0.3923989236354828,0.9138888716697693,0.318686880171299,-0.06944447755813599,0.07371204346418381,0.9833333492279053
dense6,2702,0.0003,6,3,011001,False,False,False,0.3760843873023987,0.9138888716697693,0.3023723438382149,-0.06944447755813599,0.07371204346418381,0.9833333492279053
dense6,2702,0.0003,6,3,010110,False,False,False,0.37443995475769043,0.9055555462837219,0.3007279112935066,-0.07777780294418335,0.07371204346418381,0.9833333492279053
dense6,2702,0.0003,6,3,010101,False,False,True,0.3858606517314911,0.8916666507720947,0.3121486082673073,-0.09166669845581055,0.07371204346418381,0.9833333492279053
dense6,2702,0.0003,6,3,010011,False,False,False,0.46173417568206787,0.8611111044883728,0.38802213221788406,-0.12222224473953247,0.07371204346418381,0.9833333492279053
dense6,2702,0.0003,6,3,001110,False,False,False,0.5373193025588989,0.8277778029441833,0.4636072590947151,-0.15555554628372192,0.07371204346418381,0.9833333492279053
dense6,2702,0.0003,6,3,001101,False,False,False,0.5634517669677734,0.8416666388511658,0.48973972350358963,-0.1416667103767395,0.07371204346418381,0.9833333492279053
dense6,2702,0.0003,6,3,001011,False,False,False,0.604875922203064,0.8194444179534912,0.5311638787388802,-0.16388893127441406,0.07371204346418381,0.9833333492279053
dense6,2702,0.0003,6,3,000111,False,False,False,0.6248932480812073,0.7944444417953491,0.5511812046170235,-0.18888890743255615,0.07371204346418381,0.9833333492279053
dense6,2702,0.0003,6,4,111100,True,True,False,0.17135994136333466,0.980555534362793,0.09764789789915085,-0.0027778148651123047,0.07371204346418381,0.9833333492279053
dense6,2702,0.0003,6,4,111010,False,True,False,0.15062230825424194,0.9722222089767456,0.07691026479005814,-0.011111140251159668,0.07371204346418381,0.9833333492279053
dense6,2702,0.0003,6,4,111001,False,True,False,0.15146897733211517,0.980555534362793,0.07775693386793137,-0.0027778148651123047,0.07371204346418381,0.9833333492279053
dense6,2702,0.0003,6,4,110110,False,True,False,0.14482904970645905,0.9722222089767456,0.07111700624227524,-0.011111140251159668,0.07371204346418381,0.9833333492279053
dense6,2702,0.0003,6,4,110101,False,True,False,0.14992736279964447,0.9777777791023254,0.07621531933546066,-0.005555570125579834,0.07371204346418381,0.9833333492279053
dense6,2702,0.0003,6,4,110011,False,True,False,0.18606731295585632,0.9555555582046509,0.11235526949167252,-0.027777791023254395,0.07371204346418381,0.9833333492279053
dense6,2702,0.0003,6,4,101110,False,True,False,0.20619136095046997,0.949999988079071,0.13247931748628616,-0.03333336114883423,0.07371204346418381,0.9833333492279053
dense6,2702,0.0003,6,4,101101,False,True,False,0.2177467942237854,0.9555555582046509,0.1440347507596016,-0.027777791023254395,0.07371204346418381,0.9833333492279053
dense6,2702,0.0003,6,4,101011,False,True,False,0.22466786205768585,0.9305555820465088,0.15095581859350204,-0.052777767181396484,0.07371204346418381,0.9833333492279053
dense6,2702,0.0003,6,4,100111,False,True,False,0.26103779673576355,0.925000011920929,0.18732575327157974,-0.05833333730697632,0.07371204346418381,0.9833333492279053
dense6,2702,0.0003,6,4,011110,False,False,False,0.23746827244758606,0.9444444179534912,0.16375622898340225,-0.03888893127441406,0.07371204346418381,0.9833333492279053
dense6,2702,0.0003,6,4,011101,False,False,False,0.23896969854831696,0.9361110925674438,0.16525765508413315,-0.047222256660461426,0.07371204346418381,0.9833333492279053
dense6,2702,0.0003,6,4,011011,False,False,False,0.2975655794143677,0.9222221970558167,0.22385353595018387,-0.06111115217208862,0.07371204346418381,0.9833333492279053
dense6,2702,0.0003,6,4,010111,False,False,False,0.2885560095310211,0.9138888716697693,0.2148439660668373,-0.06944447755813599,0.07371204346418381,0.9833333492279053
dense6,2702,0.0003,6,4,001111,False,False,False,0.5045068264007568,0.8333333134651184,0.43079478293657303,-0.15000003576278687,0.07371204346418381,0.9833333492279053
dense6,2702,0.0003,6,5,111110,True,True,False,0.08876786381006241,0.9861111044883728,0.015055820345878601,0.0027777552604675293,0.07371204346418381,0.9833333492279053
dense6,2702,0.0003,6,5,111101,False,True,False,0.09291940182447433,0.9833333492279053,0.019207358360290527,0.0,0.07371204346418381,0.9833333492279053
dense6,2702,0.0003,6,5,111011,False,True,False,0.10414326190948486,0.9750000238418579,0.030431218445301056,-0.008333325386047363,0.07371204346418381,0.9833333492279053
dense6,2702,0.0003,6,5,110111,False,True,False,0.10288241505622864,0.9777777791023254,0.02917037159204483,-0.005555570125579834,0.07371204346418381,0.9833333492279053
dense6,2702,0.0003,6,5,101111,False,True,False,0.16326217353343964,0.9611111283302307,0.08955013006925583,-0.02222222089767456,0.07371204346418381,0.9833333492279053
dense6,2702,0.0003,6,5,011111,False,False,False,0.20039409399032593,0.9388889074325562,0.12668205052614212,-0.04444444179534912,0.07371204346418381,0.9833333492279053
dense6,2702,0.0003,6,6,111111,True,True,False,0.07371204346418381,0.9833333492279053,0.0,0.0,0.07371204346418381,0.9833333492279053
constant_ild,2702,0.0003,6,1,100000,True,True,False,0.6332575082778931,0.9083333611488342,0.5525079295039177,-0.07222217321395874,0.08074957877397537,0.980555534362793
constant_ild,2702,0.0003,6,1,010000,False,False,False,0.6675456762313843,0.875,0.5867960974574089,-0.10555553436279297,0.08074957877397537,0.980555534362793
constant_ild,2702,0.0003,6,1,001000,False,False,False,0.7636537551879883,0.855555534362793,0.6829041764140129,-0.125,0.08074957877397537,0.980555534362793
constant_ild,2702,0.0003,6,1,000100,False,False,False,0.7942945957183838,0.8333333134651184,0.7135450169444084,-0.14722222089767456,0.08074957877397537,0.980555534362793
constant_ild,2702,0.0003,6,1,000010,False,False,False,0.8595994114875793,0.7888888716697693,0.778849832713604,-0.19166666269302368,0.08074957877397537,0.980555534362793
constant_ild,2702,0.0003,6,1,000001,False,False,False,0.8657099604606628,0.7944444417953491,0.7849603816866875,-0.18611109256744385,0.08074957877397537,0.980555534362793
constant_ild,2702,0.0003,6,2,110000,True,True,False,0.23476746678352356,0.9750000238418579,0.1540178880095482,-0.005555510520935059,0.08074957877397537,0.980555534362793
constant_ild,2702,0.0003,6,2,101000,False,True,False,0.23129482567310333,0.9666666388511658,0.15054524689912796,-0.013888895511627197,0.08074957877397537,0.980555534362793
constant_ild,2702,0.0003,6,2,100100,False,True,False,0.2592069208621979,0.9583333134651184,0.1784573420882225,-0.02222222089767456,0.08074957877397537,0.980555534362793
constant_ild,2702,0.0003,6,2,100010,False,True,False,0.2599918842315674,0.949999988079071,0.179242305457592,-0.030555546283721924,0.08074957877397537,0.980555534362793
constant_ild,2702,0.0003,6,2,100001,False,True,False,0.29479703307151794,0.949999988079071,0.21404745429754257,-0.030555546283721924,0.08074957877397537,0.980555534362793
constant_ild,2702,0.0003,6,2,011000,False,False,False,0.34664076566696167,0.9388889074325562,0.2658911868929863,-0.041666626930236816,0.08074957877397537,0.980555534362793
constant_ild,2702,0.0003,6,2,010100,False,False,False,0.35960349440574646,0.9027777910232544,0.2788539156317711,-0.07777774333953857,0.08074957877397537,0.980555534362793
constant_ild,2702,0.0003,6,2,010010,False,False,False,0.3631792664527893,0.9194444417953491,0.28242968767881393,-0.06111109256744385,0.08074957877397537,0.980555534362793
constant_ild,2702,0.0003,6,2,010001,False,False,False,0.37572893500328064,0.9083333611488342,0.29497935622930527,-0.07222217321395874,0.08074957877397537,0.980555534362793
constant_ild,2702,0.0003,6,2,001100,False,False,False,0.44234535098075867,0.894444465637207,0.3615957722067833,-0.08611106872558594,0.08074957877397537,0.980555534362793
constant_ild,2702,0.0003,6,2,001010,False,False,False,0.4638129770755768,0.8916666507720947,0.3830633983016014,-0.08888888359069824,0.08074957877397537,0.980555534362793
constant_ild,2702,0.0003,6,2,001001,False,False,False,0.4805782735347748,0.8888888955116272,0.3998286947607994,-0.09166663885116577,0.08074957877397537,0.980555534362793
constant_ild,2702,0.0003,6,2,000110,False,False,False,0.4942187964916229,0.8666666746139526,0.41346921771764755,-0.11388885974884033,0.08074957877397537,0.980555534362793
constant_ild,2702,0.0003,6,2,000101,False,False,False,0.5223302841186523,0.8638888597488403,0.44158070534467697,-0.11666667461395264,0.08074957877397537,0.980555534362793
constant_ild,2702,0.0003,6,2,000011,False,False,False,0.5485044121742249,0.8583333492279053,0.4677548334002495,-0.1222221851348877,0.08074957877397537,0.980555534362793
constant_ild,2702,0.0003,6,3,111000,True,True,False,0.11793322116136551,0.9833333492279053,0.03718364238739014,0.0027778148651123047,0.08074957877397537,0.980555534362793
constant_ild,2702,0.0003,6,3,110100,False,True,False,0.11847545951604843,0.980555534362793,0.03772588074207306,0.0,0.08074957877397537,0.980555534362793
constant_ild,2702,0.0003,6,3,110010,False,True,False,0.11760151386260986,0.9750000238418579,0.03685193508863449,-0.005555510520935059,0.08074957877397537,0.980555534362793
constant_ild,2702,0.0003,6,3,110001,False,True,False,0.12841607630252838,0.9750000238418579,0.04766649752855301,-0.005555510520935059,0.08074957877397537,0.980555534362793
constant_ild,2702,0.0003,6,3,101100,False,True,False,0.13058535754680634,0.9750000238418579,0.04983577877283096,-0.005555510520935059,0.08074957877397537,0.980555534362793
constant_ild,2702,0.0003,6,3,101010,False,True,True,0.127547487616539,0.9722222089767456,0.04679790884256363,-0.008333325386047363,0.08074957877397537,0.980555534362793
constant_ild,2702,0.0003,6,3,101001,False,True,False,0.13427259027957916,0.9750000238418579,0.05352301150560379,-0.005555510520935059,0.08074957877397537,0.980555534362793
constant_ild,2702,0.0003,6,3,100110,False,True,False,0.15009212493896484,0.9666666388511658,0.06934254616498947,-0.013888895511627197,0.08074957877397537,0.980555534362793
constant_ild,2702,0.0003,6,3,100101,False,True,False,0.1598139852285385,0.9666666388511658,0.07906440645456314,-0.013888895511627197,0.08074957877397537,0.980555534362793
constant_ild,2702,0.0003,6,3,100011,False,True,False,0.16857029497623444,0.9611111283302307,0.08782071620225906,-0.019444406032562256,0.08074957877397537,0.980555534362793
constant_ild,2702,0.0003,6,3,011100,False,False,False,0.25652557611465454,0.9361110925674438,0.17577599734067917,-0.04444444179534912,0.08074957877397537,0.980555534362793
constant_ild,2702,0.0003,6,3,011010,False,False,False,0.25647827982902527,0.9388889074325562,0.1757287010550499,-0.041666626930236816,0.08074957877397537,0.980555534362793
constant_ild,2702,0.0003,6,3,011001,False,False,False,0.2593231499195099,0.9333333373069763,0.17857357114553452,-0.04722219705581665,0.08074957877397537,0.980555534362793
constant_ild,2702,0.0003,6,3,010110,False,False,False,0.264376163482666,0.925000011920929,0.18362658470869064,-0.055555522441864014,0.08074957877397537,0.980555534362793
constant_ild,2702,0.0003,6,3,010101,False,False,True,0.2776091694831848,0.9166666865348816,0.19685959070920944,-0.06388884782791138,0.08074957877397537,0.980555534362793
constant_ild,2702,0.0003,6,3,010011,False,False,False,0.27961045503616333,0.9388889074325562,0.19886087626218796,-0.041666626930236816,0.08074957877397537,0.980555534362793
constant_ild,2702,0.0003,6,3,001110,False,False,False,0.33911943435668945,0.8972222208976746,0.2583698555827141,-0.08333331346511841,0.08074957877397537,0.980555534362793
constant_ild,2702,0.0003,6,3,001101,False,False,False,0.3585255444049835,0.8916666507720947,0.27777596563100815,-0.08888888359069824,0.08074957877397537,0.980555534362793
constant_ild,2702,0.0003,6,3,001011,False,False,False,0.3551827073097229,0.894444465637207,0.27443312853574753,-0.08611106872558594,0.08074957877397537,0.980555534362793
constant_ild,2702,0.0003,6,3,000111,False,False,False,0.39730361104011536,0.8805555701255798,0.31655403226614,-0.09999996423721313,0.08074957877397537,0.980555534362793
constant_ild,2702,0.0003,6,4,111100,True,True,False,0.08941324055194855,0.9833333492279053,0.008663661777973175,0.0027778148651123047,0.08074957877397537,0.980555534362793
constant_ild,2702,0.0003,6,4,111010,False,True,False,0.08601678162813187,0.9833333492279053,0.005267202854156494,0.0027778148651123047,0.08074957877397537,0.980555534362793
constant_ild,2702,0.0003,6,4,111001,False,True,False,0.08987424522638321,0.980555534362793,0.009124666452407837,0.0,0.08074957877397537,0.980555534362793
constant_ild,2702,0.0003,6,4,110110,False,True,False,0.08908568322658539,0.980555534362793,0.008336104452610016,0.0,0.08074957877397537,0.980555534362793
constant_ild,2702,0.0003,6,4,110101,False,True,False,0.09482762217521667,0.9777777791023254,0.014078043401241302,-0.0027777552604675293,0.08074957877397537,0.980555534362793
constant_ild,2702,0.0003,6,4,110011,False,True,False,0.09650060534477234,0.980555534362793,0.015751026570796967,0.0,0.08074957877397537,0.980555534362793
constant_ild,2702,0.0003,6,4,101110,False,True,False,0.09915746003389359,0.980555534362793,0.018407881259918213,0.0,0.08074957877397537,0.980555534362793
constant_ild,2702,0.0003,6,4,101101,False,True,False,0.10229439288377762,0.980555534362793,0.021544814109802246,0.0,0.08074957877397537,0.980555534362793
constant_ild,2702,0.0003,6,4,101011,False,True,False,0.10194826126098633,0.9750000238418579,0.021198682487010956,-0.005555510520935059,0.08074957877397537,0.980555534362793
constant_ild,2702,0.0003,6,4,100111,False,True,False,0.11925302445888519,0.9722222089767456,0.03850344568490982,-0.008333325386047363,0.08074957877397537,0.980555534362793
constant_ild,2702,0.0003,6,4,011110,False,False,False,0.22936946153640747,0.949999988079071,0.1486198827624321,-0.030555546283721924,0.08074957877397537,0.980555534362793
constant_ild,2702,0.0003,6,4,011101,False,False,False,0.23163403570652008,0.9333333373069763,0.1508844569325447,-0.04722219705581665,0.08074957877397537,0.980555534362793
constant_ild,2702,0.0003,6,4,011011,False,False,False,0.23190321028232574,0.9416666626930237,0.15115363150835037,-0.03888887166976929,0.08074957877397537,0.980555534362793
constant_ild,2702,0.0003,6,4,010111,False,False,False,0.23750627040863037,0.9305555820465088,0.156756691634655,-0.04999995231628418,0.08074957877397537,0.980555534362793
constant_ild,2702,0.0003,6,4,001111,False,False,False,0.30429184436798096,0.9027777910232544,0.22354226559400558,-0.07777774333953857,0.08074957877397537,0.980555534362793
constant_ild,2702,0.0003,6,5,111110,True,True,False,0.08017643541097641,0.980555534362793,-0.0005731433629989624,0.0,0.08074957877397537,0.980555534362793
constant_ild,2702,0.0003,6,5,111101,False,True,False,0.084421306848526,0.9833333492279053,0.0036717280745506287,0.0027778148651123047,0.08074957877397537,0.980555534362793
constant_ild,2702,0.0003,6,5,111011,False,True,False,0.08040841668844223,0.9833333492279053,-0.0003411620855331421,0.0027778148651123047,0.08074957877397537,0.980555534362793
constant_ild,2702,0.0003,6,5,110111,False,True,False,0.0839889869093895,0.980555534362793,0.0032394081354141235,0.0,0.08074957877397537,0.980555534362793
constant_ild,2702,0.0003,6,5,101111,False,True,False,0.09037158638238907,0.980555534362793,0.009622007608413696,0.0,0.08074957877397537,0.980555534362793
constant_ild,2702,0.0003,6,5,011111,False,False,False,0.21874362230300903,0.949999988079071,0.13799404352903366,-0.030555546283721924,0.08074957877397537,0.980555534362793
constant_ild,2702,0.0003,6,6,111111,True,True,False,0.08074957877397537,0.980555534362793,0.0,0.0,0.08074957877397537,0.980555534362793
decreasing_ild,2702,0.0003,6,1,100000,True,True,False,0.4789382815361023,0.9305555820465088,0.39647050201892853,-0.052777767181396484,0.08246777951717377,0.9833333492279053
decreasing_ild,2702,0.0003,6,1,010000,False,False,False,0.5575819611549377,0.8972222208976746,0.475114181637764,-0.08611112833023071,0.08246777951717377,0.9833333492279053
decreasing_ild,2702,0.0003,6,1,001000,False,False,False,0.6827957034111023,0.875,0.6003279238939285,-0.10833334922790527,0.08246777951717377,0.9833333492279053
decreasing_ild,2702,0.0003,6,1,000100,False,False,False,0.7588729858398438,0.8361111283302307,0.67640520632267,-0.14722222089767456,0.08246777951717377,0.9833333492279053
decreasing_ild,2702,0.0003,6,1,000010,False,False,False,0.8340767621994019,0.7972221970558167,0.7516089826822281,-0.18611115217208862,0.08246777951717377,0.9833333492279053
decreasing_ild,2702,0.0003,6,1,000001,False,False,False,0.878525972366333,0.8027777671813965,0.7960581928491592,-0.1805555820465088,0.08246777951717377,0.9833333492279053
decreasing_ild,2702,0.0003,6,2,110000,True,True,False,0.18010179698467255,0.9833333492279053,0.09763401746749878,0.0,0.08246777951717377,0.9833333492279053
decreasing_ild,2702,0.0003,6,2,101000,False,True,False,0.18879227340221405,0.9694444537162781,0.10632449388504028,-0.013888895511627197,0.08246777951717377,0.9833333492279053
decreasing_ild,2702,0.0003,6,2,100100,False,True,False,0.22645343840122223,0.9555555582046509,0.14398565888404846,-0.027777791023254395,0.08246777951717377,0.9833333492279053
decreasing_ild,2702,0.0003,6,2,100010,False,True,False,0.22984051704406738,0.9611111283302307,0.14737273752689362,-0.02222222089767456,0.08246777951717377,0.9833333492279053
decreasing_ild,2702,0.0003,6,2,100001,False,True,False,0.2713909447193146,0.949999988079071,0.1889231652021408,-0.03333336114883423,0.08246777951717377,0.9833333492279053
decreasing_ild,2702,0.0003,6,2,011000,False,False,False,0.31222546100616455,0.9361110925674438,0.22975768148899078,-0.047222256660461426,0.08246777951717377,0.9833333492279053
decreasing_ild,2702,0.0003,6,2,010100,False,False,False,0.3398936986923218,0.9194444417953491,0.257425919175148,-0.06388890743255615,0.08246777951717377,0.9833333492279053
decreasing_ild,2702,0.0003,6,2,010010,False,False,False,0.3421752452850342,0.9333333373069763,0.2597074657678604,-0.050000011920928955,0.08246777951717377,0.9833333492279053
decreasing_ild,2702,0.0003,6,2,010001,False,False,False,0.37136971950531006,0.9055555462837219,0.2889019399881363,-0.07777780294418335,0.08246777951717377,0.9833333492279053
decreasing_ild,2702,0.0003,6,2,001100,False,False,False,0.43875667452812195,0.8888888955116272,0.3562888950109482,-0.09444445371627808,0.08246777951717377,0.9833333492279053
decreasing_ild,2702,0.0003,6,2,001010,False,False,False,0.45467066764831543,0.8861111402511597,0.37220288813114166,-0.0972222089767456,0.08246777951717377,0.9833333492279053
decreasing_ild,2702,0.0003,6,2,001001,False,False,False,0.49201294779777527,0.8972222208976746,0.4095451682806015,-0.08611112833023071,0.08246777951717377,0.9833333492279053
decreasing_ild,2702,0.0003,6,2,000110,False,False,False,0.5064496994018555,0.8638888597488403,0.4239819198846817,-0.11944448947906494,0.08246777951717377,0.9833333492279053
decreasing_ild,2702,0.0003,6,2,000101,False,False,False,0.5451167821884155,0.8583333492279053,0.46264900267124176,-0.125,0.08246777951717377,0.9833333492279053
decreasing_ild,2702,0.0003,6,2,000011,False,False,False,0.5786218643188477,0.8611111044883728,0.4961540848016739,-0.12222224473953247,0.08246777951717377,0.9833333492279053
decreasing_ild,2702,0.0003,6,3,111000,True,True,False,0.10765110701322556,0.9833333492279053,0.02518332749605179,0.0,0.08246777951717377,0.9833333492279053
decreasing_ild,2702,0.0003,6,3,110100,False,True,False,0.11179730296134949,0.9833333492279053,0.02932952344417572,0.0,0.08246777951717377,0.9833333492279053
decreasing_ild,2702,0.0003,6,3,110010,False,True,False,0.11209578812122345,0.980555534362793,0.029628008604049683,-0.0027778148651123047,0.08246777951717377,0.9833333492279053
decreasing_ild,2702,0.0003,6,3,110001,False,True,False,0.12330331653356552,0.980555534362793,0.040835537016391754,-0.0027778148651123047,0.08246777951717377,0.9833333492279053
decreasing_ild,2702,0.0003,6,3,101100,False,True,False,0.1256895214319229,0.9750000238418579,0.043221741914749146,-0.008333325386047363,0.08246777951717377,0.9833333492279053
decreasing_ild,2702,0.0003,6,3,101010,False,True,True,0.12387491762638092,0.9722222089767456,0.04140713810920715,-0.011111140251159668,0.08246777951717377,0.9833333492279053
decreasing_ild,2702,0.0003,6,3,101001,False,True,False,0.13284237682819366,0.9750000238418579,0.0503745973110199,-0.008333325386047363,0.08246777951717377,0.9833333492279053
decreasing_ild,2702,0.0003,6,3,100110,False,True,False,0.14915132522583008,0.9694444537162781,0.06668354570865631,-0.013888895511627197,0.08246777951717377,0.9833333492279053
decreasing_ild,2702,0.0003,6,3,100101,False,True,False,0.16174732148647308,0.9694444537162781,0.07927954196929932,-0.013888895511627197,0.08246777951717377,0.9833333492279053
decreasing_ild,2702,0.0003,6,3,100011,False,True,False,0.16706836223602295,0.9611111283302307,0.08460058271884918,-0.02222222089767456,0.08246777951717377,0.9833333492279053
decreasing_ild,2702,0.0003,6,3,011100,False,False,False,0.25290101766586304,0.9305555820465088,0.17043323814868927,-0.052777767181396484,0.08246777951717377,0.9833333492279053
decreasing_ild,2702,0.0003,6,3,011010,False,False,False,0.24766047298908234,0.9444444179534912,0.16519269347190857,-0.03888893127441406,0.08246777951717377,0.9833333492279053
decreasing_ild,2702,0.0003,6,3,011001,False,False,False,0.2605776786804199,0.9277777671813965,0.17810989916324615,-0.05555558204650879,0.08246777951717377,0.9833333492279053
decreasing_ild,2702,0.0003,6,3,010110,False,False,False,0.2663979232311249,0.9388889074325562,0.1839301437139511,-0.04444444179534912,0.08246777951717377,0.9833333492279053
decreasing_ild,2702,0.0003,6,3,010101,False,False,True,0.2863675355911255,0.9222221970558167,0.20389975607395172,-0.06111115217208862,0.08246777951717377,0.9833333492279053
decreasing_ild,2702,0.0003,6,3,010011,False,False,False,0.280484676361084,0.9361110925674438,0.19801689684391022,-0.047222256660461426,0.08246777951717377,0.9833333492279053
decreasing_ild,2702,0.0003,6,3,001110,False,False,False,0.35311052203178406,0.8999999761581421,0.2706427425146103,-0.08333337306976318,0.08246777951717377,0.9833333492279053
decreasing_ild,2702,0.0003,6,3,001101,False,False,False,0.37858709692955017,0.8916666507720947,0.2961193174123764,-0.09166669845581055,0.08246777951717377,0.9833333492279053
decreasing_ild,2702,0.0003,6,3,001011,False,False,False,0.37245306372642517,0.8999999761581421,0.2899852842092514,-0.08333337306976318,0.08246777951717377,0.9833333492279053
decreasing_ild,2702,0.0003,6,3,000111,False,False,False,0.4220036268234253,0.8777777552604675,0.3395358473062515,-0.10555559396743774,0.08246777951717377,0.9833333492279053
decreasing_ild,2702,0.0003,6,4,111100,True,True,False,0.08974394202232361,0.9861111044883728,0.007276162505149841,0.0027777552604675293,0.08246777951717377,0.9833333492279053
decreasing_ild,2702,0.0003,6,4,111010,False,True,False,0.08683265745639801,0.9833333492279053,0.004364877939224243,0.0,0.08246777951717377,0.9833333492279053
decreasing_ild,2702,0.0003,6,4,111001,False,True,False,0.09084197878837585,0.9833333492279053,0.008374199271202087,0.0,0.08246777951717377,0.9833333492279053
decreasing_ild,2702,0.0003,6,4,110110,False,True,False,0.09153097122907639,0.9777777791023254,0.009063191711902618,-0.005555570125579834,0.08246777951717377,0.9833333492279053
decreasing_ild,2702,0.0003,6,4,110101,False,True,False,0.09669825434684753,0.9777777791023254,0.014230474829673767,-0.005555570125579834,0.08246777951717377,0.9833333492279053
decreasing_ild,2702,0.0003,6,4,110011,False,True,False,0.0966334268450737,0.980555534362793,0.014165647327899933,-0.0027778148651123047,0.08246777951717377,0.9833333492279053
decreasing_ild,2702,0.0003,6,4,101110,False,True,False,0.10354717075824738,0.9777777791023254,0.02107939124107361,-0.005555570125579834,0.08246777951717377,0.9833333492279053
decreasing_ild,2702,0.0003,6,4,101101,False,True,False,0.10685998946428299,0.9777777791023254,0.024392209947109222,-0.005555570125579834,0.08246777951717377,0.9833333492279053
decreasing_ild,2702,0.0003,6,4,101011,False,True,False,0.10582520067691803,0.9777777791023254,0.023357421159744263,-0.005555570125579834,0.08246777951717377,0.9833333492279053
decreasing_ild,2702,0.0003,6,4,100111,False,True,False,0.1261448711156845,0.9694444537162781,0.04367709159851074,-0.013888895511627197,0.08246777951717377,0.9833333492279053
decreasing_ild,2702,0.0003,6,4,011110,False,False,False,0.2301022857427597,0.9444444179534912,0.14763450622558594,-0.03888893127441406,0.08246777951717377,0.9833333492279053
decreasing_ild,2702,0.0003,6,4,011101,False,False,False,0.23795615136623383,0.9305555820465088,0.15548837184906006,-0.052777767181396484,0.08246777951717377,0.9833333492279053
decreasing_ild,2702,0.0003,6,4,011011,False,False,False,0.23030036687850952,0.9416666626930237,0.14783258736133575,-0.04166668653488159,0.08246777951717377,0.9833333492279053
decreasing_ild,2702,0.0003,6,4,010111,False,False,False,0.24626386165618896,0.9416666626930237,0.1637960821390152,-0.04166668653488159,0.08246777951717377,0.9833333492279053
decreasing_ild,2702,0.0003,6,4,001111,False,False,False,0.3257392644882202,0.8999999761581421,0.24327148497104645,-0.08333337306976318,0.08246777951717377,0.9833333492279053
decreasing_ild,2702,0.0003,6,5,111110,True,True,False,0.08247149735689163,0.980555534362793,3.7178397178649902e-06,-0.0027778148651123047,0.08246777951717377,0.9833333492279053
decreasing_ild,2702,0.0003,6,5,111101,False,True,False,0.08581729978322983,0.9833333492279053,0.003349520266056061,0.0,0.08246777951717377,0.9833333492279053
decreasing_ild,2702,0.0003,6,5,111011,False,True,False,0.08219857513904572,0.9833333492279053,-0.00026920437812805176,0.0,0.08246777951717377,0.9833333492279053
decreasing_ild,2702,0.0003,6,5,110111,False,True,False,0.08738624304533005,0.980555534362793,0.0049184635281562805,-0.0027778148651123047,0.08246777951717377,0.9833333492279053
decreasing_ild,2702,0.0003,6,5,101111,False,True,False,0.09647050499916077,0.980555534362793,0.014002725481987,-0.0027778148651123047,0.08246777951717377,0.9833333492279053
decreasing_ild,2702,0.0003,6,5,011111,False,False,False,0.2231408804655075,0.9444444179534912,0.14067310094833374,-0.03888893127441406,0.08246777951717377,0.9833333492279053
decreasing_ild,2702,0.0003,6,6,111111,True,True,False,0.08246777951717377,0.9833333492279053,0.0,0.0,0.08246777951717377,0.9833333492279053
dense3,2702,0.0003,3,1,100,True,True,False,0.6056526899337769,0.8722222447395325,0.5233768224716187,-0.11388885974884033,0.0822758674621582,0.9861111044883728
dense3,2702,0.0003,3,1,010,False,False,True,0.540958046913147,0.875,0.45868217945098877,-0.1111111044883728,0.0822758674621582,0.9861111044883728
dense3,2702,0.0003,3,1,001,False,False,False,0.7500649094581604,0.7972221970558167,0.6677890419960022,-0.18888890743255615,0.0822758674621582,0.9861111044883728
dense3,2702,0.0003,3,2,110,True,True,False,0.1650572121143341,0.9777777791023254,0.0827813446521759,-0.008333325386047363,0.0822758674621582,0.9861111044883728
dense3,2702,0.0003,3,2,101,False,True,True,0.22365224361419678,0.9444444179534912,0.14137637615203857,-0.04166668653488159,0.0822758674621582,0.9861111044883728
dense3,2702,0.0003,3,2,011,False,False,False,0.28020021319389343,0.9388889074325562,0.19792434573173523,-0.04722219705581665,0.0822758674621582,0.9861111044883728
dense3,2702,0.0003,3,3,111,True,True,False,0.0822758674621582,0.9861111044883728,0.0,0.0,0.0822758674621582,0.9861111044883728
dense6,2703,0.0003,6,1,100000,True,True,False,1.302927017211914,0.625,1.2186074927449226,-0.3583333492279053,0.08431952446699142,0.9833333492279053
dense6,2703,0.0003,6,1,010000,False,False,False,1.1998817920684814,0.6972222328186035,1.11556226760149,-0.28611111640930176,0.08431952446699142,0.9833333492279053
dense6,2703,0.0003,6,1,001000,False,False,False,1.1464488506317139,0.7083333134651184,1.0621293261647224,-0.27500003576278687,0.08431952446699142,0.9833333492279053
dense6,2703,0.0003,6,1,000100,False,False,False,1.1981438398361206,0.6222222447395325,1.1138243153691292,-0.3611111044883728,0.08431952446699142,0.9833333492279053
dense6,2703,0.0003,6,1,000010,False,False,False,1.1623207330703735,0.6861110925674438,1.078001208603382,-0.2972222566604614,0.08431952446699142,0.9833333492279053
dense6,2703,0.0003,6,1,000001,False,False,False,1.3723089694976807,0.5361111164093018,1.2879894450306892,-0.4472222328186035,0.08431952446699142,0.9833333492279053
dense6,2703,0.0003,6,2,110000,True,True,False,0.6916379928588867,0.9083333611488342,0.6073184683918953,-0.07499998807907104,0.08431952446699142,0.9833333492279053
dense6,2703,0.0003,6,2,101000,False,True,False,0.6795278191566467,0.8833333253860474,0.5952082946896553,-0.10000002384185791,0.08431952446699142,0.9833333492279053
dense6,2703,0.0003,6,2,100100,False,True,False,0.7336130738258362,0.8055555820465088,0.6492935493588448,-0.17777776718139648,0.08431952446699142,0.9833333492279053
dense6,2703,0.0003,6,2,100010,False,True,False,0.677070677280426,0.855555534362793,0.5927511528134346,-0.1277778148651123,0.08431952446699142,0.9833333492279053
dense6,2703,0.0003,6,2,100001,False,True,False,0.8142234683036804,0.7416666746139526,0.729903943836689,-0.24166667461395264,0.08431952446699142,0.9833333492279053
dense6,2703,0.0003,6,2,011000,False,False,False,0.6531654596328735,0.8972222208976746,0.5688459351658821,-0.08611112833023071,0.08431952446699142,0.9833333492279053
dense6,2703,0.0003,6,2,010100,False,False,False,0.6782234907150269,0.8527777791023254,0.5939039662480354,-0.13055557012557983,0.08431952446699142,0.9833333492279053
dense6,2703,0.0003,6,2,010010,False,False,False,0.6566649675369263,0.855555534362793,0.5723454430699348,-0.1277778148651123,0.08431952446699142,0.9833333492279053
dense6,2703,0.0003,6,2,010001,False,False,False,0.7357840538024902,0.8083333373069763,0.6514645293354988,-0.17500001192092896,0.08431952446699142,0.9833333492279053
dense6,2703,0.0003,6,2,001100,False,False,False,0.6773346662521362,0.8416666388511658,0.5930151417851448,-0.1416667103767395,0.08431952446699142,0.9833333492279053
dense6,2703,0.0003,6,2,001010,False,False,False,0.6324717998504639,0.8694444298744202,0.5481522753834724,-0.11388891935348511,0.08431952446699142,0.9833333492279053
dense6,2703,0.0003,6,2,001001,False,False,False,0.7657135128974915,0.7749999761581421,0.6813939884305,-0.20833337306976318,0.08431952446699142,0.9833333492279053
dense6,2703,0.0003,6,2,000110,False,False,False,0.7465035319328308,0.7972221970558167,0.6621840074658394,-0.18611115217208862,0.08431952446699142,0.9833333492279053
dense6,2703,0.0003,6,2,000101,False,False,False,0.8983047604560852,0.7083333134651184,0.8139852359890938,-0.27500003576278687,0.08431952446699142,0.9833333492279053
dense6,2703,0.0003,6,2,000011,False,False,False,0.892513632774353,0.7250000238418579,0.8081941083073616,-0.25833332538604736,0.08431952446699142,0.9833333492279053
dense6,2703,0.0003,6,3,111000,True,True,False,0.32124340534210205,0.9694444537162781,0.23692388087511063,-0.013888895511627197,0.08431952446699142,0.9833333492279053
dense6,2703,0.0003,6,3,110100,False,True,False,0.3310512900352478,0.949999988079071,0.24673176556825638,-0.03333336114883423,0.08431952446699142,0.9833333492279053
dense6,2703,0.0003,6,3,110010,False,True,False,0.3132725954055786,0.9527778029441833,0.2289530709385872,-0.030555546283721924,0.08431952446699142,0.9833333492279053
dense6,2703,0.0003,6,3,110001,False,True,False,0.340944766998291,0.9277777671813965,0.2566252425312996,-0.05555558204650879,0.08431952446699142,0.9833333492279053
dense6,2703,0.0003,6,3,101100,False,True,False,0.3660147488117218,0.9277777671813965,0.2816952243447304,-0.05555558204650879,0.08431952446699142,0.9833333492279053
dense6,2703,0.0003,6,3,101010,False,True,True,0.3392847776412964,0.9361110925674438,0.25496525317430496,-0.047222256660461426,0.08431952446699142,0.9833333492279053
dense6,2703,0.0003,6,3,101001,False,True,False,0.42441555857658386,0.8722222447395325,0.34009603410959244,-0.1111111044883728,0.08431952446699142,0.9833333492279053
dense6,2703,0.0003,6,3,100110,False,True,False,0.40979817509651184,0.9138888716697693,0.3254786506295204,-0.06944447755813599,0.08431952446699142,0.9833333492279053
dense6,2703,0.0003,6,3,100101,False,True,False,0.5177456736564636,0.8333333134651184,0.4334261491894722,-0.15000003576278687,0.08431952446699142,0.9833333492279053
dense6,2703,0.0003,6,3,100011,False,True,False,0.4969399869441986,0.8666666746139526,0.4126204624772072,-0.11666667461395264,0.08431952446699142,0.9833333492279053
dense6,2703,0.0003,6,3,011100,False,False,False,0.36225426197052,0.9277777671813965,0.2779347375035286,-0.05555558204650879,0.08431952446699142,0.9833333492279053
dense6,2703,0.0003,6,3,011010,False,False,False,0.3718040883541107,0.9138888716697693,0.2874845638871193,-0.06944447755813599,0.08431952446699142,0.9833333492279053
dense6,2703,0.0003,6,3,011001,False,False,False,0.374921977519989,0.9166666865348816,0.2906024530529976,-0.06666666269302368,0.08431952446699142,0.9833333492279053
dense6,2703,0.0003,6,3,010110,False,False,False,0.41892552375793457,0.9055555462837219,0.33460599929094315,-0.07777780294418335,0.08431952446699142,0.9833333492279053
dense6,2703,0.0003,6,3,010101,False,False,True,0.4571637809276581,0.8805555701255798,0.37284425646066666,-0.10277777910232544,0.08431952446699142,0.9833333492279053
dense6,2703,0.0003,6,3,010011,False,False,False,0.43150511384010315,0.8722222447395325,0.3471855893731117,-0.1111111044883728,0.08431952446699142,0.9833333492279053
dense6,2703,0.0003,6,3,001110,False,False,False,0.42139676213264465,0.894444465637207,0.33707723766565323,-0.08888888359069824,0.08431952446699142,0.9833333492279053
dense6,2703,0.0003,6,3,001101,False,False,False,0.5084181427955627,0.8416666388511658,0.4240986183285713,-0.1416667103767395,0.08431952446699142,0.9833333492279053
dense6,2703,0.0003,6,3,001011,False,False,False,0.5008102059364319,0.8500000238418579,0.41649068146944046,-0.13333332538604736,0.08431952446699142,0.9833333492279053
dense6,2703,0.0003,6,3,000111,False,False,False,0.6369437575340271,0.8027777671813965,0.5526242330670357,-0.1805555820465088,0.08431952446699142,0.9833333492279053
dense6,2703,0.0003,6,4,111100,True,True,False,0.15800228714942932,0.9777777791023254,0.0736827626824379,-0.005555570125579834,0.08431952446699142,0.9833333492279053
dense6,2703,0.0003,6,4,111010,False,True,False,0.15794943273067474,0.9777777791023254,0.07362990826368332,-0.005555570125579834,0.08431952446699142,0.9833333492279053
dense6,2703,0.0003,6,4,111001,False,True,False,0.1655881702899933,0.9666666388511658,0.08126864582300186,-0.016666710376739502,0.08431952446699142,0.9833333492279053
dense6,2703,0.0003,6,4,110110,False,True,False,0.1828119456768036,0.9694444537162781,0.09849242120981216,-0.013888895511627197,0.08431952446699142,0.9833333492279053
dense6,2703,0.0003,6,4,110101,False,True,False,0.19481603801250458,0.9527778029441833,0.11049651354551315,-0.030555546283721924,0.08431952446699142,0.9833333492279053
dense6,2703,0.0003,6,4,110011,False,True,False,0.18828654289245605,0.9611111283302307,0.10396701842546463,-0.02222222089767456,0.08431952446699142,0.9833333492279053
dense6,2703,0.0003,6,4,101110,False,True,False,0.22307445108890533,0.9555555582046509,0.1387549266219139,-0.027777791023254395,0.08431952446699142,0.9833333492279053
dense6,2703,0.0003,6,4,101101,False,True,False,0.27826356887817383,0.9194444417953491,0.1939440444111824,-0.06388890743255615,0.08431952446699142,0.9833333492279053
dense6,2703,0.0003,6,4,101011,False,True,False,0.28046342730522156,0.9166666865348816,0.19614390283823013,-0.06666666269302368,0.08431952446699142,0.9833333492279053
dense6,2703,0.0003,6,4,100111,False,True,False,0.3568037748336792,0.9111111164093018,0.2724842503666878,-0.07222223281860352,0.08431952446699142,0.9833333492279053
dense6,2703,0.0003,6,4,011110,False,False,False,0.25645092129707336,0.9388889074325562,0.17213139683008194,-0.04444444179534912,0.08431952446699142,0.9833333492279053
dense6,2703,0.0003,6,4,011101,False,False,False,0.2499692440032959,0.9472222328186035,0.16564971953630447,-0.03611111640930176,0.08431952446699142,0.9833333492279053
dense6,2703,0.0003,6,4,011011,False,False,False,0.26626890897750854,0.9222221970558167,0.18194938451051712,-0.06111115217208862,0.08431952446699142,0.9833333492279053
dense6,2703,0.0003,6,4,010111,False,False,False,0.3282164931297302,0.9111111164093018,0.2438969686627388,-0.07222223281860352,0.08431952446699142,0.9833333492279053
dense6,2703,0.0003,6,4,001111,False,False,False,0.3798414468765259,0.8861111402511597,0.29552192240953445,-0.0972222089767456,0.08431952446699142,0.9833333492279053
dense6,2703,0.0003,6,5,111110,True,True,False,0.10611140727996826,0.980555534362793,0.021791882812976837,-0.0027778148651123047,0.08431952446699142,0.9833333492279053
dense6,2703,0.0003,6,5,111101,False,True,False,0.10311129689216614,0.9861111044883728,0.018791772425174713,0.0027777552604675293,0.08431952446699142,0.9833333492279053
dense6,2703,0.0003,6,5,111011,False,True,False,0.11002271622419357,0.9777777791023254,0.02570319175720215,-0.005555570125579834,0.08431952446699142,0.9833333492279053
dense6,2703,0.0003,6,5,110111,False,True,False,0.13999472558498383,0.9666666388511658,0.0556752011179924,-0.016666710376739502,0.08431952446699142,0.9833333492279053
dense6,2703,0.0003,6,5,101111,False,True,False,0.2070268988609314,0.9472222328186035,0.12270737439393997,-0.03611111640930176,0.08431952446699142,0.9833333492279053
dense6,2703,0.0003,6,5,011111,False,False,False,0.21558381617069244,0.9388889074325562,0.13126429170370102,-0.04444444179534912,0.08431952446699142,0.9833333492279053
dense6,2703,0.0003,6,6,111111,True,True,False,0.08431952446699142,0.9833333492279053,0.0,0.0,0.08431952446699142,0.9833333492279053
constant_ild,2703,0.0003,6,1,100000,True,True,False,0.6578179001808167,0.9138888716697693,0.5748950690031052,-0.06944447755813599,0.08292283117771149,0.9833333492279053
constant_ild,2703,0.0003,6,1,010000,False,False,False,0.72059166431427,0.8805555701255798,0.6376688331365585,-0.10277777910232544,0.08292283117771149,0.9833333492279053
constant_ild,2703,0.0003,6,1,001000,False,False,False,0.705809473991394,0.8333333134651184,0.6228866428136826,-0.15000003576278687,0.08292283117771149,0.9833333492279053
constant_ild,2703,0.0003,6,1,000100,False,False,False,0.7663589715957642,0.8027777671813965,0.6834361404180527,-0.1805555820465088,0.08292283117771149,0.9833333492279053
constant_ild,2703,0.0003,6,1,000010,False,False,False,0.8199205994606018,0.8027777671813965,0.7369977682828903,-0.1805555820465088,0.08292283117771149,0.9833333492279053
constant_ild,2703,0.0003,6,1,000001,False,False,False,0.9951629638671875,0.7333333492279053,0.912240132689476,-0.25,0.08292283117771149,0.9833333492279053
constant_ild,2703,0.0003,6,2,110000,True,True,False,0.252839595079422,0.9666666388511658,0.1699167639017105,-0.016666710376739502,0.08292283117771149,0.9833333492279053
constant_ild,2703,0.0003,6,2,101000,False,True,False,0.2292005717754364,0.9694444537162781,0.14627774059772491,-0.013888895511627197,0.08292283117771149,0.9833333492279053
constant_ild,2703,0.0003,6,2,100100,False,True,False,0.2306457757949829,0.9722222089767456,0.14772294461727142,-0.011111140251159668,0.08292283117771149,0.9833333492279053
constant_ild,2703,0.0003,6,2,100010,False,True,False,0.2618357539176941,0.9638888835906982,0.1789129227399826,-0.01944446563720703,0.08292283117771149,0.9833333492279053
constant_ild,2703,0.0003,6,2,100001,False,True,False,0.2973838746547699,0.9555555582046509,0.2144610434770584,-0.027777791023254395,0.08292283117771149,0.9833333492279053
constant_ild,2703,0.0003,6,2,011000,False,False,False,0.35515815019607544,0.9305555820465088,0.27223531901836395,-0.052777767181396484,0.08292283117771149,0.9833333492279053
constant_ild,2703,0.0003,6,2,010100,False,False,False,0.38690346479415894,0.925000011920929,0.30398063361644745,-0.05833333730697632,0.08292283117771149,0.9833333492279053
constant_ild,2703,0.0003,6,2,010010,False,False,False,0.3951357901096344,0.9222221970558167,0.3122129589319229,-0.06111115217208862,0.08292283117771149,0.9833333492279053
constant_ild,2703,0.0003,6,2,010001,False,False,False,0.44110095500946045,0.8972222208976746,0.35817812383174896,-0.08611112833023071,0.08292283117771149,0.9833333492279053
constant_ild,2703,0.0003,6,2,001100,False,False,False,0.4056951403617859,0.894444465637207,0.3227723091840744,-0.08888888359069824,0.08292283117771149,0.9833333492279053
constant_ild,2703,0.0003,6,2,001010,False,False,False,0.4228662848472595,0.894444465637207,0.33994345366954803,-0.08888888359069824,0.08292283117771149,0.9833333492279053
constant_ild,2703,0.0003,6,2,001001,False,False,False,0.46957215666770935,0.8777777552604675,0.38664932548999786,-0.10555559396743774,0.08292283117771149,0.9833333492279053
constant_ild,2703,0.0003,6,2,000110,False,False,False,0.47585225105285645,0.8694444298744202,0.39292941987514496,-0.11388891935348511,0.08292283117771149,0.9833333492279053
constant_ild,2703,0.0003,6,2,000101,False,False,False,0.5550416707992554,0.8333333134651184,0.4721188396215439,-0.15000003576278687,0.08292283117771149,0.9833333492279053
constant_ild,2703,0.0003,6,2,000011,False,False,False,0.609646201133728,0.8222222328186035,0.5267233699560165,-0.16111111640930176,0.08292283117771149,0.9833333492279053
constant_ild,2703,0.0003,6,3,111000,True,True,False,0.12898540496826172,0.9777777791023254,0.04606257379055023,-0.005555570125579834,0.08292283117771149,0.9833333492279053
constant_ild,2703,0.0003,6,3,110100,False,True,False,0.1252531111240387,0.9750000238418579,0.04233027994632721,-0.008333325386047363,0.08292283117771149,0.9833333492279053
constant_ild,2703,0.0003,6,3,110010,False,True,False,0.1328674852848053,0.9777777791023254,0.04994465410709381,-0.005555570125579834,0.08292283117771149,0.9833333492279053
constant_ild,2703,0.0003,6,3,110001,False,True,False,0.14107677340507507,0.9722222089767456,0.058153942227363586,-0.011111140251159668,0.08292283117771149,0.9833333492279053
constant_ild,2703,0.0003,6,3,101100,False,True,False,0.12413183599710464,0.980555534362793,0.04120900481939316,-0.0027778148651123047,0.08292283117771149,0.9833333492279053
constant_ild,2703,0.0003,6,3,101010,False,True,True,0.13517193496227264,0.9750000238418579,0.05224910378456116,-0.008333325386047363,0.08292283117771149,0.9833333492279053
constant_ild,2703,0.0003,6,3,101001,False,True,False,0.14119932055473328,0.9750000238418579,0.05827648937702179,-0.008333325386047363,0.08292283117771149,0.9833333492279053
constant_ild,2703,0.0003,6,3,100110,False,True,False,0.1402219980955124,0.9777777791023254,0.0572991669178009,-0.005555570125579834,0.08292283117771149,0.9833333492279053
constant_ild,2703,0.0003,6,3,100101,False,True,False,0.14983996748924255,0.9777777791023254,0.06691713631153107,-0.005555570125579834,0.08292283117771149,0.9833333492279053
constant_ild,2703,0.0003,6,3,100011,False,True,False,0.17836736142635345,0.9666666388511658,0.09544453024864197,-0.016666710376739502,0.08292283117771149,0.9833333492279053
constant_ild,2703,0.0003,6,3,011100,False,False,False,0.2682502865791321,0.9361110925674438,0.1853274554014206,-0.047222256660461426,0.08292283117771149,0.9833333492279053
constant_ild,2703,0.0003,6,3,011010,False,False,False,0.27104198932647705,0.9305555820465088,0.18811915814876556,-0.052777767181396484,0.08292283117771149,0.9833333492279053
constant_ild,2703,0.0003,6,3,011001,False,False,False,0.27324214577674866,0.9416666626930237,0.19031931459903717,-0.04166668653488159,0.08292283117771149,0.9833333492279053
constant_ild,2703,0.0003,6,3,010110,False,False,False,0.2976299822330475,0.9305555820465088,0.214707151055336,-0.052777767181396484,0.08292283117771149,0.9833333492279053
constant_ild,2703,0.0003,6,3,010101,False,False,True,0.32116901874542236,0.9222221970558167,0.23824618756771088,-0.06111115217208862,0.08292283117771149,0.9833333492279053
constant_ild,2703,0.0003,6,3,010011,False,False,False,0.3156420886516571,0.9305555820465088,0.23271925747394562,-0.052777767181396484,0.08292283117771149,0.9833333492279053
constant_ild,2703,0.0003,6,3,001110,False,False,False,0.31947800517082214,0.9111111164093018,0.23655517399311066,-0.07222223281860352,0.08292283117771149,0.9833333492279053
constant_ild,2703,0.0003,6,3,001101,False,False,False,0.34284693002700806,0.9027777910232544,0.25992409884929657,-0.08055555820465088,0.08292283117771149,0.9833333492279053
constant_ild,2703,0.0003,6,3,001011,False,False,False,0.35640448331832886,0.894444465637207,0.27348165214061737,-0.08888888359069824,0.08292283117771149,0.9833333492279053
constant_ild,2703,0.0003,6,3,000111,False,False,False,0.4174400269985199,0.8666666746139526,0.3345171958208084,-0.11666667461395264,0.08292283117771149,0.9833333492279053
constant_ild,2703,0.0003,6,4,111100,True,True,False,0.09522051364183426,0.9777777791023254,0.012297682464122772,-0.005555570125579834,0.08292283117771149,0.9833333492279053
constant_ild,2703,0.0003,6,4,111010,False,True,False,0.09882232546806335,0.9777777791023254,0.015899494290351868,-0.005555570125579834,0.08292283117771149,0.9833333492279053
constant_ild,2703,0.0003,6,4,111001,False,True,False,0.10131514072418213,0.9750000238418579,0.018392309546470642,-0.008333325386047363,0.08292283117771149,0.9833333492279053
constant_ild,2703,0.0003,6,4,110110,False,True,False,0.09682199358940125,0.9861111044883728,0.013899162411689758,0.0027777552604675293,0.08292283117771149,0.9833333492279053
constant_ild,2703,0.0003,6,4,110101,False,True,False,0.10018662363290787,0.9833333492279053,0.01726379245519638,0.0,0.08292283117771149,0.9833333492279053
constant_ild,2703,0.0003,6,4,110011,False,True,False,0.10784726589918137,0.9722222089767456,0.02492443472146988,-0.011111140251159668,0.08292283117771149,0.9833333492279053
constant_ild,2703,0.0003,6,4,101110,False,True,False,0.09838200360536575,0.9833333492279053,0.015459172427654266,0.0,0.08292283117771149,0.9833333492279053
constant_ild,2703,0.0003,6,4,101101,False,True,False,0.10264934599399567,0.980555534362793,0.01972651481628418,-0.0027778148651123047,0.08292283117771149,0.9833333492279053
constant_ild,2703,0.0003,6,4,101011,False,True,False,0.11174018681049347,0.9722222089767456,0.028817355632781982,-0.011111140251159668,0.08292283117771149,0.9833333492279053
constant_ild,2703,0.0003,6,4,100111,False,True,False,0.1180763989686966,0.9722222089767456,0.03515356779098511,-0.011111140251159668,0.08292283117771149,0.9833333492279053
constant_ild,2703,0.0003,6,4,011110,False,False,False,0.24997836351394653,0.9361110925674438,0.16705553233623505,-0.047222256660461426,0.08292283117771149,0.9833333492279053
constant_ild,2703,0.0003,6,4,011101,False,False,False,0.25130531191825867,0.9361110925674438,0.16838248074054718,-0.047222256660461426,0.08292283117771149,0.9833333492279053
constant_ild,2703,0.0003,6,4,011011,False,False,False,0.24754706025123596,0.9361110925674438,0.16462422907352448,-0.047222256660461426,0.08292283117771149,0.9833333492279053
constant_ild,2703,0.0003,6,4,010111,False,False,False,0.2792542576789856,0.925000011920929,0.1963314265012741,-0.05833333730697632,0.08292283117771149,0.9833333492279053
constant_ild,2703,0.0003,6,4,001111,False,False,False,0.30304279923439026,0.9055555462837219,0.22011996805667877,-0.07777780294418335,0.08292283117771149,0.9833333492279053
constant_ild,2703,0.0003,6,5,111110,True,True,False,0.08625124394893646,0.9833333492279053,0.0033284127712249756,0.0,0.08292283117771149,0.9833333492279053
constant_ild,2703,0.0003,6,5,111101,False,True,False,0.08725912123918533,0.9833333492279053,0.0043362900614738464,0.0,0.08292283117771149,0.9833333492279053
constant_ild,2703,0.0003,6,5,111011,False,True,False,0.08972085267305374,0.9777777791023254,0.006798021495342255,-0.005555570125579834,0.08292283117771149,0.9833333492279053
constant_ild,2703,0.0003,6,5,110111,False,True,False,0.08871613442897797,0.9888888597488403,0.0057933032512664795,0.005555510520935059,0.08292283117771149,0.9833333492279053
constant_ild,2703,0.0003,6,5,101111,False,True,False,0.090266153216362,0.9861111044883728,0.007343322038650513,0.0027777552604675293,0.08292283117771149,0.9833333492279053
constant_ild,2703,0.0003,6,5,011111,False,False,False,0.24721136689186096,0.9361110925674438,0.16428853571414948,-0.047222256660461426,0.08292283117771149,0.9833333492279053
constant_ild,2703,0.0003,6,6,111111,True,True,False,0.08292283117771149,0.9833333492279053,0.0,0.0,0.08292283117771149,0.9833333492279053
decreasing_ild,2703,0.0003,6,1,100000,True,True,False,0.49428316950798035,0.9388889074325562,0.41029010713100433,-0.041666626930236816,0.08399306237697601,0.980555534362793
decreasing_ild,2703,0.0003,6,1,010000,False,False,False,0.6217738389968872,0.8833333253860474,0.5377807766199112,-0.0972222089767456,0.08399306237697601,0.980555534362793
decreasing_ild,2703,0.0003,6,1,001000,False,False,False,0.6404198408126831,0.8388888835906982,0.5564267784357071,-0.14166665077209473,0.08399306237697601,0.980555534362793
decreasing_ild,2703,0.0003,6,1,000100,False,False,False,0.7292739748954773,0.8111110925674438,0.6452809125185013,-0.16944444179534912,0.08399306237697601,0.980555534362793
decreasing_ild,2703,0.0003,6,1,000010,False,False,False,0.8067862391471863,0.8111110925674438,0.7227931767702103,-0.16944444179534912,0.08399306237697601,0.980555534362793
decreasing_ild,2703,0.0003,6,1,000001,False,False,False,0.9715043902397156,0.7527777552604675,0.8875113278627396,-0.22777777910232544,0.08399306237697601,0.980555534362793
decreasing_ild,2703,0.0003,6,2,110000,True,True,False,0.19692231714725494,0.9777777791023254,0.11292925477027893,-0.0027777552604675293,0.08399306237697601,0.980555534362793
decreasing_ild,2703,0.0003,6,2,101000,False,True,False,0.18909157812595367,0.9750000238418579,0.10509851574897766,-0.005555510520935059,0.08399306237697601,0.980555534362793
decreasing_ild,2703,0.0003,6,2,100100,False,True,False,0.20400013029575348,0.9722222089767456,0.12000706791877747,-0.008333325386047363,0.08399306237697601,0.980555534362793
decreasing_ild,2703,0.0003,6,2,100010,False,True,False,0.23676249384880066,0.9666666388511658,0.15276943147182465,-0.013888895511627197,0.08399306237697601,0.980555534362793
decreasing_ild,2703,0.0003,6,2,100001,False,True,False,0.2746689021587372,0.9638888835906982,0.19067583978176117,-0.016666650772094727,0.08399306237697601,0.980555534362793
decreasing_ild,2703,0.0003,6,2,011000,False,False,False,0.3445817530155182,0.9277777671813965,0.2605886906385422,-0.052777767181396484,0.08399306237697601,0.980555534362793
decreasing_ild,2703,0.0003,6,2,010100,False,False,False,0.3825538754463196,0.9277777671813965,0.29856081306934357,-0.052777767181396484,0.08399306237697601,0.980555534362793
decreasing_ild,2703,0.0003,6,2,010010,False,False,False,0.40163880586624146,0.9222221970558167,0.31764574348926544,-0.05833333730697632,0.08399306237697601,0.980555534362793
decreasing_ild,2703,0.0003,6,2,010001,False,False,False,0.43777304887771606,0.9055555462837219,0.35377998650074005,-0.07499998807907104,0.08399306237697601,0.980555534362793
decreasing_ild,2703,0.0003,6,2,001100,False,False,False,0.41023433208465576,0.8916666507720947,0.32624126970767975,-0.08888888359069824,0.08399306237697601,0.980555534362793
decreasing_ild,2703,0.0003,6,2,001010,False,False,False,0.4330652952194214,0.8972222208976746,0.3490722328424454,-0.08333331346511841,0.08399306237697601,0.980555534362793
decreasing_ild,2703,0.0003,6,2,001001,False,False,False,0.4762783348560333,0.875,0.3922852724790573,-0.10555553436279297,0.08399306237697601,0.980555534362793
decreasing_ild,2703,0.0003,6,2,000110,False,False,False,0.49538901448249817,0.8638888597488403,0.41139595210552216,-0.11666667461395264,0.08399306237697601,0.980555534362793
decreasing_ild,2703,0.0003,6,2,000101,False,False,False,0.5656633377075195,0.8388888835906982,0.4816702753305435,-0.14166665077209473,0.08399306237697601,0.980555534362793
decreasing_ild,2703,0.0003,6,2,000011,False,False,False,0.6209127902984619,0.8388888835906982,0.5369197279214859,-0.14166665077209473,0.08399306237697601,0.980555534362793
decreasing_ild,2703,0.0003,6,3,111000,True,True,False,0.11890172213315964,0.9750000238418579,0.034908659756183624,-0.005555510520935059,0.08399306237697601,0.980555534362793
decreasing_ild,2703,0.0003,6,3,110100,False,True,False,0.11827682703733444,0.9777777791023254,0.03428376466035843,-0.0027777552604675293,0.08399306237697601,0.980555534362793
decreasing_ild,2703,0.0003,6,3,110010,False,True,False,0.12679168581962585,0.9750000238418579,0.04279862344264984,-0.005555510520935059,0.08399306237697601,0.980555534362793
decreasing_ild,2703,0.0003,6,3,110001,False,True,False,0.13635215163230896,0.9722222089767456,0.05235908925533295,-0.008333325386047363,0.08399306237697601,0.980555534362793
decreasing_ild,2703,0.0003,6,3,101100,False,True,False,0.11804749071598053,0.9777777791023254,0.03405442833900452,-0.0027777552604675293,0.08399306237697601,0.980555534362793
decreasing_ild,2703,0.0003,6,3,101010,False,True,True,0.1288049817085266,0.9750000238418579,0.0448119193315506,-0.005555510520935059,0.08399306237697601,0.980555534362793
decreasing_ild,2703,0.0003,6,3,101001,False,True,False,0.13784560561180115,0.9750000238418579,0.053852543234825134,-0.005555510520935059,0.08399306237697601,0.980555534362793
decreasing_ild,2703,0.0003,6,3,100110,False,True,False,0.141649529337883,0.9750000238418579,0.05765646696090698,-0.005555510520935059,0.08399306237697601,0.980555534362793
decreasing_ild,2703,0.0003,6,3,100101,False,True,False,0.15138046443462372,0.9777777791023254,0.0673874020576477,-0.0027777552604675293,0.08399306237697601,0.980555534362793
decreasing_ild,2703,0.0003,6,3,100011,False,True,False,0.17504093050956726,0.9666666388511658,0.09104786813259125,-0.013888895511627197,0.08399306237697601,0.980555534362793
decreasing_ild,2703,0.0003,6,3,011100,False,False,False,0.2832719683647156,0.9305555820465088,0.19927890598773956,-0.04999995231628418,0.08399306237697601,0.980555534362793
decreasing_ild,2703,0.0003,6,3,011010,False,False,False,0.28933486342430115,0.925000011920929,0.20534180104732513,-0.055555522441864014,0.08399306237697601,0.980555534362793
decreasing_ild,2703,0.0003,6,3,011001,False,False,False,0.2916484773159027,0.9305555820465088,0.2076554149389267,-0.04999995231628418,0.08399306237697601,0.980555534362793
decreasing_ild,2703,0.0003,6,3,010110,False,False,False,0.31821754574775696,0.9277777671813965,0.23422448337078094,-0.052777767181396484,0.08399306237697601,0.980555534362793
decreasing_ild,2703,0.0003,6,3,010101,False,False,True,0.33438393473625183,0.9305555820465088,0.2503908723592758,-0.04999995231628418,0.08399306237697601,0.980555534362793
decreasing_ild,2703,0.0003,6,3,010011,False,False,False,0.3367554247379303,0.9277777671813965,0.2527623623609543,-0.052777767181396484,0.08399306237697601,0.980555534362793
decreasing_ild,2703,0.0003,6,3,001110,False,False,False,0.34376734495162964,0.9111111164093018,0.2597742825746536,-0.06944441795349121,0.08399306237697601,0.980555534362793
decreasing_ild,2703,0.0003,6,3,001101,False,False,False,0.3625057339668274,0.8861111402511597,0.2785126715898514,-0.0944443941116333,0.08399306237697601,0.980555534362793
decreasing_ild,2703,0.0003,6,3,001011,False,False,False,0.375840961933136,0.8972222208976746,0.29184789955616,-0.08333331346511841,0.08399306237697601,0.980555534362793
decreasing_ild,2703,0.0003,6,3,000111,False,False,False,0.4418073296546936,0.8777777552604675,0.3578142672777176,-0.10277777910232544,0.08399306237697601,0.980555534362793
decreasing_ild,2703,0.0003,6,4,111100,True,True,False,0.09499741345643997,0.9777777791023254,0.011004351079463959,-0.0027777552604675293,0.08399306237697601,0.980555534362793
decreasing_ild,2703,0.0003,6,4,111010,False,True,False,0.09853862971067429,0.9777777791023254,0.014545567333698273,-0.0027777552604675293,0.08399306237697601,0.980555534362793
decreasing_ild,2703,0.0003,6,4,111001,False,True,False,0.10279454290866852,0.9750000238418579,0.018801480531692505,-0.005555510520935059,0.08399306237697601,0.980555534362793
decreasing_ild,2703,0.0003,6,4,110110,False,True,False,0.09841036051511765,0.9833333492279053,0.014417298138141632,0.0027778148651123047,0.08399306237697601,0.980555534362793
decreasing_ild,2703,0.0003,6,4,110101,False,True,False,0.10186836123466492,0.9777777791023254,0.017875298857688904,-0.0027777552604675293,0.08399306237697601,0.980555534362793
decreasing_ild,2703,0.0003,6,4,110011,False,True,False,0.10889879614114761,0.9722222089767456,0.0249057337641716,-0.008333325386047363,0.08399306237697601,0.980555534362793
decreasing_ild,2703,0.0003,6,4,101110,False,True,False,0.0988541841506958,0.980555534362793,0.014861121773719788,0.0,0.08399306237697601,0.980555534362793
decreasing_ild,2703,0.0003,6,4,101101,False,True,False,0.10387151688337326,0.980555534362793,0.019878454506397247,0.0,0.08399306237697601,0.980555534362793
decreasing_ild,2703,0.0003,6,4,101011,False,True,False,0.11176374554634094,0.9750000238418579,0.02777068316936493,-0.005555510520935059,0.08399306237697601,0.980555534362793
decreasing_ild,2703,0.0003,6,4,100111,False,True,False,0.12385182827711105,0.9777777791023254,0.03985876590013504,-0.0027777552604675293,0.08399306237697601,0.980555534362793
decreasing_ild,2703,0.0003,6,4,011110,False,False,False,0.2701076567173004,0.9333333373069763,0.1861145943403244,-0.04722219705581665,0.08399306237697601,0.980555534362793
decreasing_ild,2703,0.0003,6,4,011101,False,False,False,0.2699092626571655,0.9305555820465088,0.18591620028018951,-0.04999995231628418,0.08399306237697601,0.980555534362793
decreasing_ild,2703,0.0003,6,4,011011,False,False,False,0.26892703771591187,0.9305555820465088,0.18493397533893585,-0.04999995231628418,0.08399306237697601,0.980555534362793
decreasing_ild,2703,0.0003,6,4,010111,False,False,False,0.3005897104740143,0.9277777671813965,0.21659664809703827,-0.052777767181396484,0.08399306237697601,0.980555534362793
decreasing_ild,2703,0.0003,6,4,001111,False,False,False,0.32918781042099,0.9027777910232544,0.24519474804401398,-0.07777774333953857,0.08399306237697601,0.980555534362793
decreasing_ild,2703,0.0003,6,5,111110,True,True,False,0.08700954169034958,0.9777777791023254,0.0030164793133735657,-0.0027777552604675293,0.08399306237697601,0.980555534362793
decreasing_ild,2703,0.0003,6,5,111101,False,True,False,0.08924902975559235,0.9777777791023254,0.005255967378616333,-0.0027777552604675293,0.08399306237697601,0.980555534362793
decreasing_ild,2703,0.0003,6,5,111011,False,True,False,0.09209901839494705,0.9777777791023254,0.008105956017971039,-0.0027777552604675293,0.08399306237697601,0.980555534362793
decreasing_ild,2703,0.0003,6,5,110111,False,True,False,0.09148604422807693,0.9833333492279053,0.007492981851100922,0.0027778148651123047,0.08399306237697601,0.980555534362793
decreasing_ild,2703,0.0003,6,5,101111,False,True,False,0.09261329472064972,0.980555534362793,0.008620232343673706,0.0,0.08399306237697601,0.980555534362793
decreasing_ild,2703,0.0003,6,5,011111,False,False,False,0.2660841643810272,0.9333333373069763,0.1820911020040512,-0.04722219705581665,0.08399306237697601,0.980555534362793
decreasing_ild,2703,0.0003,6,6,111111,True,True,False,0.08399306237697601,0.980555534362793,0.0,0.0,0.08399306237697601,0.980555534362793
dense3,2703,0.0003,3,1,100,True,True,False,0.6013267040252686,0.9166666865348816,0.5084279403090477,-0.06111109256744385,0.09289876371622086,0.9777777791023254
dense3,2703,0.0003,3,1,010,False,False,True,0.5605771541595459,0.9055555462837219,0.46767839044332504,-0.07222223281860352,0.09289876371622086,0.9777777791023254
dense3,2703,0.0003,3,1,001,False,False,False,0.620701789855957,0.8444444537162781,0.5278030261397362,-0.13333332538604736,0.09289876371622086,0.9777777791023254
dense3,2703,0.0003,3,2,110,True,True,False,0.16312098503112793,0.9777777791023254,0.07022222131490707,0.0,0.09289876371622086,0.9777777791023254
dense3,2703,0.0003,3,2,101,False,True,True,0.21602684259414673,0.9555555582046509,0.12312807887792587,-0.02222222089767456,0.09289876371622086,0.9777777791023254
dense3,2703,0.0003,3,2,011,False,False,False,0.28190797567367554,0.9305555820465088,0.18900921195745468,-0.04722219705581665,0.09289876371622086,0.9777777791023254
dense3,2703,0.0003,3,3,111,True,True,False,0.09289876371622086,0.9777777791023254,0.0,0.0,0.09289876371622086,0.9777777791023254
dense6,2704,0.0003,6,1,100000,True,True,False,0.9420517086982727,0.7861111164093018,0.8669469356536865,-0.19722223281860352,0.07510477304458618,0.9833333492279053
dense6,2704,0.0003,6,1,010000,False,False,False,0.9964850544929504,0.7805555462837219,0.9213802814483643,-0.20277780294418335,0.07510477304458618,0.9833333492279053
dense6,2704,0.0003,6,1,001000,False,False,False,0.8729404211044312,0.8305555582046509,0.797835648059845,-0.1527777910232544,0.07510477304458618,0.9833333492279053
dense6,2704,0.0003,6,1,000100,False,False,False,0.8626379370689392,0.8083333373069763,0.787533164024353,-0.17500001192092896,0.07510477304458618,0.9833333492279053
dense6,2704,0.0003,6,1,000010,False,False,False,0.9735609889030457,0.7444444298744202,0.8984562158584595,-0.2388889193534851,0.07510477304458618,0.9833333492279053
dense6,2704,0.0003,6,1,000001,False,False,False,0.8877242803573608,0.7472222447395325,0.8126195073127747,-0.2361111044883728,0.07510477304458618,0.9833333492279053
dense6,2704,0.0003,6,2,110000,True,True,False,0.569873034954071,0.9027777910232544,0.49476826190948486,-0.08055555820465088,0.07510477304458618,0.9833333492279053
dense6,2704,0.0003,6,2,101000,False,True,False,0.5166760087013245,0.9277777671813965,0.4415712356567383,-0.05555558204650879,0.07510477304458618,0.9833333492279053
dense6,2704,0.0003,6,2,100100,False,True,False,0.5082176923751831,0.8999999761581421,0.4331129193305969,-0.08333337306976318,0.07510477304458618,0.9833333492279053
dense6,2704,0.0003,6,2,100010,False,True,False,0.5494244694709778,0.8861111402511597,0.4743196964263916,-0.0972222089767456,0.07510477304458618,0.9833333492279053
dense6,2704,0.0003,6,2,100001,False,True,False,0.5637121200561523,0.8388888835906982,0.48860734701156616,-0.14444446563720703,0.07510477304458618,0.9833333492279053
dense6,2704,0.0003,6,2,011000,False,False,False,0.5466885566711426,0.9138888716697693,0.4715837836265564,-0.06944447755813599,0.07510477304458618,0.9833333492279053
dense6,2704,0.0003,6,2,010100,False,False,False,0.5913482308387756,0.8694444298744202,0.5162434577941895,-0.11388891935348511,0.07510477304458618,0.9833333492279053
dense6,2704,0.0003,6,2,010010,False,False,False,0.6208493709564209,0.8611111044883728,0.5457445979118347,-0.12222224473953247,0.07510477304458618,0.9833333492279053
dense6,2704,0.0003,6,2,010001,False,False,False,0.6385213136672974,0.8222222328186035,0.5634165406227112,-0.16111111640930176,0.07510477304458618,0.9833333492279053
dense6,2704,0.0003,6,2,001100,False,False,False,0.49728140234947205,0.9027777910232544,0.42217662930488586,-0.08055555820465088,0.07510477304458618,0.9833333492279053
dense6,2704,0.0003,6,2,001010,False,False,False,0.5887659788131714,0.8527777791023254,0.5136612057685852,-0.13055557012557983,0.07510477304458618,0.9833333492279053
dense6,2704,0.0003,6,2,001001,False,False,False,0.5478277802467346,0.8611111044883728,0.47272300720214844,-0.12222224473953247,0.07510477304458618,0.9833333492279053
dense6,2704,0.0003,6,2,000110,False,False,False,0.5733931660652161,0.8527777791023254,0.4982883930206299,-0.13055557012557983,0.07510477304458618,0.9833333492279053
dense6,2704,0.0003,6,2,000101,False,False,False,0.5915918350219727,0.8500000238418579,0.5164870619773865,-0.13333332538604736,0.07510477304458618,0.9833333492279053
dense6,2704,0.0003,6,2,000011,False,False,False,0.7565978765487671,0.769444465637207,0.6814931035041809,-0.21388888359069824,0.07510477304458618,0.9833333492279053
dense6,2704,0.0003,6,3,111000,True,True,False,0.28596827387809753,0.9583333134651184,0.21086350083351135,-0.025000035762786865,0.07510477304458618,0.9833333492279053
dense6,2704,0.0003,6,3,110100,False,True,False,0.2867456078529358,0.9416666626930237,0.2116408348083496,-0.04166668653488159,0.07510477304458618,0.9833333492279053
dense6,2704,0.0003,6,3,110010,False,True,False,0.28454357385635376,0.9333333373069763,0.20943880081176758,-0.050000011920928955,0.07510477304458618,0.9833333492279053
dense6,2704,0.0003,6,3,110001,False,True,False,0.3606926500797272,0.9083333611488342,0.285587877035141,-0.07499998807907104,0.07510477304458618,0.9833333492279053
dense6,2704,0.0003,6,3,101100,False,True,False,0.2589845657348633,0.9555555582046509,0.1838797926902771,-0.027777791023254395,0.07510477304458618,0.9833333492279053
dense6,2704,0.0003,6,3,101010,False,True,True,0.2983863055706024,0.9416666626930237,0.22328153252601624,-0.04166668653488159,0.07510477304458618,0.9833333492279053
dense6,2704,0.0003,6,3,101001,False,True,False,0.2890777289867401,0.9222221970558167,0.21397295594215393,-0.06111115217208862,0.07510477304458618,0.9833333492279053
dense6,2704,0.0003,6,3,100110,False,True,False,0.27931728959083557,0.9444444179534912,0.2042125165462494,-0.03888893127441406,0.07510477304458618,0.9833333492279053
dense6,2704,0.0003,6,3,100101,False,True,False,0.33987754583358765,0.8999999761581421,0.26477277278900146,-0.08333337306976318,0.07510477304458618,0.9833333492279053
dense6,2704,0.0003,6,3,100011,False,True,False,0.3964853882789612,0.8777777552604675,0.321380615234375,-0.10555559396743774,0.07510477304458618,0.9833333492279053
dense6,2704,0.0003,6,3,011100,False,False,False,0.31711235642433167,0.9361110925674438,0.24200758337974548,-0.047222256660461426,0.07510477304458618,0.9833333492279053
dense6,2704,0.0003,6,3,011010,False,False,False,0.34640803933143616,0.925000011920929,0.27130326628685,-0.05833333730697632,0.07510477304458618,0.9833333492279053
dense6,2704,0.0003,6,3,011001,False,False,False,0.3599485158920288,0.9222221970558167,0.2848437428474426,-0.06111115217208862,0.07510477304458618,0.9833333492279053
dense6,2704,0.0003,6,3,010110,False,False,False,0.38686996698379517,0.9027777910232544,0.311765193939209,-0.08055555820465088,0.07510477304458618,0.9833333492279053
dense6,2704,0.0003,6,3,010101,False,False,True,0.4176146984100342,0.8972222208976746,0.342509925365448,-0.08611112833023071,0.07510477304458618,0.9833333492279053
dense6,2704,0.0003,6,3,010011,False,False,False,0.5005301237106323,0.8527777791023254,0.42542535066604614,-0.13055557012557983,0.07510477304458618,0.9833333492279053
dense6,2704,0.0003,6,3,001110,False,False,False,0.36621803045272827,0.9083333611488342,0.2911132574081421,-0.07499998807907104,0.07510477304458618,0.9833333492279053
dense6,2704,0.0003,6,3,001101,False,False,False,0.4073757231235504,0.894444465637207,0.33227095007896423,-0.08888888359069824,0.07510477304458618,0.9833333492279053
dense6,2704,0.0003,6,3,001011,False,False,False,0.5463581681251526,0.8194444179534912,0.4712533950805664,-0.16388893127441406,0.07510477304458618,0.9833333492279053
dense6,2704,0.0003,6,3,000111,False,False,False,0.49326184391975403,0.8500000238418579,0.41815707087516785,-0.13333332538604736,0.07510477304458618,0.9833333492279053
dense6,2704,0.0003,6,4,111100,True,True,False,0.13596835732460022,0.9777777791023254,0.06086358428001404,-0.005555570125579834,0.07510477304458618,0.9833333492279053
dense6,2704,0.0003,6,4,111010,False,True,False,0.14062586426734924,0.9777777791023254,0.06552109122276306,-0.005555570125579834,0.07510477304458618,0.9833333492279053
dense6,2704,0.0003,6,4,111001,False,True,False,0.15912136435508728,0.9611111283302307,0.0840165913105011,-0.02222222089767456,0.07510477304458618,0.9833333492279053
dense6,2704,0.0003,6,4,110110,False,True,False,0.14962869882583618,0.9750000238418579,0.07452392578125,-0.008333325386047363,0.07510477304458618,0.9833333492279053
dense6,2704,0.0003,6,4,110101,False,True,False,0.18790806829929352,0.9472222328186035,0.11280329525470734,-0.03611111640930176,0.07510477304458618,0.9833333492279053
dense6,2704,0.0003,6,4,110011,False,True,False,0.2139194756746292,0.9277777671813965,0.13881470263004303,-0.05555558204650879,0.07510477304458618,0.9833333492279053
dense6,2704,0.0003,6,4,101110,False,True,False,0.16676901280879974,0.9694444537162781,0.09166423976421356,-0.013888895511627197,0.07510477304458618,0.9833333492279053
dense6,2704,0.0003,6,4,101101,False,True,False,0.17884333431720734,0.9555555582046509,0.10373856127262115,-0.027777791023254395,0.07510477304458618,0.9833333492279053
dense6,2704,0.0003,6,4,101011,False,True,False,0.23579555749893188,0.9305555820465088,0.1606907844543457,-0.052777767181396484,0.07510477304458618,0.9833333492279053
dense6,2704,0.0003,6,4,100111,False,True,False,0.21964649856090546,0.9388889074325562,0.14454172551631927,-0.04444444179534912,0.07510477304458618,0.9833333492279053
dense6,2704,0.0003,6,4,011110,False,False,False,0.24605052173137665,0.9444444179534912,0.17094574868679047,-0.03888893127441406,0.07510477304458618,0.9833333492279053
dense6,2704,0.0003,6,4,011101,False,False,False,0.2639876902103424,0.9333333373069763,0.18888291716575623,-0.050000011920928955,0.07510477304458618,0.9833333492279053
dense6,2704,0.0003,6,4,011011,False,False,False,0.319445937871933,0.9194444417953491,0.2443411648273468,-0.06388890743255615,0.07510477304458618,0.9833333492279053
dense6,2704,0.0003,6,4,010111,False,False,False,0.3319212794303894,0.9138888716697693,0.2568165063858032,-0.06944447755813599,0.07510477304458618,0.9833333492279053
dense6,2704,0.0003,6,4,001111,False,False,False,0.3770580589771271,0.8916666507720947,0.3019532859325409,-0.09166669845581055,0.07510477304458618,0.9833333492279053
dense6,2704,0.0003,6,5,111110,True,True,False,0.08847218751907349,0.9861111044883728,0.013367414474487305,0.0027777552604675293,0.07510477304458618,0.9833333492279053
dense6,2704,0.0003,6,5,111101,False,True,False,0.09102360159158707,0.9750000238418579,0.015918828547000885,-0.008333325386047363,0.07510477304458618,0.9833333492279053
dense6,2704,0.0003,6,5,111011,False,True,False,0.10791948437690735,0.9750000238418579,0.03281471133232117,-0.008333325386047363,0.07510477304458618,0.9833333492279053
dense6,2704,0.0003,6,5,110111,False,True,False,0.11947519332170486,0.9694444537162781,0.04437042027711868,-0.013888895511627197,0.07510477304458618,0.9833333492279053
dense6,2704,0.0003,6,5,101111,False,True,False,0.14030446112155914,0.9611111283302307,0.06519968807697296,-0.02222222089767456,0.07510477304458618,0.9833333492279053
dense6,2704,0.0003,6,5,011111,False,False,False,0.2508222460746765,0.9444444179534912,0.17571747303009033,-0.03888893127441406,0.07510477304458618,0.9833333492279053
dense6,2704,0.0003,6,6,111111,True,True,False,0.07510477304458618,0.9833333492279053,0.0,0.0,0.07510477304458618,0.9833333492279053
constant_ild,2704,0.0003,6,1,100000,True,True,False,0.5046320557594299,0.9416666626930237,0.4345853626728058,-0.04166668653488159,0.07004669308662415,0.9833333492279053
constant_ild,2704,0.0003,6,1,010000,False,False,False,0.6115484237670898,0.894444465637207,0.5415017306804657,-0.08888888359069824,0.07004669308662415,0.9833333492279053
constant_ild,2704,0.0003,6,1,001000,False,False,False,0.5604633688926697,0.9083333611488342,0.49041667580604553,-0.07499998807907104,0.07004669308662415,0.9833333492279053
constant_ild,2704,0.0003,6,1,000100,False,False,False,0.6057913303375244,0.875,0.5357446372509003,-0.10833334922790527,0.07004669308662415,0.9833333492279053
constant_ild,2704,0.0003,6,1,000010,False,False,False,0.6841773986816406,0.8472222089767456,0.6141307055950165,-0.13611114025115967,0.07004669308662415,0.9833333492279053
constant_ild,2704,0.0003,6,1,000001,False,False,False,0.6437204480171204,0.875,0.5736737549304962,-0.10833334922790527,0.07004669308662415,0.9833333492279053
constant_ild,2704,0.0003,6,2,110000,True,True,False,0.21119119226932526,0.9694444537162781,0.1411444991827011,-0.013888895511627197,0.07004669308662415,0.9833333492279053
constant_ild,2704,0.0003,6,2,101000,False,True,False,0.20095784962177277,0.9750000238418579,0.13091115653514862,-0.008333325386047363,0.07004669308662415,0.9833333492279053
constant_ild,2704,0.0003,6,2,100100,False,True,False,0.21543511748313904,0.9694444537162781,0.1453884243965149,-0.013888895511627197,0.07004669308662415,0.9833333492279053
constant_ild,2704,0.0003,6,2,100010,False,True,False,0.22651055455207825,0.9638888835906982,0.1564638614654541,-0.01944446563720703,0.07004669308662415,0.9833333492279053
constant_ild,2704,0.0003,6,2,100001,False,True,False,0.24378466606140137,0.9555555582046509,0.17373797297477722,-0.027777791023254395,0.07004669308662415,0.9833333492279053
constant_ild,2704,0.0003,6,2,011000,False,False,False,0.32394471764564514,0.9361110925674438,0.253898024559021,-0.047222256660461426,0.07004669308662415,0.9833333492279053
constant_ild,2704,0.0003,6,2,010100,False,False,False,0.35469672083854675,0.9222221970558167,0.2846500277519226,-0.06111115217208862,0.07004669308662415,0.9833333492279053
constant_ild,2704,0.0003,6,2,010010,False,False,False,0.3831636607646942,0.9027777910232544,0.31311696767807007,-0.08055555820465088,0.07004669308662415,0.9833333492279053
constant_ild,2704,0.0003,6,2,010001,False,False,False,0.3623858690261841,0.9222221970558167,0.29233917593955994,-0.06111115217208862,0.07004669308662415,0.9833333492279053
constant_ild,2704,0.0003,6,2,001100,False,False,False,0.33317193388938904,0.9277777671813965,0.2631252408027649,-0.05555558204650879,0.07004669308662415,0.9833333492279053
constant_ild,2704,0.0003,6,2,001010,False,False,False,0.36806440353393555,0.925000011920929,0.2980177104473114,-0.05833333730697632,0.07004669308662415,0.9833333492279053
constant_ild,2704,0.0003,6,2,001001,False,False,False,0.3521397113800049,0.925000011920929,0.28209301829338074,-0.05833333730697632,0.07004669308662415,0.9833333492279053
constant_ild,2704,0.0003,6,2,000110,False,False,False,0.40399467945098877,0.8916666507720947,0.3339479863643646,-0.09166669845581055,0.07004669308662415,0.9833333492279053
constant_ild,2704,0.0003,6,2,000101,False,False,False,0.4061333239078522,0.8972222208976746,0.336086630821228,-0.08611112833023071,0.07004669308662415,0.9833333492279053
constant_ild,2704,0.0003,6,2,000011,False,False,False,0.46980175375938416,0.8777777552604675,0.39975506067276,-0.10555559396743774,0.07004669308662415,0.9833333492279053
constant_ild,2704,0.0003,6,3,111000,True,True,False,0.11171986162662506,0.980555534362793,0.041673168540000916,-0.0027778148651123047,0.07004669308662415,0.9833333492279053
constant_ild,2704,0.0003,6,3,110100,False,True,False,0.11612626910209656,0.980555534362793,0.04607957601547241,-0.0027778148651123047,0.07004669308662415,0.9833333492279053
constant_ild,2704,0.0003,6,3,110010,False,True,False,0.11725682020187378,0.9750000238418579,0.047210127115249634,-0.008333325386047363,0.07004669308662415,0.9833333492279053
constant_ild,2704,0.0003,6,3,110001,False,True,False,0.12300895154476166,0.9750000238418579,0.05296225845813751,-0.008333325386047363,0.07004669308662415,0.9833333492279053
constant_ild,2704,0.0003,6,3,101100,False,True,False,0.11514817178249359,0.9777777791023254,0.045101478695869446,-0.005555570125579834,0.07004669308662415,0.9833333492279053
constant_ild,2704,0.0003,6,3,101010,False,True,True,0.12014589458703995,0.980555534362793,0.0500992015004158,-0.0027778148651123047,0.07004669308662415,0.9833333492279053
constant_ild,2704,0.0003,6,3,101001,False,True,False,0.12089679390192032,0.980555534362793,0.05085010081529617,-0.0027778148651123047,0.07004669308662415,0.9833333492279053
constant_ild,2704,0.0003,6,3,100110,False,True,False,0.12990956008434296,0.980555534362793,0.05986286699771881,-0.0027778148651123047,0.07004669308662415,0.9833333492279053
constant_ild,2704,0.0003,6,3,100101,False,True,False,0.1388409584760666,0.9666666388511658,0.06879426538944244,-0.016666710376739502,0.07004669308662415,0.9833333492279053
constant_ild,2704,0.0003,6,3,100011,False,True,False,0.14677198231220245,0.9694444537162781,0.07672528922557831,-0.013888895511627197,0.07004669308662415,0.9833333492279053
constant_ild,2704,0.0003,6,3,011100,False,False,False,0.25936955213546753,0.9361110925674438,0.18932285904884338,-0.047222256660461426,0.07004669308662415,0.9833333492279053
constant_ild,2704,0.0003,6,3,011010,False,False,False,0.2685922682285309,0.9361110925674438,0.19854557514190674,-0.047222256660461426,0.07004669308662415,0.9833333492279053
constant_ild,2704,0.0003,6,3,011001,False,False,False,0.257924348115921,0.9416666626930237,0.18787765502929688,-0.04166668653488159,0.07004669308662415,0.9833333492279053
constant_ild,2704,0.0003,6,3,010110,False,False,False,0.2800721824169159,0.9277777671813965,0.21002548933029175,-0.05555558204650879,0.07004669308662415,0.9833333492279053
constant_ild,2704,0.0003,6,3,010101,False,False,True,0.2830962836742401,0.9222221970558167,0.21304959058761597,-0.06111115217208862,0.07004669308662415,0.9833333492279053
constant_ild,2704,0.0003,6,3,010011,False,False,False,0.31063970923423767,0.9166666865348816,0.24059301614761353,-0.06666666269302368,0.07004669308662415,0.9833333492279053
constant_ild,2704,0.0003,6,3,001110,False,False,False,0.2770812213420868,0.925000011920929,0.20703452825546265,-0.05833333730697632,0.07004669308662415,0.9833333492279053
constant_ild,2704,0.0003,6,3,001101,False,False,False,0.28827962279319763,0.925000011920929,0.2182329297065735,-0.05833333730697632,0.07004669308662415,0.9833333492279053
constant_ild,2704,0.0003,6,3,001011,False,False,False,0.3139986991882324,0.925000011920929,0.24395200610160828,-0.05833333730697632,0.07004669308662415,0.9833333492279053
constant_ild,2704,0.0003,6,3,000111,False,False,False,0.3441864252090454,0.894444465637207,0.27413973212242126,-0.08888888359069824,0.07004669308662415,0.9833333492279053
constant_ild,2704,0.0003,6,4,111100,True,True,False,0.08322465419769287,0.9833333492279053,0.013177961111068726,0.0,0.07004669308662415,0.9833333492279053
constant_ild,2704,0.0003,6,4,111010,False,True,False,0.08432462811470032,0.9833333492279053,0.014277935028076172,0.0,0.07004669308662415,0.9833333492279053
constant_ild,2704,0.0003,6,4,111001,False,True,False,0.08296577632427216,0.980555534362793,0.01291908323764801,-0.0027778148651123047,0.07004669308662415,0.9833333492279053
constant_ild,2704,0.0003,6,4,110110,False,True,False,0.08830557763576508,0.9833333492279053,0.01825888454914093,0.0,0.07004669308662415,0.9833333492279053
constant_ild,2704,0.0003,6,4,110101,False,True,False,0.09126420319080353,0.9777777791023254,0.021217510104179382,-0.005555570125579834,0.07004669308662415,0.9833333492279053
constant_ild,2704,0.0003,6,4,110011,False,True,False,0.09229860454797745,0.9750000238418579,0.022251911461353302,-0.008333325386047363,0.07004669308662415,0.9833333492279053
constant_ild,2704,0.0003,6,4,101110,False,True,False,0.09041932225227356,0.9833333492279053,0.020372629165649414,0.0,0.07004669308662415,0.9833333492279053
constant_ild,2704,0.0003,6,4,101101,False,True,False,0.09054914861917496,0.9777777791023254,0.020502455532550812,-0.005555570125579834,0.07004669308662415,0.9833333492279053
constant_ild,2704,0.0003,6,4,101011,False,True,False,0.09493787586688995,0.980555534362793,0.024891182780265808,-0.0027778148651123047,0.07004669308662415,0.9833333492279053
constant_ild,2704,0.0003,6,4,100111,False,True,False,0.1038573607802391,0.9833333492279053,0.03381066769361496,0.0,0.07004669308662415,0.9833333492279053
constant_ild,2704,0.0003,6,4,011110,False,False,False,0.2509167492389679,0.9416666626930237,0.18087005615234375,-0.04166668653488159,0.07004669308662415,0.9833333492279053
constant_ild,2704,0.0003,6,4,011101,False,False,False,0.25064539909362793,0.9388889074325562,0.18059870600700378,-0.04444444179534912,0.07004669308662415,0.9833333492279053
constant_ild,2704,0.0003,6,4,011011,False,False,False,0.25736063718795776,0.9388889074325562,0.18731394410133362,-0.04444444179534912,0.07004669308662415,0.9833333492279053
constant_ild,2704,0.0003,6,4,010111,False,False,False,0.2617928385734558,0.9222221970558167,0.19174614548683167,-0.06111115217208862,0.07004669308662415,0.9833333492279053
constant_ild,2704,0.0003,6,4,001111,False,False,False,0.27384889125823975,0.9194444417953491,0.2038021981716156,-0.06388890743255615,0.07004669308662415,0.9833333492279053
constant_ild,2704,0.0003,6,5,111110,True,True,False,0.07411406934261322,0.9833333492279053,0.004067376255989075,0.0,0.07004669308662415,0.9833333492279053
constant_ild,2704,0.0003,6,5,111101,False,True,False,0.0735815018415451,0.9833333492279053,0.0035348087549209595,0.0,0.07004669308662415,0.9833333492279053
constant_ild,2704,0.0003,6,5,111011,False,True,False,0.0744381919503212,0.9833333492279053,0.004391498863697052,0.0,0.07004669308662415,0.9833333492279053
constant_ild,2704,0.0003,6,5,110111,False,True,False,0.07969140261411667,0.9833333492279053,0.009644709527492523,0.0,0.07004669308662415,0.9833333492279053
constant_ild,2704,0.0003,6,5,101111,False,True,False,0.08016932010650635,0.9833333492279053,0.010122627019882202,0.0,0.07004669308662415,0.9833333492279053
constant_ild,2704,0.0003,6,5,011111,False,False,False,0.2555896043777466,0.9388889074325562,0.18554291129112244,-0.04444444179534912,0.07004669308662415,0.9833333492279053
constant_ild,2704,0.0003,6,6,111111,True,True,False,0.07004669308662415,0.9833333492279053,0.0,0.0,0.07004669308662415,0.9833333492279053
decreasing_ild,2704,0.0003,6,1,100000,True,True,False,0.3980630338191986,0.9472222328186035,0.3252834230661392,-0.03611111640930176,0.07277961075305939,0.9833333492279053
decreasing_ild,2704,0.0003,6,1,010000,False,False,False,0.531327486038208,0.894444465637207,0.4585478752851486,-0.08888888359069824,0.07277961075305939,0.9833333492279053
decreasing_ild,2704,0.0003,6,1,001000,False,False,False,0.4995519518852234,0.9138888716697693,0.426772341132164,-0.06944447755813599,0.07277961075305939,0.9833333492279053
decreasing_ild,2704,0.0003,6,1,000100,False,False,False,0.5777190923690796,0.8916666507720947,0.5049394816160202,-0.09166669845581055,0.07277961075305939,0.9833333492279053
decreasing_ild,2704,0.0003,6,1,000010,False,False,False,0.6824852824211121,0.8500000238418579,0.6097056716680527,-0.13333332538604736,0.07277961075305939,0.9833333492279053
decreasing_ild,2704,0.0003,6,1,000001,False,False,False,0.6773424744606018,0.8666666746139526,0.6045628637075424,-0.11666667461395264,0.07277961075305939,0.9833333492279053
decreasing_ild,2704,0.0003,6,2,110000,True,True,False,0.17369093000888824,0.9694444537162781,0.10091131925582886,-0.013888895511627197,0.07277961075305939,0.9833333492279053
decreasing_ild,2704,0.0003,6,2,101000,False,True,False,0.1701553761959076,0.9694444537162781,0.0973757654428482,-0.013888895511627197,0.07277961075305939,0.9833333492279053
decreasing_ild,2704,0.0003,6,2,100100,False,True,False,0.19622717797756195,0.9666666388511658,0.12344756722450256,-0.016666710376739502,0.07277961075305939,0.9833333492279053
decreasing_ild,2704,0.0003,6,2,100010,False,True,False,0.2121814787387848,0.9638888835906982,0.1394018679857254,-0.01944446563720703,0.07277961075305939,0.9833333492279053
decreasing_ild,2704,0.0003,6,2,100001,False,True,False,0.2355877310037613,0.9611111283302307,0.1628081202507019,-0.02222222089767456,0.07277961075305939,0.9833333492279053
decreasing_ild,2704,0.0003,6,2,011000,False,False,False,0.3009045124053955,0.9333333373069763,0.22812490165233612,-0.050000011920928955,0.07277961075305939,0.9833333492279053
decreasing_ild,2704,0.0003,6,2,010100,False,False,False,0.339657187461853,0.9222221970558167,0.26687757670879364,-0.06111115217208862,0.07277961075305939,0.9833333492279053
decreasing_ild,2704,0.0003,6,2,010010,False,False,False,0.38363245129585266,0.8999999761581421,0.3108528405427933,-0.08333337306976318,0.07277961075305939,0.9833333492279053
decreasing_ild,2704,0.0003,6,2,010001,False,False,False,0.3723643720149994,0.9166666865348816,0.29958476126194,-0.06666666269302368,0.07277961075305939,0.9833333492279053
decreasing_ild,2704,0.0003,6,2,001100,False,False,False,0.3188895285129547,0.925000011920929,0.24610991775989532,-0.05833333730697632,0.07277961075305939,0.9833333492279053
decreasing_ild,2704,0.0003,6,2,001010,False,False,False,0.3582957088947296,0.9277777671813965,0.2855160981416702,-0.05555558204650879,0.07277961075305939,0.9833333492279053
decreasing_ild,2704,0.0003,6,2,001001,False,False,False,0.352457731962204,0.9277777671813965,0.2796781212091446,-0.05555558204650879,0.07277961075305939,0.9833333492279053
decreasing_ild,2704,0.0003,6,2,000110,False,False,False,0.41092121601104736,0.9027777910232544,0.338141605257988,-0.08055555820465088,0.07277961075305939,0.9833333492279053
decreasing_ild,2704,0.0003,6,2,000101,False,False,False,0.42465832829475403,0.9055555462837219,0.35187871754169464,-0.07777780294418335,0.07277961075305939,0.9833333492279053
decreasing_ild,2704,0.0003,6,2,000011,False,False,False,0.5088174939155579,0.8666666746139526,0.4360378831624985,-0.11666667461395264,0.07277961075305939,0.9833333492279053
decreasing_ild,2704,0.0003,6,3,111000,True,True,False,0.10202670842409134,0.9777777791023254,0.029247097671031952,-0.005555570125579834,0.07277961075305939,0.9833333492279053
decreasing_ild,2704,0.0003,6,3,110100,False,True,False,0.11148136109113693,0.980555534362793,0.038701750338077545,-0.0027778148651123047,0.07277961075305939,0.9833333492279053
decreasing_ild,2704,0.0003,6,3,110010,False,True,False,0.11633798480033875,0.9750000238418579,0.04355837404727936,-0.008333325386047363,0.07277961075305939,0.9833333492279053
decreasing_ild,2704,0.0003,6,3,110001,False,True,False,0.12457694113254547,0.9750000238418579,0.051797330379486084,-0.008333325386047363,0.07277961075305939,0.9833333492279053
decreasing_ild,2704,0.0003,6,3,101100,False,True,False,0.11346650868654251,0.9833333492279053,0.040686897933483124,0.0,0.07277961075305939,0.9833333492279053
decreasing_ild,2704,0.0003,6,3,101010,False,True,True,0.12007982283830643,0.980555534362793,0.04730021208524704,-0.0027778148651123047,0.07277961075305939,0.9833333492279053
decreasing_ild,2704,0.0003,6,3,101001,False,True,False,0.12239775061607361,0.980555534362793,0.04961813986301422,-0.0027778148651123047,0.07277961075305939,0.9833333492279053
decreasing_ild,2704,0.0003,6,3,100110,False,True,False,0.13428367674350739,0.9750000238418579,0.061504065990448,-0.008333325386047363,0.07277961075305939,0.9833333492279053
decreasing_ild,2704,0.0003,6,3,100101,False,True,False,0.14439940452575684,0.9722222089767456,0.07161979377269745,-0.011111140251159668,0.07277961075305939,0.9833333492279053
decreasing_ild,2704,0.0003,6,3,100011,False,True,False,0.1542813926935196,0.9666666388511658,0.0815017819404602,-0.016666710376739502,0.07277961075305939,0.9833333492279053
decreasing_ild,2704,0.0003,6,3,011100,False,False,False,0.2553219795227051,0.9361110925674438,0.1825423687696457,-0.047222256660461426,0.07277961075305939,0.9833333492279053
decreasing_ild,2704,0.0003,6,3,011010,False,False,False,0.268846720457077,0.9333333373069763,0.19606710970401764,-0.050000011920928955,0.07277961075305939,0.9833333492279053
decreasing_ild,2704,0.0003,6,3,011001,False,False,False,0.2608501613140106,0.9361110925674438,0.18807055056095123,-0.047222256660461426,0.07277961075305939,0.9833333492279053
decreasing_ild,2704,0.0003,6,3,010110,False,False,False,0.2893856167793274,0.9333333373069763,0.216606006026268,-0.050000011920928955,0.07277961075305939,0.9833333492279053
decreasing_ild,2704,0.0003,6,3,010101,False,False,True,0.2944660186767578,0.9277777671813965,0.22168640792369843,-0.05555558204650879,0.07277961075305939,0.9833333492279053
decreasing_ild,2704,0.0003,6,3,010011,False,False,False,0.33240774273872375,0.9138888716697693,0.25962813198566437,-0.06944447755813599,0.07277961075305939,0.9833333492279053
decreasing_ild,2704,0.0003,6,3,001110,False,False,False,0.2724815011024475,0.9333333373069763,0.19970189034938812,-0.050000011920928955,0.07277961075305939,0.9833333492279053
decreasing_ild,2704,0.0003,6,3,001101,False,False,False,0.28167006373405457,0.9277777671813965,0.20889045298099518,-0.05555558204650879,0.07277961075305939,0.9833333492279053
decreasing_ild,2704,0.0003,6,3,001011,False,False,False,0.3130248785018921,0.9277777671813965,0.2402452677488327,-0.05555558204650879,0.07277961075305939,0.9833333492279053
decreasing_ild,2704,0.0003,6,3,000111,False,False,False,0.35709038376808167,0.8972222208976746,0.2843107730150223,-0.08611112833023071,0.07277961075305939,0.9833333492279053
decreasing_ild,2704,0.0003,6,4,111100,True,True,False,0.0833241268992424,0.9833333492279053,0.010544516146183014,0.0,0.07277961075305939,0.9833333492279053
decreasing_ild,2704,0.0003,6,4,111010,False,True,False,0.08519727736711502,0.9833333492279053,0.012417666614055634,0.0,0.07277961075305939,0.9833333492279053
decreasing_ild,2704,0.0003,6,4,111001,False,True,False,0.08618342876434326,0.980555534362793,0.013403818011283875,-0.0027778148651123047,0.07277961075305939,0.9833333492279053
decreasing_ild,2704,0.0003,6,4,110110,False,True,False,0.09101465344429016,0.980555534362793,0.018235042691230774,-0.0027778148651123047,0.07277961075305939,0.9833333492279053
decreasing_ild,2704,0.0003,6,4,110101,False,True,False,0.0953017994761467,0.9777777791023254,0.02252218872308731,-0.005555570125579834,0.07277961075305939,0.9833333492279053
decreasing_ild,2704,0.0003,6,4,110011,False,True,False,0.09884457290172577,0.9750000238418579,0.026064962148666382,-0.008333325386047363,0.07277961075305939,0.9833333492279053
decreasing_ild,2704,0.0003,6,4,101110,False,True,False,0.09591752290725708,0.980555534362793,0.023137912154197693,-0.0027778148651123047,0.07277961075305939,0.9833333492279053
decreasing_ild,2704,0.0003,6,4,101101,False,True,False,0.09658671170473099,0.9833333492279053,0.0238071009516716,0.0,0.07277961075305939,0.9833333492279053
decreasing_ild,2704,0.0003,6,4,101011,False,True,False,0.10080511122941971,0.980555534362793,0.02802550047636032,-0.0027778148651123047,0.07277961075305939,0.9833333492279053
decreasing_ild,2704,0.0003,6,4,100111,False,True,False,0.11281806230545044,0.9777777791023254,0.04003845155239105,-0.005555570125579834,0.07277961075305939,0.9833333492279053
decreasing_ild,2704,0.0003,6,4,011110,False,False,False,0.24808968603610992,0.9416666626930237,0.17531007528305054,-0.04166668653488159,0.07277961075305939,0.9833333492279053
decreasing_ild,2704,0.0003,6,4,011101,False,False,False,0.24806448817253113,0.9305555820465088,0.17528487741947174,-0.052777767181396484,0.07277961075305939,0.9833333492279053
decreasing_ild,2704,0.0003,6,4,011011,False,False,False,0.25966712832450867,0.9333333373069763,0.18688751757144928,-0.050000011920928955,0.07277961075305939,0.9833333492279053
decreasing_ild,2704,0.0003,6,4,010111,False,False,False,0.276073694229126,0.925000011920929,0.2032940834760666,-0.05833333730697632,0.07277961075305939,0.9833333492279053
decreasing_ild,2704,0.0003,6,4,001111,False,False,False,0.2648804485797882,0.9277777671813965,0.19210083782672882,-0.05555558204650879,0.07277961075305939,0.9833333492279053
decreasing_ild,2704,0.0003,6,5,111110,True,True,False,0.07610789686441422,0.9833333492279053,0.003328286111354828,0.0,0.07277961075305939,0.9833333492279053
decreasing_ild,2704,0.0003,6,5,111101,False,True,False,0.0770350769162178,0.9833333492279053,0.004255466163158417,0.0,0.07277961075305939,0.9833333492279053
decreasing_ild,2704,0.0003,6,5,111011,False,True,False,0.07824194431304932,0.9833333492279053,0.005462333559989929,0.0,0.07277961075305939,0.9833333492279053
decreasing_ild,2704,0.0003,6,5,110111,False,True,False,0.08400058001279831,0.980555534362793,0.011220969259738922,-0.0027778148651123047,0.07277961075305939,0.9833333492279053
decreasing_ild,2704,0.0003,6,5,101111,False,True,False,0.08734243363142014,0.9833333492279053,0.014562822878360748,0.0,0.07277961075305939,0.9833333492279053
decreasing_ild,2704,0.0003,6,5,011111,False,False,False,0.24876753985881805,0.9416666626930237,0.17598792910575867,-0.04166668653488159,0.07277961075305939,0.9833333492279053
decreasing_ild,2704,0.0003,6,6,111111,True,True,False,0.07277961075305939,0.9833333492279053,0.0,0.0,0.07277961075305939,0.9833333492279053
dense3,2704,0.0003,3,1,100,True,True,False,0.45990151166915894,0.9305555820465088,0.3822975754737854,-0.055555522441864014,0.07760393619537354,0.9861111044883728
dense3,2704,0.0003,3,1,010,False,False,True,0.5310211777687073,0.894444465637207,0.45341724157333374,-0.09166663885116577,0.07760393619537354,0.9861111044883728
dense3,2704,0.0003,3,1,001,False,False,False,0.5082857608795166,0.8777777552604675,0.43068182468414307,-0.10833334922790527,0.07760393619537354,0.9861111044883728
dense3,2704,0.0003,3,2,110,True,True,False,0.16517721116542816,0.9611111283302307,0.08757327497005463,-0.02499997615814209,0.07760393619537354,0.9861111044883728
dense3,2704,0.0003,3,2,101,False,True,True,0.18323349952697754,0.9694444537162781,0.105629563331604,-0.016666650772094727,0.07760393619537354,0.9861111044883728
dense3,2704,0.0003,3,2,011,False,False,False,0.2873348295688629,0.925000011920929,0.20973089337348938,-0.06111109256744385,0.07760393619537354,0.9861111044883728
dense3,2704,0.0003,3,3,111,True,True,False,0.07760393619537354,0.9861111044883728,0.0,0.0,0.07760393619537354,0.9861111044883728
dense6,2705,0.0003,6,1,100000,True,True,False,1.221034288406372,0.7194444537162781,1.1383986100554466,-0.2638888955116272,0.08263567835092545,0.9833333492279053
dense6,2705,0.0003,6,1,010000,False,False,False,1.2564176321029663,0.6611111164093018,1.1737819537520409,-0.3222222328186035,0.08263567835092545,0.9833333492279053
dense6,2705,0.0003,6,1,001000,False,False,False,1.1174533367156982,0.730555534362793,1.0348176583647728,-0.2527778148651123,0.08263567835092545,0.9833333492279053
dense6,2705,0.0003,6,1,000100,False,False,False,1.2195675373077393,0.6499999761581421,1.1369318589568138,-0.3333333730697632,0.08263567835092545,0.9833333492279053
dense6,2705,0.0003,6,1,000010,False,False,False,1.2773348093032837,0.605555534362793,1.1946991309523582,-0.3777778148651123,0.08263567835092545,0.9833333492279053
dense6,2705,0.0003,6,1,000001,False,False,False,1.323293924331665,0.5638889074325562,1.2406582459807396,-0.4194444417953491,0.08263567835092545,0.9833333492279053
dense6,2705,0.0003,6,2,110000,True,True,False,0.7208023071289062,0.855555534362793,0.6381666287779808,-0.1277778148651123,0.08263567835092545,0.9833333492279053
dense6,2705,0.0003,6,2,101000,False,True,False,0.6058825850486755,0.9194444417953491,0.5232469066977501,-0.06388890743255615,0.08263567835092545,0.9833333492279053
dense6,2705,0.0003,6,2,100100,False,True,False,0.6682173609733582,0.8611111044883728,0.5855816826224327,-0.12222224473953247,0.08263567835092545,0.9833333492279053
dense6,2705,0.0003,6,2,100010,False,True,False,0.709028959274292,0.8361111283302307,0.6263932809233665,-0.14722222089767456,0.08263567835092545,0.9833333492279053
dense6,2705,0.0003,6,2,100001,False,True,False,0.6653194427490234,0.855555534362793,0.582683764398098,-0.1277778148651123,0.08263567835092545,0.9833333492279053
dense6,2705,0.0003,6,2,011000,False,False,False,0.6683432459831238,0.8722222447395325,0.5857075676321983,-0.1111111044883728,0.08263567835092545,0.9833333492279053
dense6,2705,0.0003,6,2,010100,False,False,False,0.6606270670890808,0.8722222447395325,0.5779913887381554,-0.1111111044883728,0.08263567835092545,0.9833333492279053
dense6,2705,0.0003,6,2,010010,False,False,False,0.7108173966407776,0.8111110925674438,0.6281817182898521,-0.17222225666046143,0.08263567835092545,0.9833333492279053
dense6,2705,0.0003,6,2,010001,False,False,False,0.6718520522117615,0.8388888835906982,0.589216373860836,-0.14444446563720703,0.08263567835092545,0.9833333492279053
dense6,2705,0.0003,6,2,001100,False,False,False,0.6983736157417297,0.8277778029441833,0.6157379373908043,-0.15555554628372192,0.08263567835092545,0.9833333492279053
dense6,2705,0.0003,6,2,001010,False,False,False,0.7587047815322876,0.7833333611488342,0.6760691031813622,-0.19999998807907104,0.08263567835092545,0.9833333492279053
dense6,2705,0.0003,6,2,001001,False,False,False,0.7496187686920166,0.8083333373069763,0.6669830903410912,-0.17500001192092896,0.08263567835092545,0.9833333492279053
dense6,2705,0.0003,6,2,000110,False,False,False,0.8948347568511963,0.7027778029441833,0.8121990785002708,-0.2805555462837219,0.08263567835092545,0.9833333492279053
dense6,2705,0.0003,6,2,000101,False,False,False,0.7945630550384521,0.7805555462837219,0.7119273766875267,-0.20277780294418335,0.08263567835092545,0.9833333492279053
dense6,2705,0.0003,6,2,000011,False,False,False,0.9937256574630737,0.6638888716697693,0.9110899791121483,-0.319444477558136,0.08263567835092545,0.9833333492279053
dense6,2705,0.0003,6,3,111000,True,True,False,0.315978080034256,0.9611111283302307,0.23334240168333054,-0.02222222089767456,0.08263567835092545,0.9833333492279053
dense6,2705,0.0003,6,3,110100,False,True,False,0.33183443546295166,0.9416666626930237,0.24919875711202621,-0.04166668653488159,0.08263567835092545,0.9833333492279053
dense6,2705,0.0003,6,3,110010,False,True,False,0.35893598198890686,0.9222221970558167,0.2763003036379814,-0.06111115217208862,0.08263567835092545,0.9833333492279053
dense6,2705,0.0003,6,3,110001,False,True,False,0.32573601603507996,0.9416666626930237,0.2431003376841545,-0.04166668653488159,0.08263567835092545,0.9833333492279053
dense6,2705,0.0003,6,3,101100,False,True,False,0.3287959098815918,0.949999988079071,0.24616023153066635,-0.03333336114883423,0.08263567835092545,0.9833333492279053
dense6,2705,0.0003,6,3,101010,False,True,True,0.3558812737464905,0.9194444417953491,0.27324559539556503,-0.06388890743255615,0.08263567835092545,0.9833333492279053
dense6,2705,0.0003,6,3,101001,False,True,False,0.3240232765674591,0.9305555820465088,0.24138759821653366,-0.052777767181396484,0.08263567835092545,0.9833333492279053
dense6,2705,0.0003,6,3,100110,False,True,False,0.4149003028869629,0.8916666507720947,0.33226462453603745,-0.09166669845581055,0.08263567835092545,0.9833333492279053
dense6,2705,0.0003,6,3,100101,False,True,False,0.3455343246459961,0.9083333611488342,0.26289864629507065,-0.07499998807907104,0.08263567835092545,0.9833333492279053
dense6,2705,0.0003,6,3,100011,False,True,False,0.46214205026626587,0.8805555701255798,0.3795063719153404,-0.10277777910232544,0.08263567835092545,0.9833333492279053
dense6,2705,0.0003,6,3,011100,False,False,False,0.3881032168865204,0.9138888716697693,0.30546753853559494,-0.06944447755813599,0.08263567835092545,0.9833333492279053
dense6,2705,0.0003,6,3,011010,False,False,False,0.4011768400669098,0.8888888955116272,0.31854116171598434,-0.09444445371627808,0.08263567835092545,0.9833333492279053
dense6,2705,0.0003,6,3,011001,False,False,False,0.3716813325881958,0.9027777910232544,0.28904565423727036,-0.08055555820465088,0.08263567835092545,0.9833333492279053
dense6,2705,0.0003,6,3,010110,False,False,False,0.3984888195991516,0.8916666507720947,0.31585314124822617,-0.09166669845581055,0.08263567835092545,0.9833333492279053
dense6,2705,0.0003,6,3,010101,False,False,True,0.3648783266544342,0.8972222208976746,0.28224264830350876,-0.08611112833023071,0.08263567835092545,0.9833333492279053
dense6,2705,0.0003,6,3,010011,False,False,False,0.4672628939151764,0.8638888597488403,0.38462721556425095,-0.11944448947906494,0.08263567835092545,0.9833333492279053
dense6,2705,0.0003,6,3,001110,False,False,False,0.5818448066711426,0.8305555582046509,0.49920912832021713,-0.1527777910232544,0.08263567835092545,0.9833333492279053
dense6,2705,0.0003,6,3,001101,False,False,False,0.5256977081298828,0.8416666388511658,0.44306202977895737,-0.1416667103767395,0.08263567835092545,0.9833333492279053
dense6,2705,0.0003,6,3,001011,False,False,False,0.7186006903648376,0.7916666865348816,0.6359650120139122,-0.19166666269302368,0.08263567835092545,0.9833333492279053
dense6,2705,0.0003,6,3,000111,False,False,False,0.7740602493286133,0.7555555701255798,0.6914245709776878,-0.22777777910232544,0.08263567835092545,0.9833333492279053
dense6,2705,0.0003,6,4,111100,True,True,False,0.15917102992534637,0.9666666388511658,0.07653535157442093,-0.016666710376739502,0.08263567835092545,0.9833333492279053
dense6,2705,0.0003,6,4,111010,False,True,False,0.1545751541852951,0.9694444537162781,0.07193947583436966,-0.013888895511627197,0.08263567835092545,0.9833333492279053
dense6,2705,0.0003,6,4,111001,False,True,False,0.14059379696846008,0.9750000238418579,0.05795811861753464,-0.008333325386047363,0.08263567835092545,0.9833333492279053
dense6,2705,0.0003,6,4,110110,False,True,False,0.17268618941307068,0.9611111283302307,0.09005051106214523,-0.02222222089767456,0.08263567835092545,0.9833333492279053
dense6,2705,0.0003,6,4,110101,False,True,False,0.1587037295103073,0.9638888835906982,0.07606805115938187,-0.01944446563720703,0.08263567835092545,0.9833333492279053
dense6,2705,0.0003,6,4,110011,False,True,False,0.20862680673599243,0.949999988079071,0.12599112838506699,-0.03333336114883423,0.08263567835092545,0.9833333492279053
dense6,2705,0.0003,6,4,101110,False,True,False,0.23828279972076416,0.9444444179534912,0.15564712136983871,-0.03888893127441406,0.08263567835092545,0.9833333492279053
dense6,2705,0.0003,6,4,101101,False,True,False,0.18863418698310852,0.9527778029441833,0.10599850863218307,-0.030555546283721924,0.08263567835092545,0.9833333492279053
dense6,2705,0.0003,6,4,101011,False,True,False,0.29085227847099304,0.925000011920929,0.2082166001200676,-0.05833333730697632,0.08263567835092545,0.9833333492279053
dense6,2705,0.0003,6,4,100111,False,True,False,0.29623928666114807,0.9055555462837219,0.21360360831022263,-0.07777780294418335,0.08263567835092545,0.9833333492279053
dense6,2705,0.0003,6,4,011110,False,False,False,0.297985702753067,0.9277777671813965,0.21535002440214157,-0.05555558204650879,0.08263567835092545,0.9833333492279053
dense6,2705,0.0003,6,4,011101,False,False,False,0.27100712060928345,0.925000011920929,0.188371442258358,-0.05833333730697632,0.08263567835092545,0.9833333492279053
dense6,2705,0.0003,6,4,011011,False,False,False,0.34288477897644043,0.8999999761581421,0.260249100625515,-0.08333337306976318,0.08263567835092545,0.9833333492279053
dense6,2705,0.0003,6,4,010111,False,False,False,0.30930253863334656,0.9027777910232544,0.2266668602824211,-0.08055555820465088,0.08263567835092545,0.9833333492279053
dense6,2705,0.0003,6,4,001111,False,False,False,0.6045615673065186,0.8138889074325562,0.5219258889555931,-0.16944444179534912,0.08263567835092545,0.9833333492279053
dense6,2705,0.0003,6,5,111110,True,True,False,0.1018047034740448,0.9750000238418579,0.019169025123119354,-0.008333325386047363,0.08263567835092545,0.9833333492279053
dense6,2705,0.0003,6,5,111101,False,True,False,0.09236475825309753,0.9861111044883728,0.009729079902172089,0.0027777552604675293,0.08263567835092545,0.9833333492279053
dense6,2705,0.0003,6,5,111011,False,True,False,0.11339057981967926,0.9777777791023254,0.030754901468753815,-0.005555570125579834,0.08263567835092545,0.9833333492279053
dense6,2705,0.0003,6,5,110111,False,True,False,0.11071518063545227,0.980555534362793,0.028079502284526825,-0.0027778148651123047,0.08263567835092545,0.9833333492279053
dense6,2705,0.0003,6,5,101111,False,True,False,0.19863709807395935,0.9472222328186035,0.1160014197230339,-0.03611111640930176,0.08263567835092545,0.9833333492279053
dense6,2705,0.0003,6,5,011111,False,False,False,0.2808024287223816,0.925000011920929,0.19816675037145615,-0.05833333730697632,0.08263567835092545,0.9833333492279053
dense6,2705,0.0003,6,6,111111,True,True,False,0.08263567835092545,0.9833333492279053,0.0,0.0,0.08263567835092545,0.9833333492279053
constant_ild,2705,0.0003,6,1,100000,True,True,False,0.6073299646377563,0.9416666626930237,0.5338436365127563,-0.04166668653488159,0.073486328125,0.9833333492279053
constant_ild,2705,0.0003,6,1,010000,False,False,False,0.7293685078620911,0.8500000238418579,0.6558821797370911,-0.13333332538604736,0.073486328125,0.9833333492279053
constant_ild,2705,0.0003,6,1,001000,False,False,False,0.6805884838104248,0.8638888597488403,0.6071021556854248,-0.11944448947906494,0.073486328125,0.9833333492279053
constant_ild,2705,0.0003,6,1,000100,False,False,False,0.8105836510658264,0.8083333373069763,0.7370973229408264,-0.17500001192092896,0.073486328125,0.9833333492279053
constant_ild,2705,0.0003,6,1,000010,False,False,False,0.8941633701324463,0.730555534362793,0.8206770420074463,-0.2527778148651123,0.073486328125,0.9833333492279053
constant_ild,2705,0.0003,6,1,000001,False,False,False,0.9962238669395447,0.7444444298744202,0.9227375388145447,-0.2388889193534851,0.073486328125,0.9833333492279053
constant_ild,2705,0.0003,6,2,110000,True,True,False,0.22563478350639343,0.980555534362793,0.15214845538139343,-0.0027778148651123047,0.073486328125,0.9833333492279053
constant_ild,2705,0.0003,6,2,101000,False,True,False,0.21401183307170868,0.9666666388511658,0.14052550494670868,-0.016666710376739502,0.073486328125,0.9833333492279053
constant_ild,2705,0.0003,6,2,100100,False,True,False,0.23057645559310913,0.9777777791023254,0.15709012746810913,-0.005555570125579834,0.073486328125,0.9833333492279053
constant_ild,2705,0.0003,6,2,100010,False,True,False,0.2541385889053345,0.9583333134651184,0.18065226078033447,-0.025000035762786865,0.073486328125,0.9833333492279053
constant_ild,2705,0.0003,6,2,100001,False,True,False,0.29186302423477173,0.9527778029441833,0.21837669610977173,-0.030555546283721924,0.073486328125,0.9833333492279053
constant_ild,2705,0.0003,6,2,011000,False,False,False,0.37443459033966064,0.9111111164093018,0.30094826221466064,-0.07222223281860352,0.073486328125,0.9833333492279053
constant_ild,2705,0.0003,6,2,010100,False,False,False,0.3701964020729065,0.9111111164093018,0.2967100739479065,-0.07222223281860352,0.073486328125,0.9833333492279053
constant_ild,2705,0.0003,6,2,010010,False,False,False,0.40642237663269043,0.894444465637207,0.33293604850769043,-0.08888888359069824,0.073486328125,0.9833333492279053
constant_ild,2705,0.0003,6,2,010001,False,False,False,0.43967196345329285,0.8777777552604675,0.36618563532829285,-0.10555559396743774,0.073486328125,0.9833333492279053
constant_ild,2705,0.0003,6,2,001100,False,False,False,0.4243863821029663,0.8888888955116272,0.3509000539779663,-0.09444445371627808,0.073486328125,0.9833333492279053
constant_ild,2705,0.0003,6,2,001010,False,False,False,0.44612884521484375,0.8805555701255798,0.37264251708984375,-0.10277777910232544,0.073486328125,0.9833333492279053
constant_ild,2705,0.0003,6,2,001001,False,False,False,0.47005218267440796,0.8777777552604675,0.39656585454940796,-0.10555559396743774,0.073486328125,0.9833333492279053
constant_ild,2705,0.0003,6,2,000110,False,False,False,0.5268673896789551,0.8527777791023254,0.4533810615539551,-0.13055557012557983,0.073486328125,0.9833333492279053
constant_ild,2705,0.0003,6,2,000101,False,False,False,0.5516331791877747,0.8472222089767456,0.47814685106277466,-0.13611114025115967,0.073486328125,0.9833333492279053
constant_ild,2705,0.0003,6,2,000011,False,False,False,0.6410923600196838,0.8222222328186035,0.5676060318946838,-0.16111111640930176,0.073486328125,0.9833333492279053
constant_ild,2705,0.0003,6,3,111000,True,True,False,0.11025160551071167,0.9861111044883728,0.03676527738571167,0.0027777552604675293,0.073486328125,0.9833333492279053
constant_ild,2705,0.0003,6,3,110100,False,True,False,0.10914764553308487,0.9833333492279053,0.03566131740808487,0.0,0.073486328125,0.9833333492279053
constant_ild,2705,0.0003,6,3,110010,False,True,False,0.1195169985294342,0.980555534362793,0.046030670404434204,-0.0027778148651123047,0.073486328125,0.9833333492279053
constant_ild,2705,0.0003,6,3,110001,False,True,False,0.12648698687553406,0.9833333492279053,0.05300065875053406,0.0,0.073486328125,0.9833333492279053
constant_ild,2705,0.0003,6,3,101100,False,True,False,0.12539616227149963,0.9750000238418579,0.051909834146499634,-0.008333325386047363,0.073486328125,0.9833333492279053
constant_ild,2705,0.0003,6,3,101010,False,True,True,0.1346758008003235,0.9694444537162781,0.061189472675323486,-0.013888895511627197,0.073486328125,0.9833333492279053
constant_ild,2705,0.0003,6,3,101001,False,True,False,0.1399923413991928,0.9694444537162781,0.06650601327419281,-0.013888895511627197,0.073486328125,0.9833333492279053
constant_ild,2705,0.0003,6,3,100110,False,True,False,0.13566337525844574,0.9722222089767456,0.06217704713344574,-0.011111140251159668,0.073486328125,0.9833333492279053
constant_ild,2705,0.0003,6,3,100101,False,True,False,0.141531303524971,0.9777777791023254,0.06804497539997101,-0.005555570125579834,0.073486328125,0.9833333492279053
constant_ild,2705,0.0003,6,3,100011,False,True,False,0.1761590987443924,0.9583333134651184,0.1026727706193924,-0.025000035762786865,0.073486328125,0.9833333492279053
constant_ild,2705,0.0003,6,3,011100,False,False,False,0.2883024513721466,0.9083333611488342,0.2148161232471466,-0.07499998807907104,0.073486328125,0.9833333492279053
constant_ild,2705,0.0003,6,3,011010,False,False,False,0.3021983802318573,0.9138888716697693,0.2287120521068573,-0.06944447755813599,0.073486328125,0.9833333492279053
constant_ild,2705,0.0003,6,3,011001,False,False,False,0.31107619404792786,0.9083333611488342,0.23758986592292786,-0.07499998807907104,0.073486328125,0.9833333492279053
constant_ild,2705,0.0003,6,3,010110,False,False,False,0.2911233603954315,0.9222221970558167,0.21763703227043152,-0.06111115217208862,0.073486328125,0.9833333492279053
constant_ild,2705,0.0003,6,3,010101,False,False,True,0.29936230182647705,0.9222221970558167,0.22587597370147705,-0.06111115217208862,0.073486328125,0.9833333492279053
constant_ild,2705,0.0003,6,3,010011,False,False,False,0.3359401822090149,0.8999999761581421,0.2624538540840149,-0.08333337306976318,0.073486328125,0.9833333492279053
constant_ild,2705,0.0003,6,3,001110,False,False,False,0.36082640290260315,0.8888888955116272,0.28734007477760315,-0.09444445371627808,0.073486328125,0.9833333492279053
constant_ild,2705,0.0003,6,3,001101,False,False,False,0.3673577308654785,0.894444465637207,0.2938714027404785,-0.08888888359069824,0.073486328125,0.9833333492279053
constant_ild,2705,0.0003,6,3,001011,False,False,False,0.4081822633743286,0.8777777552604675,0.3346959352493286,-0.10555559396743774,0.073486328125,0.9833333492279053
constant_ild,2705,0.0003,6,3,000111,False,False,False,0.4524930715560913,0.8638888597488403,0.3790067434310913,-0.11944448947906494,0.073486328125,0.9833333492279053
constant_ild,2705,0.0003,6,4,111100,True,True,False,0.08310636132955551,0.9833333492279053,0.009620033204555511,0.0,0.073486328125,0.9833333492279053
constant_ild,2705,0.0003,6,4,111010,False,True,False,0.08641654998064041,0.9833333492279053,0.012930221855640411,0.0,0.073486328125,0.9833333492279053
constant_ild,2705,0.0003,6,4,111001,False,True,False,0.08376802504062653,0.9861111044883728,0.010281696915626526,0.0027777552604675293,0.073486328125,0.9833333492279053
constant_ild,2705,0.0003,6,4,110110,False,True,False,0.08372550457715988,0.9861111044883728,0.010239176452159882,0.0027777552604675293,0.073486328125,0.9833333492279053
constant_ild,2705,0.0003,6,4,110101,False,True,False,0.08396385610103607,0.9861111044883728,0.010477527976036072,0.0027777552604675293,0.073486328125,0.9833333492279053
constant_ild,2705,0.0003,6,4,110011,False,True,False,0.0963122695684433,0.9833333492279053,0.0228259414434433,0.0,0.073486328125,0.9833333492279053
constant_ild,2705,0.0003,6,4,101110,False,True,False,0.10271760076284409,0.9777777791023254,0.029231272637844086,-0.005555570125579834,0.073486328125,0.9833333492279053
constant_ild,2705,0.0003,6,4,101101,False,True,False,0.10163398087024689,0.980555534362793,0.028147652745246887,-0.0027778148651123047,0.073486328125,0.9833333492279053
constant_ild,2705,0.0003,6,4,101011,False,True,False,0.11715655028820038,0.9722222089767456,0.04367022216320038,-0.011111140251159668,0.073486328125,0.9833333492279053
constant_ild,2705,0.0003,6,4,100111,False,True,False,0.1082480326294899,0.9750000238418579,0.0347617045044899,-0.008333325386047363,0.073486328125,0.9833333492279053
constant_ild,2705,0.0003,6,4,011110,False,False,False,0.27245432138442993,0.9138888716697693,0.19896799325942993,-0.06944447755813599,0.073486328125,0.9833333492279053
constant_ild,2705,0.0003,6,4,011101,False,False,False,0.27758482098579407,0.925000011920929,0.20409849286079407,-0.05833333730697632,0.073486328125,0.9833333492279053
constant_ild,2705,0.0003,6,4,011011,False,False,False,0.29158520698547363,0.9138888716697693,0.21809887886047363,-0.06944447755813599,0.073486328125,0.9833333492279053
constant_ild,2705,0.0003,6,4,010111,False,False,False,0.27313581109046936,0.9222221970558167,0.19964948296546936,-0.06111115217208862,0.073486328125,0.9833333492279053
constant_ild,2705,0.0003,6,4,001111,False,False,False,0.35441622138023376,0.894444465637207,0.28092989325523376,-0.08888888359069824,0.073486328125,0.9833333492279053
constant_ild,2705,0.0003,6,5,111110,True,True,False,0.07669233530759811,0.9833333492279053,0.003206007182598114,0.0,0.073486328125,0.9833333492279053
constant_ild,2705,0.0003,6,5,111101,False,True,False,0.07441659271717072,0.9861111044883728,0.0009302645921707153,0.0027777552604675293,0.073486328125,0.9833333492279053
constant_ild,2705,0.0003,6,5,111011,False,True,False,0.0782078430056572,0.9833333492279053,0.004721514880657196,0.0,0.073486328125,0.9833333492279053
constant_ild,2705,0.0003,6,5,110111,False,True,False,0.07518696784973145,0.9861111044883728,0.0017006397247314453,0.0027777552604675293,0.073486328125,0.9833333492279053
constant_ild,2705,0.0003,6,5,101111,False,True,False,0.09497138857841492,0.9777777791023254,0.021485060453414917,-0.005555570125579834,0.073486328125,0.9833333492279053
constant_ild,2705,0.0003,6,5,011111,False,False,False,0.27291139960289,0.9166666865348816,0.19942507147789001,-0.06666666269302368,0.073486328125,0.9833333492279053
constant_ild,2705,0.0003,6,6,111111,True,True,False,0.073486328125,0.9833333492279053,0.0,0.0,0.073486328125,0.9833333492279053
decreasing_ild,2705,0.0003,6,1,100000,True,True,False,0.46017056703567505,0.9555555582046509,0.38397639989852905,-0.027777791023254395,0.076194167137146,0.9833333492279053
decreasing_ild,2705,0.0003,6,1,010000,False,False,False,0.6141614317893982,0.8777777552604675,0.5379672646522522,-0.10555559396743774,0.076194167137146,0.9833333492279053
decreasing_ild,2705,0.0003,6,1,001000,False,False,False,0.6091806292533875,0.8777777552604675,0.5329864621162415,-0.10555559396743774,0.076194167137146,0.9833333492279053
decreasing_ild,2705,0.0003,6,1,000100,False,False,False,0.7559537291526794,0.8388888835906982,0.6797595620155334,-0.14444446563720703,0.076194167137146,0.9833333492279053
decreasing_ild,2705,0.0003,6,1,000010,False,False,False,0.8560859560966492,0.7555555701255798,0.7798917889595032,-0.22777777910232544,0.076194167137146,0.9833333492279053
decreasing_ild,2705,0.0003,6,1,000001,False,False,False,0.9712887406349182,0.7611111402511597,0.8950945734977722,-0.2222222089767456,0.076194167137146,0.9833333492279053
decreasing_ild,2705,0.0003,6,2,110000,True,True,False,0.17597821354866028,0.9833333492279053,0.09978404641151428,0.0,0.076194167137146,0.9833333492279053
decreasing_ild,2705,0.0003,6,2,101000,False,True,False,0.18060629069805145,0.9666666388511658,0.10441212356090546,-0.016666710376739502,0.076194167137146,0.9833333492279053
decreasing_ild,2705,0.0003,6,2,100100,False,True,False,0.19951936602592468,0.9777777791023254,0.12332519888877869,-0.005555570125579834,0.076194167137146,0.9833333492279053
decreasing_ild,2705,0.0003,6,2,100010,False,True,False,0.23131966590881348,0.9583333134651184,0.15512549877166748,-0.025000035762786865,0.076194167137146,0.9833333492279053
decreasing_ild,2705,0.0003,6,2,100001,False,True,False,0.2682819068431854,0.9527778029441833,0.19208773970603943,-0.030555546283721924,0.076194167137146,0.9833333492279053
decreasing_ild,2705,0.0003,6,2,011000,False,False,False,0.345255583524704,0.9138888716697693,0.269061416387558,-0.06944447755813599,0.076194167137146,0.9833333492279053
decreasing_ild,2705,0.0003,6,2,010100,False,False,False,0.3494705259799957,0.9055555462837219,0.27327635884284973,-0.07777780294418335,0.076194167137146,0.9833333492279053
decreasing_ild,2705,0.0003,6,2,010010,False,False,False,0.39269647002220154,0.9027777910232544,0.31650230288505554,-0.08055555820465088,0.076194167137146,0.9833333492279053
decreasing_ild,2705,0.0003,6,2,010001,False,False,False,0.4244122803211212,0.894444465637207,0.3482181131839752,-0.08888888359069824,0.076194167137146,0.9833333492279053
decreasing_ild,2705,0.0003,6,2,001100,False,False,False,0.4095208942890167,0.8916666507720947,0.3333267271518707,-0.09166669845581055,0.076194167137146,0.9833333492279053
decreasing_ild,2705,0.0003,6,2,001010,False,False,False,0.4348275363445282,0.8777777552604675,0.3586333692073822,-0.10555559396743774,0.076194167137146,0.9833333492279053
decreasing_ild,2705,0.0003,6,2,001001,False,False,False,0.46124571561813354,0.8861111402511597,0.38505154848098755,-0.0972222089767456,0.076194167137146,0.9833333492279053
decreasing_ild,2705,0.0003,6,2,000110,False,False,False,0.5199239253997803,0.8638888597488403,0.4437297582626343,-0.11944448947906494,0.076194167137146,0.9833333492279053
decreasing_ild,2705,0.0003,6,2,000101,False,False,False,0.5510560870170593,0.8527777791023254,0.47486191987991333,-0.13055557012557983,0.076194167137146,0.9833333492279053
decreasing_ild,2705,0.0003,6,2,000011,False,False,False,0.6392123103141785,0.8166666626930237,0.5630181431770325,-0.1666666865348816,0.076194167137146,0.9833333492279053
decreasing_ild,2705,0.0003,6,3,111000,True,True,False,0.10139262676239014,0.9833333492279053,0.02519845962524414,0.0,0.076194167137146,0.9833333492279053
decreasing_ild,2705,0.0003,6,3,110100,False,True,False,0.10392721742391586,0.9861111044883728,0.027733050286769867,0.0027777552604675293,0.076194167137146,0.9833333492279053
decreasing_ild,2705,0.0003,6,3,110010,False,True,False,0.11507166922092438,0.9833333492279053,0.03887750208377838,0.0,0.076194167137146,0.9833333492279053
decreasing_ild,2705,0.0003,6,3,110001,False,True,False,0.12195079773664474,0.9833333492279053,0.04575663059949875,0.0,0.076194167137146,0.9833333492279053
decreasing_ild,2705,0.0003,6,3,101100,False,True,False,0.11931761354207993,0.9777777791023254,0.04312344640493393,-0.005555570125579834,0.076194167137146,0.9833333492279053
decreasing_ild,2705,0.0003,6,3,101010,False,True,True,0.1299791932106018,0.9722222089767456,0.05378502607345581,-0.011111140251159668,0.076194167137146,0.9833333492279053
decreasing_ild,2705,0.0003,6,3,101001,False,True,False,0.13757777214050293,0.9694444537162781,0.061383605003356934,-0.013888895511627197,0.076194167137146,0.9833333492279053
decreasing_ild,2705,0.0003,6,3,100110,False,True,False,0.13643065094947815,0.9694444537162781,0.06023648381233215,-0.013888895511627197,0.076194167137146,0.9833333492279053
decreasing_ild,2705,0.0003,6,3,100101,False,True,False,0.14346200227737427,0.9722222089767456,0.06726783514022827,-0.011111140251159668,0.076194167137146,0.9833333492279053
decreasing_ild,2705,0.0003,6,3,100011,False,True,False,0.1755463182926178,0.9583333134651184,0.0993521511554718,-0.025000035762786865,0.076194167137146,0.9833333492279053
decreasing_ild,2705,0.0003,6,3,011100,False,False,False,0.28213387727737427,0.9138888716697693,0.20593971014022827,-0.06944447755813599,0.076194167137146,0.9833333492279053
decreasing_ild,2705,0.0003,6,3,011010,False,False,False,0.2978997826576233,0.9166666865348816,0.2217056155204773,-0.06666666269302368,0.076194167137146,0.9833333492279053
decreasing_ild,2705,0.0003,6,3,011001,False,False,False,0.3071928322315216,0.9111111164093018,0.2309986650943756,-0.07222223281860352,0.076194167137146,0.9833333492279053
decreasing_ild,2705,0.0003,6,3,010110,False,False,False,0.2931431233882904,0.9194444417953491,0.2169489562511444,-0.06388890743255615,0.076194167137146,0.9833333492279053
decreasing_ild,2705,0.0003,6,3,010101,False,False,True,0.3016182780265808,0.9166666865348816,0.22542411088943481,-0.06666666269302368,0.076194167137146,0.9833333492279053
decreasing_ild,2705,0.0003,6,3,010011,False,False,False,0.33825385570526123,0.9027777910232544,0.26205968856811523,-0.08055555820465088,0.076194167137146,0.9833333492279053
decreasing_ild,2705,0.0003,6,3,001110,False,False,False,0.36108043789863586,0.8916666507720947,0.28488627076148987,-0.09166669845581055,0.076194167137146,0.9833333492279053
decreasing_ild,2705,0.0003,6,3,001101,False,False,False,0.3687972128391266,0.8972222208976746,0.2926030457019806,-0.08611112833023071,0.076194167137146,0.9833333492279053
decreasing_ild,2705,0.0003,6,3,001011,False,False,False,0.40065693855285645,0.8861111402511597,0.32446277141571045,-0.0972222089767456,0.076194167137146,0.9833333492279053
decreasing_ild,2705,0.0003,6,3,000111,False,False,False,0.45384690165519714,0.8611111044883728,0.37765273451805115,-0.12222224473953247,0.076194167137146,0.9833333492279053
decreasing_ild,2705,0.0003,6,4,111100,True,True,False,0.08319918066263199,0.9833333492279053,0.007005013525485992,0.0,0.076194167137146,0.9833333492279053
decreasing_ild,2705,0.0003,6,4,111010,False,True,False,0.0868147760629654,0.9833333492279053,0.010620608925819397,0.0,0.076194167137146,0.9833333492279053
decreasing_ild,2705,0.0003,6,4,111001,False,True,False,0.08578495681285858,0.9833333492279053,0.009590789675712585,0.0,0.076194167137146,0.9833333492279053
decreasing_ild,2705,0.0003,6,4,110110,False,True,False,0.08731551468372345,0.9833333492279053,0.011121347546577454,0.0,0.076194167137146,0.9833333492279053
decreasing_ild,2705,0.0003,6,4,110101,False,True,False,0.08794856816530228,0.9861111044883728,0.01175440102815628,0.0027777552604675293,0.076194167137146,0.9833333492279053
decreasing_ild,2705,0.0003,6,4,110011,False,True,False,0.0988350361585617,0.9833333492279053,0.02264086902141571,0.0,0.076194167137146,0.9833333492279053
decreasing_ild,2705,0.0003,6,4,101110,False,True,False,0.1035548597574234,0.9777777791023254,0.027360692620277405,-0.005555570125579834,0.076194167137146,0.9833333492279053
decreasing_ild,2705,0.0003,6,4,101101,False,True,False,0.10481914132833481,0.9777777791023254,0.028624974191188812,-0.005555570125579834,0.076194167137146,0.9833333492279053
decreasing_ild,2705,0.0003,6,4,101011,False,True,False,0.11692731827497482,0.9722222089767456,0.04073315113782883,-0.011111140251159668,0.076194167137146,0.9833333492279053
decreasing_ild,2705,0.0003,6,4,100111,False,True,False,0.11592791974544525,0.9722222089767456,0.039733752608299255,-0.011111140251159668,0.076194167137146,0.9833333492279053
decreasing_ild,2705,0.0003,6,4,011110,False,False,False,0.2720761299133301,0.9138888716697693,0.19588196277618408,-0.06944447755813599,0.076194167137146,0.9833333492279053
decreasing_ild,2705,0.0003,6,4,011101,False,False,False,0.2759416401386261,0.9194444417953491,0.1997474730014801,-0.06388890743255615,0.076194167137146,0.9833333492279053
decreasing_ild,2705,0.0003,6,4,011011,False,False,False,0.28999337553977966,0.9166666865348816,0.21379920840263367,-0.06666666269302368,0.076194167137146,0.9833333492279053
decreasing_ild,2705,0.0003,6,4,010111,False,False,False,0.27910298109054565,0.9222221970558167,0.20290881395339966,-0.06111115217208862,0.076194167137146,0.9833333492279053
decreasing_ild,2705,0.0003,6,4,001111,False,False,False,0.35385996103286743,0.894444465637207,0.27766579389572144,-0.08888888359069824,0.076194167137146,0.9833333492279053
decreasing_ild,2705,0.0003,6,5,111110,True,True,False,0.07881291955709457,0.9833333492279053,0.002618752419948578,0.0,0.076194167137146,0.9833333492279053
decreasing_ild,2705,0.0003,6,5,111101,False,True,False,0.07742798328399658,0.9833333492279053,0.001233816146850586,0.0,0.076194167137146,0.9833333492279053
decreasing_ild,2705,0.0003,6,5,111011,False,True,False,0.08074244856834412,0.9833333492279053,0.00454828143119812,0.0,0.076194167137146,0.9833333492279053
decreasing_ild,2705,0.0003,6,5,110111,False,True,False,0.0808865875005722,0.9833333492279053,0.0046924203634262085,0.0,0.076194167137146,0.9833333492279053
decreasing_ild,2705,0.0003,6,5,101111,False,True,False,0.09793110191822052,0.9777777791023254,0.021736934781074524,-0.005555570125579834,0.076194167137146,0.9833333492279053
decreasing_ild,2705,0.0003,6,5,011111,False,False,False,0.2727324068546295,0.9194444417953491,0.19653823971748352,-0.06388890743255615,0.076194167137146,0.9833333492279053
decreasing_ild,2705,0.0003,6,6,111111,True,True,False,0.076194167137146,0.9833333492279053,0.0,0.0,0.076194167137146,0.9833333492279053
dense3,2705,0.0003,3,1,100,True,True,False,0.5536549687385559,0.9277777671813965,0.4779450222849846,-0.05833333730697632,0.07570994645357132,0.9861111044883728
dense3,2705,0.0003,3,1,010,False,False,True,0.5845819711685181,0.8666666746139526,0.5088720247149467,-0.11944442987442017,0.07570994645357132,0.9861111044883728
dense3,2705,0.0003,3,1,001,False,False,False,0.6125782132148743,0.8222222328186035,0.536868266761303,-0.1638888716697693,0.07570994645357132,0.9861111044883728
dense3,2705,0.0003,3,2,110,True,True,False,0.16642145812511444,0.9722222089767456,0.09071151167154312,-0.013888895511627197,0.07570994645357132,0.9861111044883728
dense3,2705,0.0003,3,2,101,False,True,True,0.17157310247421265,0.9611111283302307,0.09586315602064133,-0.02499997615814209,0.07570994645357132,0.9861111044883728
dense3,2705,0.0003,3,2,011,False,False,False,0.31606292724609375,0.9083333611488342,0.24035298079252243,-0.07777774333953857,0.07570994645357132,0.9861111044883728
dense3,2705,0.0003,3,3,111,True,True,False,0.07570994645357132,0.9861111044883728,0.0,0.0,0.07570994645357132,0.9861111044883728
