config,seed,retained,layers,keeps_first,is_prefix,is_odd_layers,is_even_layers,ce,accuracy,perplexity,full_ce,excess_ce,perplexity_ratio_vs_full
dense6,100,1,1,True,True,False,False,2.3084618151187897,0.3326416015625,10.058940239322434,2.1207039952278137,0.18775781989097595,1.2065412796655473
dense6,100,1,2,False,False,False,False,4.386406302452087,0.0823974609375,80.35114180319191,2.1207039952278137,2.2657023072242737,9.637890985257641
dense6,100,1,3,False,False,False,False,5.033029913902283,0.069091796875,153.39708925787986,2.1207039952278137,2.912325918674469,18.399544680329015
dense6,100,1,4,False,False,False,False,4.799295246601105,0.069580078125,121.42481280763609,2.1207039952278137,2.678591251373291,14.56456103152505
dense6,100,1,5,False,False,False,False,4.853328108787537,0.07373046875,128.16623199142873,2.1207039952278137,2.732624113559723,15.373175093767747
dense6,100,1,6,False,False,False,False,5.582873582839966,0.054443359375,265.8344064645454,2.1207039952278137,3.462169587612152,31.886081169965152
dense6,100,2,"1,2",True,True,False,False,2.2168532609939575,0.352783203125,9.178403336267882,2.1207039952278137,0.0961492657661438,1.10092338190222
dense6,100,2,"1,3",True,False,False,False,2.234609067440033,0.3507080078125,9.342828722229719,2.1207039952278137,0.11390507221221924,1.1206457394138358
dense6,100,2,"1,4",True,False,False,False,2.2392717003822327,0.34912109375,9.38649261845886,2.1207039952278137,0.11856770515441895,1.1258830996106433
dense6,100,2,"1,5",True,False,False,False,2.248669445514679,0.3443603515625,9.475120281588598,2.1207039952278137,0.12796545028686523,1.1365137357951887
dense6,100,2,"1,6",True,False,False,False,2.2459786236286163,0.353271484375,9.449658692225713,2.1207039952278137,0.1252746284008026,1.133459690549734
dense6,100,2,"2,3",False,False,False,False,4.421575248241425,0.0784912109375,83.22728578773264,2.1207039952278137,2.300871253013611,9.982876278046684
dense6,100,2,"2,4",False,False,False,False,4.235455930233002,0.0888671875,69.09317321989332,2.1207039952278137,2.114751935005188,8.287529665103047
dense6,100,2,"2,5",False,False,False,False,4.529341816902161,0.08203125,92.69752905235609,2.1207039952278137,2.408637821674347,11.118805029524431
dense6,100,2,"2,6",False,False,False,False,4.944607317447662,0.068115234375,140.41570122806087,2.1207039952278137,2.8239033222198486,16.84246409801234
dense6,100,2,"3,4",False,False,False,False,4.636585295200348,0.10302734375,103.19137719043451,2.1207039952278137,2.515881299972534,12.377512275009162
dense6,100,2,"3,5",False,False,False,False,4.682956039905548,0.06298828125,108.08911652755666,2.1207039952278137,2.5622520446777344,12.964982182045581
dense6,100,2,"3,6",False,False,False,False,5.399563491344452,0.050537109375,221.3097914774191,2.1207039952278137,3.278859496116638,26.5454802055437
dense6,100,2,"4,5",False,False,False,False,4.410040259361267,0.082275390625,82.27277568692688,2.1207039952278137,2.2893362641334534,9.868385505551801
dense6,100,2,"4,6",False,False,False,False,5.853561460971832,0.0313720703125,348.4732469507005,2.1207039952278137,3.7328574657440186,41.79837510729934
dense6,100,2,"5,6",False,False,False,False,4.569259464740753,0.0816650390625,96.4726419209834,2.1207039952278137,2.4485554695129395,11.571619083791274
dense6,100,3,"1,2,3",True,True,False,False,2.191259950399399,0.365966796875,8.946478135224638,2.1207039952278137,0.07055595517158508,1.0731046135035864
dense6,100,3,"1,2,4",True,False,False,False,2.1787531971931458,0.364013671875,8.83528353225828,2.1207039952278137,0.05804920196533203,1.059767137053486
dense6,100,3,"1,2,5",True,False,False,False,2.174403190612793,0.3665771484375,8.796933462754454,2.1207039952278137,0.05369919538497925,1.0551671552628072
dense6,100,3,"1,2,6",True,False,False,False,2.1686576902866364,0.3663330078125,8.74653559778912,2.1207039952278137,0.04795369505882263,1.0491220746637617
dense6,100,3,"1,3,4",True,False,False,False,2.200504392385483,0.359130859375,9.029566795749576,2.1207039952278137,0.07980039715766907,1.0830708620755343
dense6,100,3,"1,3,5",True,False,True,False,2.1917221546173096,0.362060546875,8.950614190931748,2.1207039952278137,0.07101815938949585,1.0736007216250083
dense6,100,3,"1,3,6",True,False,False,False,2.183869391679764,0.3668212890625,8.880602392351397,2.1207039952278137,0.06316539645195007,1.0652030054599788
dense6,100,3,"1,4,5",True,False,False,False,2.201225697994232,0.3563232421875,9.03608222244835,2.1207039952278137,0.08052170276641846,1.083852368981796
dense6,100,3,"1,4,6",True,False,False,False,2.194833129644394,0.3631591796875,8.97850268587,2.1207039952278137,0.0741291344165802,1.076945867293456
dense6,100,3,"1,5,6",True,False,False,False,2.2061179876327515,0.357421875,9.080397667485373,2.1207039952278137,0.08541399240493774,1.0891678806054659
dense6,100,3,"2,3,4",False,False,False,False,4.330711662769318,0.08251953125,75.99835252656361,2.1207039952278137,2.210007667541504,9.11578628844205
dense6,100,3,"2,3,5",False,False,False,False,4.574081480503082,0.0704345703125,96.93895790892373,2.1207039952278137,2.4533774852752686,11.627552360600951
dense6,100,3,"2,3,6",False,False,False,False,4.985484302043915,0.0506591796875,146.27439886505064,2.1207039952278137,2.864780306816101,17.54519822068601
dense6,100,3,"2,4,5",False,False,False,False,4.471373438835144,0.076904296875,87.47678455906025,2.1207039952278137,2.3506694436073303,10.492591572452305
dense6,100,3,"2,4,6",False,False,False,True,5.234059572219849,0.050537109375,187.55264366565777,2.1207039952278137,3.113355576992035,22.49640631210887
dense6,100,3,"2,5,6",False,False,False,False,5.257308006286621,0.0552978515625,191.96402914765514,2.1207039952278137,3.1366040110588074,23.025539457143406
dense6,100,3,"3,4,5",False,False,False,False,4.782697856426239,0.0587158203125,119.42611031732562,2.1207039952278137,2.6619938611984253,14.324822351012486
dense6,100,3,"3,4,6",False,False,False,False,5.320125758647919,0.05126953125,204.4095866498814,2.1207039952278137,3.199421763420105,24.518348691279858
dense6,100,3,"3,5,6",False,False,False,False,4.749636292457581,0.0577392578125,115.54225329512136,2.1207039952278137,2.628932297229767,13.858964744732084
dense6,100,3,"4,5,6",False,False,False,False,4.7105712890625,0.0657958984375,111.11562091558474,2.1207039952278137,2.5898672938346863,13.328002777691427
dense6,100,4,"1,2,3,4",True,True,False,False,2.165879547595978,0.36962890625,8.72227019583093,2.1207039952278137,0.04517555236816406,1.0462115086962076
dense6,100,4,"1,2,3,5",True,False,False,False,2.1553679406642914,0.372802734375,8.631065314707591,2.1207039952278137,0.03466394543647766,1.0352717425415068
dense6,100,4,"1,2,3,6",True,False,False,False,2.1472155153751373,0.3734130859375,8.560987240821714,2.1207039952278137,0.02651152014732361,1.0268660768420297
dense6,100,4,"1,2,4,5",True,False,False,False,2.147636651992798,0.3714599609375,8.564593345310175,2.1207039952278137,0.02693265676498413,1.0272986188216615
dense6,100,4,"1,2,4,6",True,False,False,False,2.140830844640732,0.371337890625,8.506502275494809,2.1207039952278137,0.02012684941291809,1.0203307601760578
dense6,100,4,"1,2,5,6",True,False,False,False,2.141464978456497,0.372314453125,8.511898246944746,2.1207039952278137,0.02076098322868347,1.020977991608331
dense6,100,4,"1,3,4,5",True,False,False,False,2.1708072423934937,0.3680419921875,8.76535695330613,2.1207039952278137,0.05010324716567993,1.051379642740542
dense6,100,4,"1,3,4,6",True,False,False,False,2.159386992454529,0.37109375,8.665823814530613,2.1207039952278137,0.03868299722671509,1.039440925761403
dense6,100,4,"1,3,5,6",True,False,False,False,2.1573874950408936,0.373291015625,8.648513833624559,2.1207039952278137,0.036683499813079834,1.037364642771697
dense6,100,4,"1,4,5,6",True,False,False,False,2.169323056936264,0.3642578125,8.752357187406686,2.1207039952278137,0.04861906170845032,1.04982035778502
dense6,100,4,"2,3,4,5",False,False,False,False,4.476639032363892,0.068115234375,87.93861659255283,2.1207039952278137,2.355935037136078,10.547987011675854
dense6,100,4,"2,3,4,6",False,False,False,False,5.034015476703644,0.044677734375,153.54834624727718,2.1207039952278137,2.91331148147583,18.417687526116325
dense6,100,4,"2,3,5,6",False,False,False,False,4.935959100723267,0.05224609375,139.2065916690201,2.1207039952278137,2.815255105495453,16.69743484444167
dense6,100,4,"2,4,5,6",False,False,False,False,4.7260549664497375,0.06298828125,112.84948802172323,2.1207039952278137,2.605350971221924,13.535975206917357
dense6,100,4,"3,4,5,6",False,False,False,False,4.8752129673957825,0.0555419921875,131.00204940552726,2.1207039952278137,2.7545089721679688,15.713323329098625
dense6,100,5,"1,2,3,4,5",True,True,False,False,2.1409981548786163,0.377197265625,8.507925619480778,2.1207039952278137,0.020294159650802612,1.0205014862399748
dense6,100,5,"1,2,3,4,6",True,False,False,False,2.1322749853134155,0.3740234375,8.434032302189484,2.1207039952278137,0.011570990085601807,1.011638192942452
dense6,100,5,"1,2,3,5,6",True,False,False,False,2.127029210329056,0.3782958984375,8.389905108377626,2.1207039952278137,0.006325215101242065,1.0063452615179587
dense6,100,5,"1,2,4,5,6",True,False,False,False,2.1233809888362885,0.3741455078125,8.359352641209203,2.1207039952278137,0.0026769936084747314,1.0026805799553598
dense6,100,5,"1,3,4,5,6",True,False,False,False,2.1433085501194,0.37890625,8.527605015178118,2.1207039952278137,0.022604554891586304,1.0228619737965958
dense6,100,5,"2,3,4,5,6",False,False,False,False,4.635114014148712,0.0584716796875,103.03966530526016,2.1207039952278137,2.5144100189208984,12.359314865766867
dense6,100,6,"1,2,3,4,5,6",True,True,False,False,2.1207039952278137,0.380859375,8.337004633700364,2.1207039952278137,0.0,1.0
constant_ild,100,1,1,True,True,False,False,2.1647814512252808,0.37060546875,8.712697559385223,2.1137168407440186,0.05106461048126221,1.052390886568298
constant_ild,100,1,2,False,False,False,False,4.542751729488373,0.09228515625,93.94896689661522,2.1137168407440186,2.4290348887443542,11.347924783410136
constant_ild,100,1,3,False,False,False,False,4.728583335876465,0.086669921875,113.13517422499918,2.1137168407440186,2.6148664951324463,13.665391859775161
constant_ild,100,1,4,False,False,False,False,4.675042986869812,0.0753173828125,107.23717678352308,2.1137168407440186,2.5613261461257935,12.952983479465153
constant_ild,100,1,5,False,False,False,False,4.4178725481033325,0.0902099609375,82.91968992420445,2.1137168407440186,2.304155707359314,10.015718484260038
constant_ild,100,1,6,False,False,False,False,4.649016559123993,0.0634765625,104.48218298570184,2.1137168407440186,2.5352997183799744,12.620212790982327
constant_ild,100,2,"1,2",True,True,False,False,2.1348156929016113,0.380615234375,8.45548795678927,2.1137168407440186,0.021098852157592773,1.0213230066304415
constant_ild,100,2,"1,3",True,False,False,False,2.138108104467392,0.37841796875,8.483372782103983,2.1137168407440186,0.024391263723373413,1.0246911639473615
constant_ild,100,2,"1,4",True,False,False,False,2.145709455013275,0.37548828125,8.548103581499461,2.1137168407440186,0.03199261426925659,1.0325098794369978
constant_ild,100,2,"1,5",True,False,False,False,2.1499613523483276,0.3753662109375,8.584526618972168,2.1137168407440186,0.03624451160430908,1.0369093518663057
constant_ild,100,2,"1,6",True,False,False,False,2.1541201174259186,0.375732421875,8.62030198759743,2.1137168407440186,0.040403276681900024,1.0412305935538801
constant_ild,100,2,"2,3",False,False,False,False,4.495367765426636,0.0970458984375,89.60111511887834,2.1137168407440186,2.381650924682617,10.82275567753302
constant_ild,100,2,"2,4",False,False,False,False,4.469822406768799,0.087890625,87.34121042823975,2.1137168407440186,2.3561055660247803,10.549785901555989
constant_ild,100,2,"2,5",False,False,False,False,4.370005488395691,0.0904541015625,79.04406552348256,2.1137168407440186,2.2562886476516724,9.547588864095736
constant_ild,100,2,"2,6",False,False,False,False,4.214090526103973,0.1153564453125,67.63262778204341,2.1137168407440186,2.100373685359955,8.169222060946947
constant_ild,100,2,"3,4",False,False,False,False,4.32286936044693,0.0980224609375,75.40468138697113,2.1137168407440186,2.2091525197029114,9.107994275636715
constant_ild,100,2,"3,5",False,False,False,False,4.691605865955353,0.0853271484375,109.0281238537491,2.1137168407440186,2.5778890252113342,13.169308717680474
constant_ild,100,2,"3,6",False,False,False,False,4.467000782489777,0.0892333984375,87.09511370785305,2.1137168407440186,2.353283941745758,10.520060326441733
constant_ild,100,2,"4,5",False,False,False,False,4.589198648929596,0.0860595703125,98.41553316122727,2.1137168407440186,2.4754818081855774,11.8874331961712
constant_ild,100,2,"4,6",False,False,False,False,4.487156569957733,0.0870361328125,88.86839521845658,2.1137168407440186,2.3734397292137146,10.734251773850461
constant_ild,100,2,"5,6",False,False,False,False,4.504848003387451,0.0897216796875,90.45459421202158,2.1137168407440186,2.3911311626434326,10.925845864398624
constant_ild,100,3,"1,2,3",True,True,False,False,2.1219160556793213,0.3841552734375,8.34711571368315,2.1137168407440186,0.008199214935302734,1.008232920554977
constant_ild,100,3,"1,2,4",True,False,False,False,2.1249740421772003,0.382080078125,8.37268014875879,2.1137168407440186,0.011257201433181763,1.0113208021565696
constant_ild,100,3,"1,2,5",True,False,False,False,2.126638352870941,0.3828125,8.386626492170679,2.1137168407440186,0.012921512126922607,1.0130053556037184
constant_ild,100,3,"1,2,6",True,False,False,False,2.1284564435482025,0.381103515625,8.401888008816483,2.1137168407440186,0.01473960280418396,1.014848766433003
constant_ild,100,3,"1,3,4",True,False,False,False,2.130294054746628,0.381103515625,8.417341606813105,2.1137168407440186,0.016577214002609253,1.016715378419186
constant_ild,100,3,"1,3,5",True,False,True,False,2.1292660236358643,0.3814697265625,8.40869276417274,2.1137168407440186,0.015549182891845703,1.0156707004521102
constant_ild,100,3,"1,3,6",True,False,False,False,2.132710874080658,0.38134765625,8.437709403477921,2.1137168407440186,0.018994033336639404,1.0191755675217493
constant_ild,100,3,"1,4,5",True,False,False,False,2.136570304632187,0.378662109375,8.470337078557995,2.1137168407440186,0.022853463888168335,1.0231166050328235
constant_ild,100,3,"1,4,6",True,False,False,False,2.139720618724823,0.3797607421875,8.497063376839304,2.1137168407440186,0.026003777980804443,1.0263448259771688
constant_ild,100,3,"1,5,6",True,False,False,False,2.142321765422821,0.379638671875,8.519194255537615,2.1137168407440186,0.02860492467880249,1.0290179745508574
constant_ild,100,3,"2,3,4",False,False,False,False,4.590218901634216,0.0946044921875,98.51599311366657,2.1137168407440186,2.4765020608901978,11.899567571052412
constant_ild,100,3,"2,3,5",False,False,False,False,4.523036062717438,0.091064453125,92.11484029741209,2.1137168407440186,2.409319221973419,11.126383968449254
constant_ild,100,3,"2,3,6",False,False,False,False,4.494954168796539,0.092041015625,89.56406406223655,2.1137168407440186,2.3812373280525208,10.818280347810878
constant_ild,100,3,"2,4,5",False,False,False,False,4.522869884967804,0.083984375,92.09953413235084,2.1137168407440186,2.4091530442237854,11.1245351646191
constant_ild,100,3,"2,4,6",False,False,False,True,4.413325607776642,0.08935546875,82.54351491298313,2.1137168407440186,2.2996087670326233,9.970280989056544
constant_ild,100,3,"2,5,6",False,False,False,False,4.387014806270599,0.0865478515625,80.40005065890452,2.1137168407440186,2.273297965526581,9.711375841563234
constant_ild,100,3,"3,4,5",False,False,False,False,4.381421864032745,0.09619140625,79.95163297566144,2.1137168407440186,2.267705023288727,9.65721228544246
constant_ild,100,3,"3,4,6",False,False,False,False,4.303593337535858,0.0947265625,73.9650983137264,2.1137168407440186,2.1898764967918396,8.934109655355273
constant_ild,100,3,"3,5,6",False,False,False,False,4.481976091861725,0.0819091796875,88.40920488329056,2.1137168407440186,2.3682592511177063,10.678787008703367
constant_ild,100,3,"4,5,6",False,False,False,False,4.662979900836945,0.082275390625,105.95133668662523,2.1137168407440186,2.549263060092926,12.797669193581129
constant_ild,100,4,"1,2,3,4",True,True,False,False,2.1171773076057434,0.385009765625,8.307654407613414,2.1137168407440186,0.0034604668617248535,1.003466461189572
constant_ild,100,4,"1,2,3,5",True,False,False,False,2.1167446076869965,0.3848876953125,8.304060463831929,2.1137168407440186,0.0030277669429779053,1.0030323552589235
constant_ild,100,4,"1,2,3,6",True,False,False,False,2.118335008621216,0.3841552734375,8.317277756963135,2.1137168407440186,0.004618167877197266,1.0046288480490813
constant_ild,100,4,"1,2,4,5",True,False,False,False,2.1197794675827026,0.3829345703125,8.329300404374353,2.1137168407440186,0.006062626838684082,1.0060810417562254
constant_ild,100,4,"1,2,4,6",True,False,False,False,2.1211077272892,0.3826904296875,8.340371229322479,2.1137168407440186,0.007390886545181274,1.007418266559771
constant_ild,100,4,"1,2,5,6",True,False,False,False,2.1222150027751923,0.382568359375,8.349611432710045,2.1137168407440186,0.008498162031173706,1.0085343739155965
constant_ild,100,4,"1,3,4,5",True,False,False,False,2.124457210302353,0.384033203125,8.368353998822398,2.1137168407440186,0.01074036955833435,1.010798254376625
constant_ild,100,4,"1,3,4,6",True,False,False,False,2.1272392570972443,0.3828125,8.391667565923823,2.1137168407440186,0.013522416353225708,1.013614257730777
constant_ild,100,4,"1,3,5,6",True,False,False,False,2.125813812017441,0.383056640625,8.37971422611933,2.1137168407440186,0.012096971273422241,1.0121704355633527
constant_ild,100,4,"1,4,5,6",True,False,False,False,2.1325977742671967,0.382080078125,8.43675515408208,2.1137168407440186,0.0188809335231781,1.0190603054733594
constant_ild,100,4,"2,3,4,5",False,False,False,False,4.65991085767746,0.0931396484375,105.62666593065036,2.1137168407440186,2.546194016933441,12.758452803663504
constant_ild,100,4,"2,3,4,6",False,False,False,False,4.584614396095276,0.0904541015625,97.96540401560004,2.1137168407440186,2.4708975553512573,11.83306291562283
constant_ild,100,4,"2,3,5,6",False,False,False,False,4.5708558559417725,0.0865478515625,96.62677299169455,2.1137168407440186,2.457139015197754,11.67137210971184
constant_ild,100,4,"2,4,5,6",False,False,False,False,4.5439698696136475,0.0791015625,94.06347963504072,2.1137168407440186,2.430253028869629,11.36175656874339
constant_ild,100,4,"3,4,5,6",False,False,False,False,4.3831546902656555,0.090087890625,80.09029536686351,2.1137168407440186,2.269437849521637,9.673961063397417
constant_ild,100,5,"1,2,3,4,5",True,True,False,False,2.1141535937786102,0.385498046875,8.282572377660552,2.1137168407440186,0.0004367530345916748,1.0004368484250852
constant_ild,100,5,"1,2,3,4,6",True,False,False,False,2.1152850091457367,0.3858642578125,8.291948710591335,2.1137168407440186,0.0015681684017181396,1.0015693986207657
constant_ild,100,5,"1,2,3,5,6",True,False,False,False,2.1148860156536102,0.3870849609375,8.288640936952723,2.1137168407440186,0.0011691749095916748,1.0011698586610254
constant_ild,100,5,"1,2,4,5,6",True,False,False,False,2.11750528216362,0.3846435546875,8.310379553759617,2.1137168407440186,0.0037884414196014404,1.0037956266345196
constant_ild,100,5,"1,3,4,5,6",True,False,False,False,2.123000591993332,0.385009765625,8.356173374585156,2.1137168407440186,0.009283751249313354,1.009326978936084
constant_ild,100,5,"2,3,4,5,6",False,False,False,False,4.699413478374481,0.0867919921875,109.88270496545132,2.1137168407440186,2.5856966376304626,13.27253201536284
constant_ild,100,6,"1,2,3,4,5,6",True,True,False,False,2.1137168407440186,0.384521484375,8.278955728889036,2.1137168407440186,0.0,1.0
decreasing_ild,100,1,1,True,True,False,False,2.1989813148975372,0.3609619140625,9.015824533758574,2.1234680116176605,0.07551330327987671,1.0784375743795038
decreasing_ild,100,1,2,False,False,False,False,5.526653587818146,0.066650390625,251.301543808141,2.1234680116176605,3.4031855762004852,30.059705169228113
decreasing_ild,100,1,3,False,False,False,False,5.371797561645508,0.0863037109375,215.24944429790028,2.1234680116176605,3.2483295500278473,25.747294407291513
decreasing_ild,100,1,4,False,False,False,False,5.300201416015625,0.0606689453125,200.37716508078574,2.1234680116176605,3.1767334043979645,23.968330690290983
decreasing_ild,100,1,5,False,False,False,False,5.476001441478729,0.037841796875,238.8895811166103,2.1234680116176605,3.3525334298610687,28.575034866670325
decreasing_ild,100,1,6,False,False,False,False,5.008219420909882,0.0821533203125,149.63805640299796,2.1234680116176605,2.884751409292221,17.899117488130326
decreasing_ild,100,2,"1,2",True,True,False,False,2.154096484184265,0.371337890625,8.62009826432476,2.1234680116176605,0.030628472566604614,1.0311023499051941
decreasing_ild,100,2,"1,3",True,False,False,False,2.1624878346920013,0.368408203125,8.692736872045362,2.1234680116176605,0.03901982307434082,1.039791095302045
decreasing_ild,100,2,"1,4",True,False,False,False,2.173542946577072,0.36865234375,8.78936920722981,2.1234680116176605,0.05007493495941162,1.0513498762846094
decreasing_ild,100,2,"1,5",True,False,False,False,2.178181678056717,0.365234375,8.830235441321515,2.1234680116176605,0.054713666439056396,1.0562381349461283
decreasing_ild,100,2,"1,6",True,False,False,False,2.185391992330551,0.3614501953125,8.894134302566759,2.1234680116176605,0.061923980712890625,1.0638814661432814
decreasing_ild,100,2,"2,3",False,False,False,False,5.320600748062134,0.06494140625,204.5067021022842,2.1234680116176605,3.1971327364444733,24.46228971446008
decreasing_ild,100,2,"2,4",False,False,False,False,5.290559232234955,0.0823974609375,198.45437646727393,2.1234680116176605,3.1670912206172943,23.738334256727324
decreasing_ild,100,2,"2,5",False,False,False,False,5.123560428619385,0.077880859375,167.93221714614094,2.1234680116176605,3.0000924170017242,20.087393254065077
decreasing_ild,100,2,"2,6",False,False,False,False,5.692087113857269,0.0604248046875,296.51182922784295,2.1234680116176605,3.5686191022396088,35.46758221502312
decreasing_ild,100,2,"3,4",False,False,False,False,4.634989023208618,0.113525390625,103.02678708547386,2.1234680116176605,2.5115210115909576,12.323660242559384
decreasing_ild,100,2,"3,5",False,False,False,False,4.996562480926514,0.08251953125,147.90386189834263,2.1234680116176605,2.873094469308853,17.6916799422797
decreasing_ild,100,2,"3,6",False,False,False,False,5.15405410528183,0.0810546875,173.13196467148944,2.1234680116176605,3.0305860936641693,20.709366661780113
decreasing_ild,100,2,"4,5",False,False,False,False,4.94485342502594,0.0657958984375,140.45026284900624,2.1234680116176605,2.8213854134082794,16.800109653942165
decreasing_ild,100,2,"4,6",False,False,False,False,5.010283827781677,0.0611572265625,149.9472893163707,2.1234680116176605,2.8868158161640167,17.93610671654391
decreasing_ild,100,2,"5,6",False,False,False,False,5.053397059440613,0.052978515625,156.55338334321613,2.1234680116176605,2.9299290478229523,18.72630177765654
decreasing_ild,100,3,"1,2,3",True,True,False,False,2.135073274374008,0.37353515625,8.457666214354365,2.1234680116176605,0.011605262756347656,1.0116728650793025
decreasing_ild,100,3,"1,2,4",True,False,False,False,2.1381514370441437,0.376220703125,8.483740396470958,2.1234680116176605,0.014683425426483154,1.0147917564918914
decreasing_ild,100,3,"1,2,5",True,False,False,False,2.1412417888641357,0.37451171875,8.50999869183314,2.1234680116176605,0.01777377724647522,1.0179326708089014
decreasing_ild,100,3,"1,2,6",True,False,False,False,2.146711826324463,0.373779296875,8.556676251075858,2.1234680116176605,0.023243814706802368,1.0235160573953623
decreasing_ild,100,3,"1,3,4",True,False,False,False,2.147511601448059,0.3736572265625,8.563522405209095,2.1234680116176605,0.02404358983039856,1.0243349675049849
decreasing_ild,100,3,"1,3,5",True,False,True,False,2.154091328382492,0.3692626953125,8.620053820921415,2.1234680116176605,0.030623316764831543,1.0310970337595748
decreasing_ild,100,3,"1,3,6",True,False,False,False,2.1542677879333496,0.370361328125,8.62157504596042,2.1234680116176605,0.030799776315689087,1.0312789967331226
decreasing_ild,100,3,"1,4,5",True,False,False,False,2.1623534560203552,0.369140625,8.691568832093115,2.1234680116176605,0.0388854444026947,1.0396513789435284
decreasing_ild,100,3,"1,4,6",True,False,False,False,2.1646863222122192,0.37060546875,8.71186876848695,2.1234680116176605,0.041218310594558716,1.0420795777269736
decreasing_ild,100,3,"1,5,6",True,False,False,False,2.1687368154525757,0.365234375,8.747227696250532,2.1234680116176605,0.04526880383491516,1.0463090740029086
decreasing_ild,100,3,"2,3,4",False,False,False,False,5.1766164898872375,0.0731201171875,177.08263532829494,2.1234680116176605,3.053148478269577,21.181930392844816
decreasing_ild,100,3,"2,3,5",False,False,False,False,5.145272731781006,0.06591796875,171.61828404919513,2.1234680116176605,3.0218047201633453,20.528306121772932
decreasing_ild,100,3,"2,3,6",False,False,False,False,5.546254217624664,0.0584716796875,256.27580238679974,2.1234680116176605,3.422786206007004,30.65470647341486
decreasing_ild,100,3,"2,4,5",False,False,False,False,5.27842390537262,0.075439453125,196.06062161686953,2.1234680116176605,3.154955893754959,23.452002688842086
decreasing_ild,100,3,"2,4,6",False,False,False,True,5.393535017967224,0.0765380859375,219.97964469700594,2.1234680116176605,3.2700670063495636,26.31310242913573
decreasing_ild,100,3,"2,5,6",False,False,False,False,5.290113091468811,0.0740966796875,198.36585762711206,2.1234680116176605,3.1666450798511505,23.72774598020158
decreasing_ild,100,3,"3,4,5",False,False,False,False,4.688497722148895,0.1048583984375,108.68977485691947,2.1234680116176605,2.5650297105312347,13.001044631875201
decreasing_ild,100,3,"3,4,6",False,False,False,False,4.6844096183776855,0.1102294921875,108.24634678598869,2.1234680116176605,2.560941606760025,12.948003504972633
decreasing_ild,100,3,"3,5,6",False,False,False,False,5.235065162181854,0.067138671875,187.74133958093375,2.1234680116176605,3.1115971505641937,22.456882796499492
decreasing_ild,100,3,"4,5,6",False,False,False,False,5.180588483810425,0.0638427734375,177.78740522401196,2.1234680116176605,3.0571204721927643,21.26623220395337
decreasing_ild,100,4,"1,2,3,4",True,True,False,False,2.1253031492233276,0.376953125,8.375436110269016,2.1234680116176605,0.0018351376056671143,1.001836822501197
decreasing_ild,100,4,"1,2,3,5",True,False,False,False,2.129215747117996,0.3763427734375,8.408270015008002,2.1234680116176605,0.005747735500335693,1.0057642854250297
decreasing_ild,100,4,"1,2,3,6",True,False,False,False,2.131272941827774,0.377685546875,8.425585267918017,2.1234680116176605,0.007804930210113525,1.0078354680748391
decreasing_ild,100,4,"1,2,4,5",True,False,False,False,2.130302846431732,0.3763427734375,8.417415609755233,2.1234680116176605,0.006834834814071655,1.0068582456034396
decreasing_ild,100,4,"1,2,4,6",True,False,False,False,2.1339422166347504,0.3779296875,8.44810551339821,2.1234680116176605,0.010474205017089844,1.0105292515240567
decreasing_ild,100,4,"1,2,5,6",True,False,False,False,2.1367454826831818,0.37744140625,8.471821025672373,2.1234680116176605,0.01327747106552124,1.0133660080998255
decreasing_ild,100,4,"1,3,4,5",True,False,False,False,2.1429907977581024,0.371826171875,8.524895779004224,2.1234680116176605,0.019522786140441895,1.0197146019560692
decreasing_ild,100,4,"1,3,4,6",True,False,False,False,2.142380654811859,0.3746337890625,8.519695960454822,2.1234680116176605,0.01891264319419861,1.0190926200527355
decreasing_ild,100,4,"1,3,5,6",True,False,False,False,2.148453325033188,0.3707275390625,8.571590674673407,2.1234680116176605,0.024985313415527344,1.0253000622578776
decreasing_ild,100,4,"1,4,5,6",True,False,False,False,2.1558071076869965,0.3699951171875,8.634856626413226,2.1234680116176605,0.03233909606933594,1.0328676873020017
decreasing_ild,100,4,"2,3,4,5",False,False,False,False,5.1397106647491455,0.0706787109375,170.66638137670733,2.1234680116176605,3.016242653131485,20.414443257059975
decreasing_ild,100,4,"2,3,4,6",False,False,False,False,5.427943408489227,0.0704345703125,227.6805177785337,2.1234680116176605,3.3044753968715668,27.234250667497125
decreasing_ild,100,4,"2,3,5,6",False,False,False,False,5.385165154933929,0.0618896484375,218.14612904206888,2.1234680116176605,3.261697143316269,26.09378447678502
decreasing_ild,100,4,"2,4,5,6",False,False,False,False,5.339637994766235,0.0765380859375,208.43724125758155,2.1234680116176605,3.216169983148575,24.932445394261826
decreasing_ild,100,4,"3,4,5,6",False,False,False,False,4.816264092922211,0.100830078125,123.50283273397797,2.1234680116176605,2.69279608130455,14.772924524419917
decreasing_ild,100,5,"1,2,3,4,5",True,True,False,False,2.1229677200317383,0.378662109375,8.355898695289566,2.1234680116176605,-0.0005002915859222412,0.999499833539046
decreasing_ild,100,5,"1,2,3,4,6",True,False,False,False,2.1239719092845917,0.3804931640625,8.36429381339553,2.1234680116176605,0.0005038976669311523,1.0005040246446875
decreasing_ild,100,5,"1,2,3,5,6",True,False,False,False,2.127694696187973,0.379150390625,8.395490329821724,2.1234680116176605,0.0042266845703125,1.0042356295997066
decreasing_ild,100,5,"1,2,4,5,6",True,False,False,False,2.1282294392585754,0.3804931640625,8.39998096065976,2.1234680116176605,0.004761427640914917,1.0047727812501488
decreasing_ild,100,5,"1,3,4,5,6",True,False,False,False,2.140091210603714,0.3731689453125,8.500212903079559,2.1234680116176605,0.016623198986053467,1.0167621331340293
decreasing_ild,100,5,"2,3,4,5,6",False,False,False,False,5.3612048625946045,0.0684814453125,212.9814052482449,2.1234680116176605,3.237736850976944,25.476000470486305
decreasing_ild,100,6,"1,2,3,4,5,6",True,True,False,False,2.1234680116176605,0.38037109375,8.36008012697997,2.1234680116176605,0.0,1.0
alternating,100,1,1,True,True,False,False,2.250389724969864,0.350830078125,9.491434164540037,2.124994695186615,0.1253950297832489,1.133596168879348
alternating,100,1,2,False,False,False,False,4.181469559669495,0.0947265625,65.46198285247502,2.124994695186615,2.0564748644828796,7.81836039552906
alternating,100,1,3,False,False,False,False,5.98390918970108,0.042724609375,396.9892450241964,2.124994695186615,3.8589144945144653,47.41385542419158
alternating,100,1,4,False,False,False,False,3.679493486881256,0.1534423828125,39.6263177387564,2.124994695186615,1.5544987916946411,4.732713855117056
alternating,100,1,5,False,False,False,False,4.904839634895325,0.0865478515625,134.94126840094566,2.124994695186615,2.7798449397087097,16.116521721714417
alternating,100,1,6,False,False,False,False,4.160387873649597,0.0760498046875,64.09637907551704,2.124994695186615,2.035393178462982,7.655261417763379
alternating,100,2,"1,2",True,True,False,False,2.2394043505191803,0.35546875,9.387737820576447,2.124994695186615,0.11440965533256531,1.1212113410223437
alternating,100,2,"1,3",True,False,False,False,2.1649941504001617,0.3687744140625,8.714550940066374,2.124994695186615,0.03999945521354675,1.0408102071729326
alternating,100,2,"1,4",True,False,False,False,2.22903573513031,0.355224609375,9.29090286748005,2.124994695186615,0.10404103994369507,1.1096459937902263
alternating,100,2,"1,5",True,False,False,False,2.165433257818222,0.364990234375,8.718378404301692,2.124994695186615,0.040438562631607056,1.0412673350124626
alternating,100,2,"1,6",True,False,False,False,2.2323428988456726,0.3558349609375,9.321680269227612,2.124994695186615,0.10734820365905762,1.113321849736153
alternating,100,2,"2,3",False,False,False,False,4.80235230922699,0.070068359375,121.79658403915765,2.124994695186615,2.6773576140403748,14.546604723362329
alternating,100,2,"2,4",False,False,False,False,4.143643140792847,0.1004638671875,63.03203825094675,2.124994695186615,2.0186484456062317,7.528143359501714
alternating,100,2,"2,5",False,False,False,False,4.6604297161102295,0.084228515625,105.6814854375457,2.124994695186615,2.5354350209236145,12.621920453397156
alternating,100,2,"2,6",False,False,False,False,4.120818108320236,0.119140625,61.609624999169625,2.124994695186615,1.9958234131336212,7.358259421539857
alternating,100,2,"3,4",False,False,False,False,5.703783452510834,0.0458984375,300.00029335653323,2.124994695186615,3.5787887573242188,35.83011558803002
alternating,100,2,"3,5",False,False,False,False,5.367072582244873,0.049072265625,214.23479409595396,2.124994695186615,3.242077887058258,25.58683309790396
alternating,100,2,"3,6",False,False,False,False,5.08506977558136,0.05419921875,161.59121396514212,2.124994695186615,2.960075080394745,19.299420709233267
alternating,100,2,"4,5",False,False,False,False,5.198468506336212,0.051513671875,180.99483706137653,2.124994695186615,3.073473811149597,21.616865304323717
alternating,100,2,"4,6",False,False,False,False,4.306289732456207,0.1026611328125,74.16480655424633,2.124994695186615,2.1812950372695923,8.857769976392799
alternating,100,2,"5,6",False,False,False,False,4.657619297504425,0.084716796875,105.38489319398109,2.124994695186615,2.53262460231781,12.586497373471019
alternating,100,3,"1,2,3",True,True,False,False,2.1626125276088715,0.3701171875,8.693820862343074,2.124994695186615,0.03761783242225647,1.0383343393240567
alternating,100,3,"1,2,4",True,False,False,False,2.2205890119075775,0.359375,9.212755690885684,2.124994695186615,0.09559431672096252,1.1003125950160904
alternating,100,3,"1,2,5",True,False,False,False,2.159897595643997,0.3668212890625,8.670249741659779,2.124994695186615,0.0349029004573822,1.0355191554814924
alternating,100,3,"1,2,6",True,False,False,False,2.223356693983078,0.3572998046875,9.238288987401974,2.124994695186615,0.09836199879646301,1.1033621285858286
alternating,100,3,"1,3,4",True,False,False,False,2.1591259241104126,0.373046875,8.663561737548145,2.124994695186615,0.03413122892379761,1.0347203830613325
alternating,100,3,"1,3,5",True,False,True,False,2.1315324306488037,0.37451171875,8.42777189679628,2.124994695186615,0.006537735462188721,1.006559153103527
alternating,100,3,"1,3,6",True,False,False,False,2.1569360196590424,0.3714599609375,8.644610123819824,2.124994695186615,0.03194132447242737,1.0324569235731167
alternating,100,3,"1,4,5",True,False,False,False,2.1574777960777283,0.3662109375,8.649294838653066,2.124994695186615,0.03248310089111328,1.0330164359392346
alternating,100,3,"1,4,6",True,False,False,False,2.2152804732322693,0.3585205078125,9.163979002010366,2.124994695186615,0.0902857780456543,1.0944870193779792
alternating,100,3,"1,5,6",True,False,False,False,2.157102942466736,0.3671875,8.646053226853162,2.124994695186615,0.03210824728012085,1.0326292785662115
alternating,100,3,"2,3,4",False,False,False,False,4.716684877872467,0.0733642578125,111.79701689733317,2.124994695186615,2.591690182685852,13.352320402793229
alternating,100,3,"2,3,5",False,False,False,False,4.9244225025177,0.056396484375,137.60984935022904,2.124994695186615,2.799427807331085,16.435239956283624
alternating,100,3,"2,3,6",False,False,False,False,4.616630554199219,0.0760498046875,101.15262898188395,2.124994695186615,2.4916358590126038,12.081022814690154
alternating,100,3,"2,4,5",False,False,False,False,4.879567980766296,0.0537109375,131.57380918933185,2.124994695186615,2.7545732855796814,15.714333939028801
alternating,100,3,"2,4,6",False,False,False,True,4.306219100952148,0.0938720703125,74.15956836740385,2.124994695186615,2.1812244057655334,8.857144360871102
alternating,100,3,"2,5,6",False,False,False,False,4.472671866416931,0.0804443359375,87.59044059999913,2.124994695186615,2.347677171230316,10.461241807436053
alternating,100,3,"3,4,5",False,False,False,False,5.518121540546417,0.04638671875,249.16654805082484,2.124994695186615,3.3931268453598022,29.758858291253297
alternating,100,3,"3,4,6",False,False,False,False,5.25992488861084,0.0552978515625,192.4670342879965,2.124994695186615,3.134930193424225,22.98703114009496
alternating,100,3,"3,5,6",False,False,False,False,5.260870814323425,0.05078125,192.64917993910038,2.124994695186615,3.1358761191368103,23.008785451265425
alternating,100,3,"4,5,6",False,False,False,False,4.77097225189209,0.0609130859375,118.03394491782882,2.124994695186615,2.645977556705475,14.097219180685427
alternating,100,4,"1,2,3,4",True,True,False,False,2.1572212278842926,0.3740234375,8.64707598935707,2.124994695186615,0.03222653269767761,1.032751430775878
alternating,100,4,"1,2,3,5",True,False,False,False,2.1307395100593567,0.3746337890625,8.421091991603312,2.124994695186615,0.005744814872741699,1.0057613479663943
alternating,100,4,"1,2,3,6",True,False,False,False,2.1550767719745636,0.37255859375,8.628552584560877,2.124994695186615,0.03008207678794861,1.0305391138227653
alternating,100,4,"1,2,4,5",True,False,False,False,2.15304759144783,0.3668212890625,8.611061446023001,2.124994695186615,0.02805289626121521,1.028450084146939
alternating,100,4,"1,2,4,6",True,False,False,False,2.208086609840393,0.360595703125,9.098291146959527,2.124994695186615,0.08309191465377808,1.0866416822522442
alternating,100,4,"1,2,5,6",True,False,False,False,2.1521089673042297,0.3687744140625,8.602982687899575,2.124994695186615,0.027114272117614746,1.0274852089658804
alternating,100,4,"1,3,4,5",True,False,False,False,2.1294228732585907,0.375732421875,8.410011767900336,2.124994695186615,0.004428178071975708,1.0044379969403772
alternating,100,4,"1,3,4,6",True,False,False,False,2.1518848836421967,0.3741455078125,8.601055116011212,2.124994695186615,0.026890188455581665,1.0272549921124516
alternating,100,4,"1,3,5,6",True,False,False,False,2.1265451908111572,0.3758544921875,8.385845213165377,2.124994695186615,0.0015504956245422363,1.0015516982643653
alternating,100,4,"1,4,5,6",True,False,False,False,2.1500028669834137,0.3681640625,8.58488300985981,2.124994695186615,0.025008171796798706,1.025323499225483
alternating,100,4,"2,3,4,5",False,False,False,False,4.960268318653107,0.0606689453125,142.63206160571767,2.124994695186615,2.8352736234664917,17.035060855151624
alternating,100,4,"2,3,4,6",False,False,False,False,4.684474527835846,0.073974609375,108.25337322574515,2.124994695186615,2.559479832649231,12.929090275465006
alternating,100,4,"2,3,5,6",False,False,False,False,4.831191062927246,0.05859375,125.3601836374262,2.124994695186615,2.706196367740631,14.972218258892024
alternating,100,4,"2,4,5,6",False,False,False,False,4.515533983707428,0.0640869140625,91.42637318382342,2.124994695186615,2.390539288520813,10.919381052329967
alternating,100,4,"3,4,5,6",False,False,False,False,5.381376504898071,0.0472412109375,217.32121334761644,2.124994695186615,3.2563818097114563,25.955455265912178
alternating,100,5,"1,2,3,4,5",True,True,False,False,2.1290172934532166,0.376953125,8.406601528573166,2.124994695186615,0.0040225982666015625,1.0040306997744035
alternating,100,5,"1,2,3,4,6",True,False,False,False,2.150470048189163,0.3748779296875,8.588894642862382,2.124994695186615,0.025475353002548218,1.0258026230042323
alternating,100,5,"1,2,3,5,6",True,False,False,False,2.1261436343193054,0.376220703125,8.382478498588652,2.124994695186615,0.0011489391326904297,1.0011495994161066
alternating,100,5,"1,2,4,5,6",True,False,False,False,2.1459908187389374,0.3697509765625,8.550509046159878,2.124994695186615,0.020996123552322388,1.021218092931351
alternating,100,5,"1,3,4,5,6",True,False,False,False,2.1250437796115875,0.376953125,8.37326405835125,2.124994695186615,4.908442497253418e-05,1.0000490856296327
alternating,100,5,"2,3,4,5,6",False,False,False,False,4.903976202011108,0.05908203125,134.82480595835716,2.124994695186615,2.7789815068244934,16.10261219271722
alternating,100,6,"1,2,3,4,5,6",True,True,False,False,2.124994695186615,0.3759765625,8.372853071586409,2.124994695186615,0.0,1.0
dense4,100,1,1,True,True,False,False,2.2111948430538177,0.35546875,9.126614753071406,2.102008491754532,0.10918635129928589,1.1153701816585653
dense4,100,1,2,False,False,False,False,4.96984726190567,0.0599365234375,144.00489065852102,2.102008491754532,2.8678387701511383,17.59894171050256
dense4,100,1,3,False,False,False,False,4.9413334131240845,0.0662841796875,139.95674535546112,2.102008491754532,2.8393249213695526,17.104214948804344
dense4,100,1,4,False,False,False,False,7.307925701141357,0.0111083984375,1492.0789592927151,2.102008491754532,5.205917209386826,182.348047430749
dense4,100,2,"1,2",True,True,False,False,2.1622174084186554,0.369873046875,8.690386445430757,2.102008491754532,0.060208916664123535,1.0620584050686728
dense4,100,2,"1,3",True,False,True,False,2.1530286371707916,0.369873046875,8.61089823112557,2.102008491754532,0.051020145416259766,1.0523440929794665
dense4,100,2,"1,4",True,False,False,False,2.155469089746475,0.368408203125,8.631938383196736,2.102008491754532,0.05346059799194336,1.0549154251626114
dense4,100,2,"2,3",False,False,False,False,4.539642930030823,0.0692138671875,93.65735192039222,2.102008491754532,2.437634438276291,11.4459326323545
dense4,100,2,"2,4",False,False,False,True,4.950897812843323,0.07470703125,141.3017695325765,2.102008491754532,2.848889321088791,17.268591325078958
dense4,100,2,"3,4",False,False,False,False,5.2988362312316895,0.0784912109375,200.10379986344344,2.102008491754532,3.1968277394771576,24.454829927947532
dense4,100,3,"1,2,3",True,True,False,False,2.1227561831474304,0.378662109375,8.354131301455055,2.102008491754532,0.02074769139289856,1.0209644210267157
dense4,100,3,"1,2,4",True,False,False,False,2.120638370513916,0.3807373046875,8.336457538108204,2.102008491754532,0.018629878759384155,1.018804497641308
dense4,100,3,"1,3,4",True,False,False,False,2.1188496947288513,0.378662109375,8.321559646097892,2.102008491754532,0.016841202974319458,1.016983815497112
dense4,100,3,"2,3,4",False,False,False,False,4.550396025180817,0.078857421875,94.66989255339936,2.102008491754532,2.448387533426285,11.569675954531412
dense4,100,4,"1,2,3,4",True,True,False,False,2.102008491754532,0.3853759765625,8.18258807986067,2.102008491754532,0.0,1.0
dense6,101,1,1,True,True,False,False,2.3650854527950287,0.3050537109375,10.64494841924081,2.115777552127838,0.24930790066719055,1.2831370510076494
dense6,101,1,2,False,False,False,False,5.110555171966553,0.047607421875,165.7623559462896,2.115777552127838,2.9947776198387146,19.980916036432202
dense6,101,1,3,False,False,False,False,4.397176921367645,0.0755615234375,81.22125072530307,2.115777552127838,2.281399369239807,9.790371172343457
dense6,101,1,4,False,False,False,False,5.335817396640778,0.056396484375,207.64240566489403,2.115777552127838,3.2200398445129395,25.029117434463625
dense6,101,1,5,False,False,False,False,5.251247704029083,0.034912109375,190.80418715478578,2.115777552127838,3.135470151901245,22.999446534017533
dense6,101,1,6,False,False,False,False,6.120823323726654,0.0419921875,455.23934960497877,2.115777552127838,4.005045771598816,54.874336027682965
dense6,101,2,"1,2",True,True,False,False,2.2664749324321747,0.34765625,9.64534034019298,2.115777552127838,0.15069738030433655,1.162644765634572
dense6,101,2,"1,3",True,False,False,False,2.2425915896892548,0.3392333984375,9.417706519612567,2.115777552127838,0.12681403756141663,1.1352058924953456
dense6,101,2,"1,4",True,False,False,False,2.2640103101730347,0.333251953125,9.621597490290299,2.115777552127838,0.14823275804519653,1.1597828137296122
dense6,101,2,"1,5",True,False,False,False,2.295973539352417,0.330322265625,9.934102545905816,2.115777552127838,0.18019598722457886,1.1974520254246817
dense6,101,2,"1,6",True,False,False,False,2.3047906160354614,0.330078125,10.022079569964111,2.115777552127838,0.1890130639076233,1.2080567343213962
dense6,101,2,"2,3",False,False,False,False,5.008573770523071,0.0499267578125,149.6910899860627,2.115777552127838,2.892796218395233,18.04369323384056
dense6,101,2,"2,4",False,False,False,False,5.01823228597641,0.0496826171875,151.14388833566917,2.115777552127838,2.9024547338485718,18.218812860221597
dense6,101,2,"2,5",False,False,False,False,5.013284265995026,0.0546875,150.39787252873177,2.115777552127838,2.8975067138671875,18.128888467465636
dense6,101,2,"2,6",False,False,False,False,5.008056461811066,0.0567626953125,149.6136735069393,2.115777552127838,2.8922789096832275,18.034361488038744
dense6,101,2,"3,4",False,False,False,False,4.510266482830048,0.0697021484375,90.94605084264613,2.115777552127838,2.3944889307022095,10.962593981958195
dense6,101,2,"3,5",False,False,False,False,4.387461006641388,0.0860595703125,80.43593319612532,2.115777552127838,2.27168345451355,9.695709368565021
dense6,101,2,"3,6",False,False,False,False,4.261797845363617,0.1131591796875,70.93740336105088,2.115777552127838,2.146020293235779,8.550761071825898
dense6,101,2,"4,5",False,False,False,False,4.641023099422455,0.0672607421875,103.65033795559101,2.115777552127838,2.5252455472946167,12.493962745736685
dense6,101,2,"4,6",False,False,False,False,5.100951254367828,0.069580078125,164.17800808964824,2.115777552127838,2.9851737022399902,19.789939494651453
dense6,101,2,"5,6",False,False,False,False,5.398907959461212,0.0703125,221.16476339349248,2.115777552127838,3.283130407333374,26.659096043583254
dense6,101,3,"1,2,3",True,True,False,False,2.1921212673187256,0.364501953125,8.954187207711584,2.115777552127838,0.07634371519088745,1.0793334937261143
dense6,101,3,"1,2,4",True,False,False,False,2.1972526907920837,0.3563232421875,9.000253024659461,2.115777552127838,0.0814751386642456,1.084886245527515
dense6,101,3,"1,2,5",True,False,False,False,2.209156811237335,0.355224609375,9.108033362991554,2.115777552127838,0.09337925910949707,1.0978780365665468
dense6,101,3,"1,2,6",True,False,False,False,2.2132236659526825,0.355224609375,9.145149833912054,2.115777552127838,0.09744611382484436,1.1023520384278107
dense6,101,3,"1,3,4",True,False,False,False,2.1924498975276947,0.3555908203125,8.957130307694097,2.115777552127838,0.07667234539985657,1.079688253606919
dense6,101,3,"1,3,5",True,False,True,False,2.192403942346573,0.35400390625,8.956718690606516,2.115777552127838,0.07662639021873474,1.0796386374777371
dense6,101,3,"1,3,6",True,False,False,False,2.192959189414978,0.3607177734375,8.961693263332661,2.115777552127838,0.07718163728713989,1.0802382701228623
dense6,101,3,"1,4,5",True,False,False,False,2.2192271649837494,0.3475341796875,9.20021786712418,2.115777552127838,0.10344961285591125,1.1089899131227112
dense6,101,3,"1,4,6",True,False,False,False,2.225086599588394,0.3455810546875,9.254284186408121,2.115777552127838,0.10930904746055603,1.1155070416941786
dense6,101,3,"1,5,6",True,False,False,False,2.2565560340881348,0.345703125,9.550142101194186,2.115777552127838,0.14077848196029663,1.1511696149021136
dense6,101,3,"2,3,4",False,False,False,False,5.106203019618988,0.0467529296875,165.04250051621528,2.115777552127838,2.99042546749115,19.89414500313834
dense6,101,3,"2,3,5",False,False,False,False,4.954976677894592,0.0531005859375,141.87929741044323,2.115777552127838,2.839199125766754,17.102063449101905
dense6,101,3,"2,3,6",False,False,False,False,4.6845216155052185,0.0626220703125,108.25847074480627,2.115777552127838,2.5687440633773804,13.049424894065913
dense6,101,3,"2,4,5",False,False,False,False,4.862540662288666,0.0584716796875,129.3524258082311,2.115777552127838,2.7467631101608276,15.592080267129822
dense6,101,3,"2,4,6",False,False,False,True,4.906278729438782,0.0576171875,135.13560144225977,2.115777552127838,2.7905011773109436,16.28918152457641
dense6,101,3,"2,5,6",False,False,False,False,4.794665157794952,0.06005859375,120.8639046703592,2.115777552127838,2.6788876056671143,14.568877941360181
dense6,101,3,"3,4,5",False,False,False,False,4.486776411533356,0.0653076171875,88.83461757018895,2.115777552127838,2.3709988594055176,10.708082813287511
dense6,101,3,"3,4,6",False,False,False,False,4.429592311382294,0.0634765625,83.89720600109953,2.115777552127838,2.3138147592544556,10.112929556469355
dense6,101,3,"3,5,6",False,False,False,False,4.3729177713394165,0.0947265625,79.27459973479755,2.115777552127838,2.2571402192115784,9.555722782053135
dense6,101,3,"4,5,6",False,False,False,False,4.77213716506958,0.0675048828125,118.17152433413406,2.115777552127838,2.656359612941742,14.24433968821369
dense6,101,4,"1,2,3,4",True,True,False,False,2.1542654633522034,0.370849609375,8.621555004432912,2.115777552127838,0.038487911224365234,1.0392381651650375
dense6,101,4,"1,2,3,5",True,False,False,False,2.1521974205970764,0.3699951171875,8.603743683702419,2.115777552127838,0.03641986846923828,1.0370911969828935
dense6,101,4,"1,2,3,6",True,False,False,False,2.151227504014969,0.3731689453125,8.595402815662384,2.115777552127838,0.03544995188713074,1.0360857926917473
dense6,101,4,"1,2,4,5",True,False,False,False,2.1598936319351196,0.3648681640625,8.670215375382016,2.115777552127838,0.044116079807281494,1.0451036632794029
dense6,101,4,"1,2,4,6",True,False,False,False,2.164331942796707,0.363037109375,8.70878200849916,2.115777552127838,0.04855439066886902,1.0497524670064158
dense6,101,4,"1,2,5,6",True,False,False,False,2.1731927692890167,0.365966796875,8.786291908588598,2.115777552127838,0.05741521716117859,1.0590954737273213
dense6,101,4,"1,3,4,5",True,False,False,False,2.1598488092422485,0.363525390625,8.66982676169054,2.115777552127838,0.0440712571144104,1.0450568199687147
dense6,101,4,"1,3,4,6",True,False,False,False,2.158840447664261,0.367919921875,8.661088847724987,2.115777552127838,0.04306289553642273,1.0440035559493746
dense6,101,4,"1,3,5,6",True,False,False,False,2.1588225066661835,0.3701171875,8.660933460540527,2.115777552127838,0.04304495453834534,1.043984825651605
dense6,101,4,"1,4,5,6",True,False,False,False,2.196571469306946,0.355224609375,8.994123946794172,2.115777552127838,0.08079391717910767,1.0841474493786065
dense6,101,4,"2,3,4,5",False,False,False,False,4.820903182029724,0.05908203125,124.0771043988588,2.115777552127838,2.705125629901886,14.95619551788063
dense6,101,4,"2,3,4,6",False,False,False,False,4.70613831281662,0.057861328125,110.62413817802525,2.115777552127838,2.5903607606887817,13.334581328308353
dense6,101,4,"2,3,5,6",False,False,False,False,4.791339814662933,0.0517578125,120.46265822585427,2.115777552127838,2.675562262535095,14.52051188459294
dense6,101,4,"2,4,5,6",False,False,False,False,4.914669632911682,0.0615234375,136.27428182737367,2.115777552127838,2.798892080783844,16.426437519988692
dense6,101,4,"3,4,5,6",False,False,False,False,4.6288182735443115,0.052978515625,102.39299207995425,2.115777552127838,2.5130407214164734,12.342402868185276
dense6,101,5,"1,2,3,4,5",True,True,False,False,2.1294082701206207,0.3758544921875,8.40988895623488,2.115777552127838,0.013630717992782593,1.013724039761447
dense6,101,5,"1,2,3,4,6",True,False,False,False,2.128530204296112,0.3760986328125,8.402507761216285,2.115777552127838,0.012752652168273926,1.0128343140027054
dense6,101,5,"1,2,3,5,6",True,False,False,False,2.1262828409671783,0.379150390625,8.383645476544968,2.115777552127838,0.01050528883934021,1.0105606631238835
dense6,101,5,"1,2,4,5,6",True,False,False,False,2.142472356557846,0.36962890625,8.520477267272726,2.115777552127838,0.026694804430007935,1.0270543025032122
dense6,101,5,"1,3,4,5,6",True,False,False,False,2.1393396854400635,0.3702392578125,8.493827179003224,2.115777552127838,0.023562133312225342,1.0238419134596528
dense6,101,5,"2,3,4,5,6",False,False,False,False,4.831185579299927,0.052734375,125.35949621078325,2.115777552127838,2.7154080271720886,15.11077442075393
dense6,101,6,"1,2,3,4,5,6",True,True,False,False,2.115777552127838,0.3785400390625,8.296033857709366,2.115777552127838,0.0,1.0
constant_ild,101,1,1,True,True,False,False,2.1837548911571503,0.362548828125,8.879585616948118,2.117009788751602,0.0667451024055481,1.0690229520640557
constant_ild,101,1,2,False,False,False,False,5.209168970584869,0.0535888671875,182.9419648513973,2.117009788751602,3.092159181833267,22.024581749464105
constant_ild,101,1,3,False,False,False,False,4.442647218704224,0.0787353515625,84.99965678887501,2.117009788751602,2.3256374299526215,10.233200956071782
constant_ild,101,1,4,False,False,False,False,4.700518012046814,0.095947265625,110.00414116593295,2.117009788751602,2.583508223295212,13.243517974985686
constant_ild,101,1,5,False,False,False,False,4.386783957481384,0.1214599609375,80.38149254669837,2.117009788751602,2.269774168729782,9.677215149497043
constant_ild,101,1,6,False,False,False,False,3.9905722439289093,0.1051025390625,54.085830797772275,2.117009788751602,1.8735624551773071,6.5114518850873715
constant_ild,101,2,"1,2",True,True,False,False,2.1352320313453674,0.379638671875,8.459009034415526,2.117009788751602,0.01822224259376526,1.0183892807168413
constant_ild,101,2,"1,3",True,False,False,False,2.136239528656006,0.3780517578125,8.467535757872588,2.117009788751602,0.019229739904403687,1.0194158222104108
constant_ild,101,2,"1,4",True,False,False,False,2.1567423045635223,0.3729248046875,8.642935694530305,2.117009788751602,0.039732515811920166,1.040532410998045
constant_ild,101,2,"1,5",True,False,False,False,2.154473155736923,0.375732421875,8.623345821714894,2.117009788751602,0.037463366985321045,1.0381739649431163
constant_ild,101,2,"1,6",True,False,False,False,2.169476956129074,0.366455078125,8.753704271767951,2.117009788751602,0.052467167377471924,1.0538679602615726
constant_ild,101,2,"2,3",False,False,False,False,5.339424014091492,0.0635986328125,208.3926444876492,2.117009788751602,3.2224142253398895,25.088616700020005
constant_ild,101,2,"2,4",False,False,False,False,4.809661030769348,0.0821533203125,122.69002232544206,2.117009788751602,2.692651242017746,14.770784979516607
constant_ild,101,2,"2,5",False,False,False,False,4.563664555549622,0.1085205078125,95.93439337992751,2.117009788751602,2.4466547667980194,11.549645764971256
constant_ild,101,2,"2,6",False,False,False,False,4.889163076877594,0.0704345703125,132.84234868098707,2.117009788751602,2.772153288125992,15.993034570782173
constant_ild,101,2,"3,4",False,False,False,False,4.535579323768616,0.0675048828125,93.27753754930797,2.117009788751602,2.4185695350170135,11.22978400725179
constant_ild,101,2,"3,5",False,False,False,False,4.504371225833893,0.0682373046875,90.4114777711774,2.117009788751602,2.3873614370822906,10.884735959180576
constant_ild,101,2,"3,6",False,False,False,False,4.640583753585815,0.0623779296875,103.60480961322014,2.117009788751602,2.5235739648342133,12.473095502267983
constant_ild,101,2,"4,5",False,False,False,False,4.901783049106598,0.110595703125,134.52943855490003,2.117009788751602,2.7847732603549957,16.19614515220001
constant_ild,101,2,"4,6",False,False,False,False,4.762576162815094,0.0975341796875,117.04707014385924,2.117009788751602,2.645566374063492,14.091423840411412
constant_ild,101,2,"5,6",False,False,False,False,4.421564102172852,0.0765380859375,83.22635813586795,2.117009788751602,2.3045543134212494,10.019711606150928
constant_ild,101,3,"1,2,3",True,True,False,False,2.1210763454437256,0.38134765625,8.340109497188202,2.117009788751602,0.004066556692123413,1.0040748363532213
constant_ild,101,3,"1,2,4",True,False,False,False,2.127136677503586,0.3828125,8.390806796224252,2.117009788751602,0.010126888751983643,1.0101783392209396
constant_ild,101,3,"1,2,5",True,False,False,False,2.1254322230815887,0.382568359375,8.376517229893027,2.117009788751602,0.008422434329986572,1.008458002817632
constant_ild,101,3,"1,2,6",True,False,False,False,2.1305868923664093,0.3804931640625,8.419806882039179,2.117009788751602,0.013577103614807129,1.013669691034566
constant_ild,101,3,"1,3,4",True,False,False,False,2.1275463700294495,0.3798828125,8.394245151340733,2.117009788751602,0.01053658127784729,1.0105922865260761
constant_ild,101,3,"1,3,5",True,False,True,False,2.127222865819931,0.3790283203125,8.391530016900935,2.117009788751602,0.010213077068328857,1.0102654085433307
constant_ild,101,3,"1,3,6",True,False,False,False,2.1316543221473694,0.37841796875,8.428799233152862,2.117009788751602,0.014644533395767212,1.0147522899471997
constant_ild,101,3,"1,4,5",True,False,False,False,2.1418096721172333,0.379150390625,8.51483275003455,2.117009788751602,0.024799883365631104,1.0251099584421994
constant_ild,101,3,"1,4,6",True,False,False,False,2.150843620300293,0.3763427734375,8.592103813757438,2.117009788751602,0.033833831548690796,1.0344127056889298
constant_ild,101,3,"1,5,6",True,False,False,False,2.1491853296756744,0.3748779296875,8.577867415862336,2.117009788751602,0.032175540924072266,1.0326987702913666
constant_ild,101,3,"2,3,4",False,False,False,False,5.25201290845871,0.071044921875,190.95024723977295,2.117009788751602,3.1350031197071075,22.988707559957305
constant_ild,101,3,"2,3,5",False,False,False,False,5.12089866399765,0.0760498046875,167.48581548333107,2.117009788751602,3.003888875246048,20.163799147913824
constant_ild,101,3,"2,3,6",False,False,False,False,5.24380761384964,0.0689697265625,189.38985470042576,2.117009788751602,3.1267978250980377,22.800850208189917
constant_ild,101,3,"2,4,5",False,False,False,False,4.733841180801392,0.0894775390625,113.73158797815715,2.117009788751602,2.6168313920497894,13.692269343209466
constant_ild,101,3,"2,4,6",False,False,False,True,4.815144240856171,0.0831298828125,123.36460524319516,2.117009788751602,2.6981344521045685,14.851998749309194
constant_ild,101,3,"2,5,6",False,False,False,False,4.5840471386909485,0.1087646484375,97.90984817352539,2.117009788751602,2.4670373499393463,11.787472912117668
constant_ild,101,3,"3,4,5",False,False,False,False,4.3967636823654175,0.0640869140625,81.18769387067175,2.117009788751602,2.2797538936138153,9.774274602098863
constant_ild,101,3,"3,4,6",False,False,False,False,4.61165326833725,0.0631103515625,100.65041430156106,2.117009788751602,2.4946434795856476,12.117412643418596
constant_ild,101,3,"3,5,6",False,False,False,False,4.592155694961548,0.0653076171875,98.70698312615247,2.117009788751602,2.4751459062099457,11.883440854430694
constant_ild,101,3,"4,5,6",False,False,False,False,4.808568179607391,0.1131591796875,122.55601363109935,2.117009788751602,2.691558390855789,14.754651527325429
constant_ild,101,4,"1,2,3,4",True,True,False,False,2.1183681786060333,0.3812255859375,8.317553645515641,2.117009788751602,0.0013583898544311523,1.0013593128838267
constant_ild,101,4,"1,2,3,5",True,False,False,False,2.1170132160186768,0.3828125,8.306291303256906,2.117009788751602,3.427267074584961e-06,1.0000034272729477
constant_ild,101,4,"1,2,3,6",True,False,False,False,2.118895500898361,0.381103515625,8.321940833599932,2.117009788751602,0.0018857121467590332,1.0018874912200069
constant_ild,101,4,"1,2,4,5",True,False,False,False,2.121286690235138,0.3858642578125,8.341863980297468,2.117009788751602,0.004276901483535767,1.004286060479405
constant_ild,101,4,"1,2,4,6",True,False,False,False,2.1248711347579956,0.3846435546875,8.37181858218441,2.117009788751602,0.007861346006393433,1.00789232751916
constant_ild,101,4,"1,2,5,6",True,False,False,False,2.1232165694236755,0.3831787109375,8.357978314344214,2.117009788751602,0.006206780672073364,1.0062260826489442
constant_ild,101,4,"1,3,4,5",True,False,False,False,2.122311383485794,0.3812255859375,8.350416212975203,2.117009788751602,0.0053015947341918945,1.0053156730557444
constant_ild,101,4,"1,3,4,6",True,False,False,False,2.125205785036087,0.3812255859375,8.374620682436733,2.117009788751602,0.008195996284484863,1.008229675410485
constant_ild,101,4,"1,3,5,6",True,False,False,False,2.1247022449970245,0.3797607421875,8.370404787136286,2.117009788751602,0.007692456245422363,1.0077221191985066
constant_ild,101,4,"1,4,5,6",True,False,False,False,2.139158755540848,0.3797607421875,8.492290530724771,2.117009788751602,0.022148966789245605,1.0223960761877595
constant_ild,101,4,"2,3,4,5",False,False,False,False,5.101165771484375,0.080810546875,164.21323086035252,2.117009788751602,2.984155982732773,19.76980913244975
constant_ild,101,4,"2,3,4,6",False,False,False,False,5.202816307544708,0.07421875,181.78347982132212,2.117009788751602,3.085806518793106,21.88511047904702
constant_ild,101,4,"2,3,5,6",False,False,False,False,5.080643057823181,0.0830078125,160.8774761920776,2.117009788751602,2.963633269071579,19.368214006655318
constant_ild,101,4,"2,4,5,6",False,False,False,False,4.74455201625824,0.0906982421875,114.95629541477098,2.117009788751602,2.6275422275066376,13.83971320104049
constant_ild,101,4,"3,4,5,6",False,False,False,False,4.458478093147278,0.0626220703125,86.35598327397267,2.117009788751602,2.3414683043956757,10.396490574034845
constant_ild,101,5,"1,2,3,4,5",True,True,False,False,2.116598427295685,0.384033203125,8.302846661743043,2.117009788751602,-0.0004113614559173584,0.9995887231416059
constant_ild,101,5,"1,2,3,4,6",True,False,False,False,2.1177974939346313,0.3829345703125,8.312808299323537,2.117009788751602,0.0007877051830291748,1.0007880155042321
constant_ild,101,5,"1,2,3,5,6",True,False,False,False,2.1163221895694733,0.3826904296875,8.300553419014781,2.117009788751602,-0.0006875991821289062,0.9993126371600161
constant_ild,101,5,"1,2,4,5,6",True,False,False,False,2.1207563877105713,0.3851318359375,8.337441441514507,2.117009788751602,0.003746598958969116,1.0037536262342355
constant_ild,101,5,"1,3,4,5,6",True,False,False,False,2.1212670505046844,0.38134765625,8.341700149946211,2.117009788751602,0.004257261753082275,1.0042663367655638
constant_ild,101,5,"2,3,4,5,6",False,False,False,False,5.058829307556152,0.0869140625,157.40613424509633,2.117009788751602,2.94181951880455,18.950295381184464
constant_ild,101,6,"1,2,3,4,5,6",True,True,False,False,2.117009788751602,0.38525390625,8.306262835426994,2.117009788751602,0.0,1.0
decreasing_ild,101,1,1,True,True,False,False,2.212413489818573,0.3560791015625,9.137743652334652,2.123603492975235,0.08880999684333801,1.092872987280654
decreasing_ild,101,1,2,False,False,False,False,4.402687311172485,0.062744140625,81.67004686244736,2.123603492975235,2.2790838181972504,9.767727294813048
decreasing_ild,101,1,3,False,False,False,False,4.911194562911987,0.0567626953125,135.80154103827144,2.123603492975235,2.7875910699367523,16.241847164742136
decreasing_ild,101,1,4,False,False,False,False,4.392510175704956,0.0972900390625,80.84309487066562,2.123603492975235,2.268906682729721,9.66882394098945
decreasing_ild,101,1,5,False,False,False,False,5.208752691745758,0.0450439453125,182.86582583127517,2.123603492975235,3.085149198770523,21.870729684642548
decreasing_ild,101,1,6,False,False,False,False,3.8311729431152344,0.12646484375,46.1165986700165,2.123603492975235,1.7075694501399994,5.5155393792259755
decreasing_ild,101,2,"1,2",True,True,False,False,2.1628906428813934,0.3653564453125,8.696239082957916,2.123603492975235,0.03928714990615845,1.0400690965182409
decreasing_ild,101,2,"1,3",True,False,False,False,2.179482251405716,0.3651123046875,8.841727281572602,2.123603492975235,0.05587875843048096,1.0574694667062894
decreasing_ild,101,2,"1,4",True,False,False,False,2.182582914829254,0.3623046875,8.869185048603933,2.123603492975235,0.058979421854019165,1.0607534121769986
decreasing_ild,101,2,"1,5",True,False,False,False,2.1802631616592407,0.3619384765625,8.848634573702258,2.123603492975235,0.05665966868400574,1.0582955779730274
decreasing_ild,101,2,"1,6",True,False,False,False,2.1934508681297302,0.3602294921875,8.966100620571464,2.123603492975235,0.06984737515449524,1.0723445023498015
decreasing_ild,101,2,"2,3",False,False,False,False,4.412291705608368,0.070068359375,82.45821709633472,2.123603492975235,2.288688212633133,9.861992355288244
decreasing_ild,101,2,"2,4",False,False,False,False,4.157138139009476,0.12060546875,63.88842093952465,2.123603492975235,2.0335346460342407,7.641047079164121
decreasing_ild,101,2,"2,5",False,False,False,False,4.237834393978119,0.06689453125,69.25770441560995,2.123603492975235,2.114230901002884,8.283212705091563
decreasing_ild,101,2,"2,6",False,False,False,False,4.3238778710365295,0.0543212890625,75.48076616635936,2.123603492975235,2.2002743780612946,9.027490104888818
decreasing_ild,101,2,"3,4",False,False,False,False,4.168364346027374,0.103515625,64.60968654258654,2.123603492975235,2.0447608530521393,7.727310354238559
decreasing_ild,101,2,"3,5",False,False,False,False,4.548790454864502,0.072998046875,94.51801534146499,2.123603492975235,2.425186961889267,11.30434270299034
decreasing_ild,101,2,"3,6",False,False,False,False,4.606111109256744,0.0789794921875,100.09413660758234,2.123603492975235,2.4825076162815094,11.971246102494643
decreasing_ild,101,2,"4,5",False,False,False,False,4.434947609901428,0.07373046875,84.34770578791257,2.123603492975235,2.3113441169261932,10.087974964274009
decreasing_ild,101,2,"4,6",False,False,False,False,4.526267349720001,0.0643310546875,92.41297119745546,2.123603492975235,2.4026638567447662,11.052579689105226
decreasing_ild,101,2,"5,6",False,False,False,False,4.714543402194977,0.042724609375,111.55786246792364,2.123603492975235,2.590939909219742,13.342306268223492
decreasing_ild,101,3,"1,2,3",True,True,False,False,2.1472708880901337,0.3720703125,8.561461299053112,2.123603492975235,0.02366739511489868,1.0239496905774235
decreasing_ild,101,3,"1,2,4",True,False,False,False,2.144432544708252,0.370849609375,8.537195385823724,2.123603492975235,0.020829051733016968,1.0210474904184903
decreasing_ild,101,3,"1,2,5",True,False,False,False,2.144159972667694,0.369873046875,8.53486870216563,2.123603492975235,0.020556479692459106,1.0207692193467004
decreasing_ild,101,3,"1,2,6",True,False,False,False,2.152064621448517,0.368408203125,8.60260118972959,2.123603492975235,0.02846112847328186,1.0288700163088764
decreasing_ild,101,3,"1,3,4",True,False,False,False,2.159023344516754,0.3687744140625,8.662673078485394,2.123603492975235,0.035419851541519165,1.0360546066206622
decreasing_ild,101,3,"1,3,5",True,False,True,False,2.1568655371665955,0.3685302734375,8.64400085162383,2.123603492975235,0.033262044191360474,1.0338214106451802
decreasing_ild,101,3,"1,3,6",True,False,False,False,2.167608141899109,0.366455078125,8.737360501152185,2.123603492975235,0.0440046489238739,1.0449872129431537
decreasing_ild,101,3,"1,4,5",True,False,False,False,2.159055382013321,0.36767578125,8.66295061329014,2.123603492975235,0.03545188903808594,1.0360877997482743
decreasing_ild,101,3,"1,4,6",True,False,False,False,2.1717464327812195,0.365478515625,8.773593159379034,2.123603492975235,0.0481429398059845,1.0493206342931143
decreasing_ild,101,3,"1,5,6",True,False,False,False,2.169079929590225,0.3658447265625,8.750229508691048,2.123603492975235,0.045476436614990234,1.0465263446202322
decreasing_ild,101,3,"2,3,4",False,False,False,False,4.526950299739838,0.08642578125,92.4761061945377,2.123603492975235,2.4033468067646027,11.06013062678617
decreasing_ild,101,3,"2,3,5",False,False,False,False,4.423741340637207,0.06982421875,83.40775916904408,2.123603492975235,2.300137847661972,9.975557467315152
decreasing_ild,101,3,"2,3,6",False,False,False,False,4.341669082641602,0.0731201171875,76.83567746750104,2.123603492975235,2.2180655896663666,9.18953732546287
decreasing_ild,101,3,"2,4,5",False,False,False,False,4.253593325614929,0.105224609375,70.35777706337463,2.123603492975235,2.129989832639694,8.414781254892276
decreasing_ild,101,3,"2,4,6",False,False,False,True,4.1679975390434265,0.115478515625,64.58599160433214,2.123603492975235,2.0443940460681915,7.724476442614554
decreasing_ild,101,3,"2,5,6",False,False,False,False,4.24848198890686,0.0714111328125,69.99907228617268,2.123603492975235,2.1248784959316254,8.371880208821413
decreasing_ild,101,3,"3,4,5",False,False,False,False,4.3791879415512085,0.0794677734375,79.77322657255232,2.123603492975235,2.2555844485759735,9.540867827594077
decreasing_ild,101,3,"3,4,6",False,False,False,False,4.205824702978134,0.10498046875,67.07589255059031,2.123603492975235,2.082221210002899,8.022268281464713
decreasing_ild,101,3,"3,5,6",False,False,False,False,4.720533907413483,0.061767578125,112.22815611949143,2.123603492975235,2.5969304144382477,13.422473304333876
decreasing_ild,101,3,"4,5,6",False,False,False,False,4.458782911300659,0.076416015625,86.38231015757985,2.123603492975235,2.335179418325424,10.331313390040028
decreasing_ild,101,4,"1,2,3,4",True,True,False,False,2.134889245033264,0.3748779296875,8.456109898824957,2.123603492975235,0.011285752058029175,1.0113496764095795
decreasing_ild,101,4,"1,2,3,5",True,False,False,False,2.1339723467826843,0.373779296875,8.448360059901832,2.123603492975235,0.01036885380744934,1.0104227966527046
decreasing_ild,101,4,"1,2,3,6",True,False,False,False,2.1399920880794525,0.373291015625,8.49937038227693,2.123603492975235,0.01638859510421753,1.0165236247692804
decreasing_ild,101,4,"1,2,4,5",True,False,False,False,2.1316401958465576,0.375244140625,8.428680166240401,2.123603492975235,0.008036702871322632,1.0080690838551656
decreasing_ild,101,4,"1,2,4,6",True,False,False,False,2.1387965381145477,0.3726806640625,8.489215032138558,2.123603492975235,0.015193045139312744,1.015309046174731
decreasing_ild,101,4,"1,2,5,6",True,False,False,False,2.1381500959396362,0.3739013671875,8.483729018896101,2.123603492975235,0.014546602964401245,1.0146529196834815
decreasing_ild,101,4,"1,3,4,5",True,False,False,False,2.141495943069458,0.370849609375,8.512161818660202,2.123603492975235,0.017892450094223022,1.0180534789459428
decreasing_ild,101,4,"1,3,4,6",True,False,False,False,2.151537746191025,0.37060546875,8.598069885833427,2.123603492975235,0.027934253215789795,1.028328072934922
decreasing_ild,101,4,"1,3,5,6",True,False,False,False,2.1495764553546906,0.3714599609375,8.581223096283487,2.123603492975235,0.025972962379455566,1.0263131990314691
decreasing_ild,101,4,"1,4,5,6",True,False,False,False,2.153290629386902,0.3701171875,8.613154514987343,2.123603492975235,0.02968713641166687,1.0301321926774636
decreasing_ild,101,4,"2,3,4,5",False,False,False,False,4.619922995567322,0.080810546875,101.48621694008723,2.123603492975235,2.496319502592087,12.13773873452756
decreasing_ild,101,4,"2,3,4,6",False,False,False,False,4.5202091336250305,0.090087890625,91.85480589810975,2.123603492975235,2.3966056406497955,10.985823189765645
decreasing_ild,101,4,"2,3,5,6",False,False,False,False,4.429799318313599,0.0760498046875,83.91457510195899,2.123603492975235,2.3061958253383636,10.036172588911896
decreasing_ild,101,4,"2,4,5,6",False,False,False,False,4.301670551300049,0.102783203125,73.82301588160539,2.123603492975235,2.178067058324814,8.82922338010479
decreasing_ild,101,4,"3,4,5,6",False,False,False,False,4.476365864276886,0.072509765625,87.91459784961071,2.123603492975235,2.352762371301651,10.51457480457263
decreasing_ild,101,5,"1,2,3,4,5",True,True,False,False,2.125217229127884,0.3743896484375,8.374716522912989,2.123603492975235,0.0016137361526489258,1.0016150389255172
decreasing_ild,101,5,"1,2,3,4,6",True,False,False,False,2.1307719349861145,0.3758544921875,8.421365049321276,2.123603492975235,0.007168442010879517,1.0071941967950901
decreasing_ild,101,5,"1,2,3,5,6",True,False,False,False,2.129783868789673,0.3746337890625,8.413048292617846,2.123603492975235,0.006180375814437866,1.0061995137432582
decreasing_ild,101,5,"1,2,4,5,6",True,False,False,False,2.1291531026363373,0.375244140625,8.407743299789336,2.123603492975235,0.005549609661102295,1.0055650372706646
decreasing_ild,101,5,"1,3,4,5,6",True,False,False,False,2.1377586722373962,0.3758544921875,8.480408936096664,2.123603492975235,0.014155179262161255,1.0142558381997924
decreasing_ild,101,5,"2,3,4,5,6",False,False,False,False,4.650883138179779,0.084228515625,104.6773893675609,2.123603492975235,2.527279645204544,12.519402554003362
decreasing_ild,101,6,"1,2,3,4,5,6",True,True,False,False,2.123603492975235,0.375732421875,8.361212838713932,2.123603492975235,0.0,1.0
alternating,101,1,1,True,True,False,False,2.274780124425888,0.34765625,9.725780315914276,2.102330893278122,0.1724492311477661,1.1882114949498592
alternating,101,1,2,False,False,False,False,3.99947252869606,0.1004638671875,54.5693586697301,2.102330893278122,1.8971416354179382,6.666811005109542
alternating,101,1,3,False,False,False,False,5.05693793296814,0.037841796875,157.10870164968122,2.102330893278122,2.9546070396900177,19.194178687270746
alternating,101,1,4,False,False,False,False,3.679739326238632,0.1429443359375,39.636060644790284,2.102330893278122,1.5774084329605103,4.842390157179102
alternating,101,1,5,False,False,False,False,6.520761668682098,0.0198974609375,679.0954341288428,2.102330893278122,4.418430775403976,82.96599088090777
alternating,101,1,6,False,False,False,False,4.332598984241486,0.060302734375,76.14192128672249,2.102330893278122,2.2302680909633636,9.302359623773398
alternating,101,2,"1,2",True,True,False,False,2.259816199541092,0.3504638671875,9.581327952438729,2.102330893278122,0.15748530626296997,1.1705635579022307
alternating,101,2,"1,3",True,False,False,False,2.1520535349845886,0.37451171875,8.602505817830481,2.102330893278122,0.049722641706466675,1.0509795580508474
alternating,101,2,"1,4",True,False,False,False,2.256752699613571,0.3499755859375,9.552020469607612,2.102330893278122,0.15442180633544922,1.1669830238106886
alternating,101,2,"1,5",True,False,False,False,2.1613237857818604,0.3656005859375,8.682623988250917,2.102330893278122,0.0589928925037384,1.0607677013108943
alternating,101,2,"1,6",True,False,False,False,2.259166717529297,0.351806640625,9.57510707267794,2.102330893278122,0.15683582425117493,1.1698035447618582
alternating,101,2,"2,3",False,False,False,False,4.734719216823578,0.086181640625,113.83149226262428,2.102330893278122,2.632388323545456,13.906944553582726
alternating,101,2,"2,4",False,False,False,False,3.854847341775894,0.119873046875,47.221407654777934,2.102330893278122,1.7525164484977722,5.7691020731066
alternating,101,2,"2,5",False,False,False,False,4.6877676248550415,0.0601806640625,108.61044970748897,2.102330893278122,2.5854367315769196,13.269082852194812
alternating,101,2,"2,6",False,False,False,False,4.418695271015167,0.115966796875,82.98793792369416,2.102330893278122,2.3163643777370453,10.138746566357039
alternating,101,2,"3,4",False,False,False,False,4.657115638256073,0.069091796875,105.33182848227551,2.102330893278122,2.554784744977951,12.868529343803234
alternating,101,2,"3,5",False,False,False,False,4.430297136306763,0.0594482421875,83.95635968702967,2.102330893278122,2.3279662430286407,10.257059939040566
alternating,101,2,"3,6",False,False,False,False,4.696265339851379,0.0604248046875,109.53732292942365,2.102330893278122,2.5939344465732574,13.38232018440783
alternating,101,2,"4,5",False,False,False,False,3.9775514602661133,0.08349609375,53.386155938479234,2.102330893278122,1.8752205669879913,6.522257556392644
alternating,101,2,"4,6",False,False,False,False,4.4948336482048035,0.125244140625,89.55327039867993,2.102330893278122,2.3925027549266815,10.940841952182373
alternating,101,2,"5,6",False,False,False,False,4.704444408416748,0.0364990234375,110.43691008164956,2.102330893278122,2.602113515138626,13.492223941254464
alternating,101,3,"1,2,3",True,True,False,False,2.148065507411957,0.374267578125,8.568267105278835,2.102330893278122,0.04573461413383484,1.0467965690767307
alternating,101,3,"1,2,4",True,False,False,False,2.244362086057663,0.3531494140625,9.434395304161026,2.102330893278122,0.14203119277954102,1.1526126011670352
alternating,101,3,"1,2,5",True,False,False,False,2.154399186372757,0.369873046875,8.622707981898069,2.102330893278122,0.05206829309463501,1.0534476832591346
alternating,101,3,"1,2,6",True,False,False,False,2.2452445328235626,0.3543701171875,9.442724330205957,2.102330893278122,0.14291363954544067,1.1536301693381084
alternating,101,3,"1,3,4",True,False,False,False,2.1467337608337402,0.3759765625,8.55686393962889,2.102330893278122,0.044402867555618286,1.0454034291883139
alternating,101,3,"1,3,5",True,False,True,False,2.1046237349510193,0.3829345703125,8.204015544468948,2.102330893278122,0.002292841672897339,1.0022954722444763
alternating,101,3,"1,3,6",True,False,False,False,2.1428463757038116,0.37646484375,8.523664684943911,2.102330893278122,0.0405154824256897,1.0413474321619454
alternating,101,3,"1,4,5",True,False,False,False,2.1554635167121887,0.3668212890625,8.631890277242215,2.102330893278122,0.05313262343406677,1.0545694964734518
alternating,101,3,"1,4,6",True,False,False,False,2.2444708347320557,0.3533935546875,9.435421337932945,2.102330893278122,0.14213994145393372,1.152737953075304
alternating,101,3,"1,5,6",True,False,False,False,2.1567119359970093,0.3680419921875,8.642673224948231,2.102330893278122,0.05438104271888733,1.0558868635121423
alternating,101,3,"2,3,4",False,False,False,False,4.674755275249481,0.0953369140625,107.2063278396436,2.102330893278122,2.5724243819713593,13.097539419226834
alternating,101,3,"2,3,5",False,False,False,False,4.463359773159027,0.06982421875,86.7785761938944,2.102330893278122,2.361028879880905,10.601853876983698
alternating,101,3,"2,3,6",False,False,False,False,4.5706223249435425,0.0985107421875,96.60421027959094,2.102330893278122,2.4682914316654205,11.802264639572293
alternating,101,3,"2,4,5",False,False,False,False,4.155760735273361,0.0623779296875,63.8004813678789,2.102330893278122,2.0534298419952393,7.794589522097551
alternating,101,3,"2,4,6",False,False,False,True,4.302652895450592,0.099365234375,73.89557112070486,2.102330893278122,2.20032200217247,9.027920041318797
alternating,101,3,"2,5,6",False,False,False,False,4.261115550994873,0.0743408203125,70.88901967803855,2.102330893278122,2.158784657716751,8.660605659511443
alternating,101,3,"3,4,5",False,False,False,False,4.582991302013397,0.0535888671875,97.80652592004128,2.102330893278122,2.4806604087352753,11.949153137783945
alternating,101,3,"3,4,6",False,False,False,False,4.655468463897705,0.0789794921875,105.15847140913814,2.102330893278122,2.553137570619583,12.847350079996954
alternating,101,3,"3,5,6",False,False,False,False,4.369592249393463,0.06298828125,79.01140818082219,2.102330893278122,2.267261356115341,9.652928647689984
alternating,101,3,"4,5,6",False,False,False,False,3.9676594734191895,0.0799560546875,52.86066415005969,2.102330893278122,1.8653285801410675,6.458057526860806
alternating,101,4,"1,2,3,4",True,True,False,False,2.1433149874210358,0.374755859375,8.52765991012052,2.102330893278122,0.04098409414291382,1.0418355341265755
alternating,101,4,"1,2,3,5",True,False,False,False,2.1044432520866394,0.3818359375,8.202534993855092,2.102330893278122,0.002112358808517456,1.0021145914101273
alternating,101,4,"1,2,3,6",True,False,False,False,2.139251172542572,0.3773193359375,8.493075399020421,2.102330893278122,0.03692027926445007,1.037610298484648
alternating,101,4,"1,2,4,5",True,False,False,False,2.1492308974266052,0.3704833984375,8.578258298894022,2.102330893278122,0.046900004148483276,1.048017206466865
alternating,101,4,"1,2,4,6",True,False,False,False,2.232400566339493,0.3563232421875,9.322217842667039,2.102330893278122,0.13006967306137085,1.1389077317486558
alternating,101,4,"1,2,5,6",True,False,False,False,2.1500144302845,0.369873046875,8.584982280020789,2.102330893278122,0.047683537006378174,1.0488386841691297
alternating,101,4,"1,3,4,5",True,False,False,False,2.10346782207489,0.3826904296875,8.194537895988374,2.102330893278122,0.0011369287967681885,1.001137575345316
alternating,101,4,"1,3,4,6",True,False,False,False,2.138397455215454,0.376953125,8.485827807529168,2.102330893278122,0.03606656193733215,1.0367248506089113
alternating,101,4,"1,3,5,6",True,False,False,False,2.1024876832962036,0.3807373046875,8.186510046469088,2.102330893278122,0.00015679001808166504,1.000156802310279
alternating,101,4,"1,4,5,6",True,False,False,False,2.1519091427326202,0.369140625,8.601263772315905,2.102330893278122,0.04957824945449829,1.0508278157011612
alternating,101,4,"2,3,4,5",False,False,False,False,4.632209539413452,0.074462890625,102.74082340011822,2.102330893278122,2.52987864613533,12.55198281261589
alternating,101,4,"2,3,4,6",False,False,False,False,4.651428997516632,0.098876953125,104.73454409570643,2.102330893278122,2.54909810423851,12.795558317230261
alternating,101,4,"2,3,5,6",False,False,False,False,4.439408123493195,0.0740966796875,84.72478022364179,2.102330893278122,2.3370772302150726,10.350938896296473
alternating,101,4,"2,4,5,6",False,False,False,False,4.12549501657486,0.0645751953125,61.89844242273557,2.102330893278122,2.0231641232967377,7.562214898668772
alternating,101,4,"3,4,5,6",False,False,False,False,4.56153804063797,0.0565185546875,95.73060421900527,2.102330893278122,2.459207147359848,11.695535027188676
alternating,101,5,"1,2,3,4,5",True,True,False,False,2.103670358657837,0.3829345703125,8.196197757778348,2.102330893278122,0.0013394653797149658,1.0013403628641384
alternating,101,5,"1,2,3,4,6",True,False,False,False,2.1353489458560944,0.3778076171875,8.459998073133383,2.102330893278122,0.03301805257797241,1.0335691976614194
alternating,101,5,"1,2,3,5,6",True,False,False,False,2.1026010513305664,0.3819580078125,8.187438187631123,2.102330893278122,0.000270158052444458,1.0002701945484176
alternating,101,5,"1,2,4,5,6",True,False,False,False,2.1458469331264496,0.372802734375,8.549278839435335,2.102330893278122,0.04351603984832764,1.0444767474262775
alternating,101,5,"1,3,4,5,6",True,False,False,False,2.1018518209457397,0.3819580078125,8.181306207586792,2.102330893278122,-0.00047907233238220215,0.9995210424044445
alternating,101,5,"2,3,4,5,6",False,False,False,False,4.618072807788849,0.0770263671875,101.29862197828855,2.102330893278122,2.515741914510727,12.375787149976153
alternating,101,6,"1,2,3,4,5,6",True,True,False,False,2.102330893278122,0.38037109375,8.185226584030556,2.102330893278122,0.0,1.0
dense4,101,1,1,True,True,False,False,2.262321501970291,0.3544921875,9.605362170554466,2.107484132051468,0.15483736991882324,1.167468080236713
dense4,101,1,2,False,False,False,False,5.269767343997955,0.06640625,194.37073566618142,2.107484132051468,3.1622832119464874,23.624474079491733
dense4,101,1,3,False,False,False,False,5.400516986846924,0.0521240234375,221.520910002533,2.107484132051468,3.293032854795456,26.92439774168538
dense4,101,1,4,False,False,False,False,5.076303780078888,0.0872802734375,160.18089655933838,2.107484132051468,2.96881964802742,19.468925843316892
dense4,101,2,"1,2",True,True,False,False,2.165239602327347,0.3726806640625,8.71669020592189,2.107484132051468,0.057755470275878906,1.059455895574873
dense4,101,2,"1,3",True,False,True,False,2.1802991032600403,0.3685302734375,8.848952613509123,2.107484132051468,0.07281497120857239,1.0755315142065898
dense4,101,2,"1,4",True,False,False,False,2.190502256155014,0.372314453125,8.939702007674667,2.107484132051468,0.08301812410354614,1.0865615013229397
dense4,101,2,"2,3",False,False,False,False,4.621027588844299,0.0970458984375,101.59837986882923,2.107484132051468,2.5135434567928314,12.348609390724878
dense4,101,2,"2,4",False,False,False,True,4.634861052036285,0.094482421875,103.01360347032818,2.107484132051468,2.5273769199848175,12.520620435369567
dense4,101,2,"3,4",False,False,False,False,5.484617829322815,0.0406494140625,240.9568397607553,2.107484132051468,3.377133697271347,29.28670612730845
dense4,101,3,"1,2,3",True,True,False,False,2.1326315701007843,0.3748779296875,8.437040286073396,2.107484132051468,0.025147438049316406,1.0254663021304202
dense4,101,3,"1,2,4",True,False,False,False,2.1219869554042816,0.3839111328125,8.347707542871477,2.107484132051468,0.01450282335281372,1.0146084995451168
dense4,101,3,"1,3,4",True,False,False,False,2.138665050268173,0.381103515625,8.488098876918603,2.107484132051468,0.031180918216705322,1.0316721352864442
dense4,101,3,"2,3,4",False,False,False,False,4.788885295391083,0.0772705078125,120.167342886561,2.107484132051468,2.681401163339615,14.605543717756758
dense4,101,4,"1,2,3,4",True,True,False,False,2.107484132051468,0.383544921875,8.22751588086837,2.107484132051468,0.0,1.0
dense6,102,1,1,True,True,False,False,2.2961950302124023,0.3453369140625,9.936303102514483,2.098202496767044,0.19799253344535828,1.2189532924063011
dense6,102,1,2,False,False,False,False,5.57056450843811,0.0570068359375,262.58228732652526,2.098202496767044,3.4723620116710663,32.212739523137834
dense6,102,1,3,False,False,False,False,4.194063484668732,0.0975341796875,66.29161937943832,2.098202496767044,2.0958609879016876,8.132439889143761
dense6,102,1,4,False,False,False,False,5.284322738647461,0.048095703125,197.22056833822816,2.098202496767044,3.186120241880417,24.194376784388634
dense6,102,1,5,False,False,False,False,5.196675598621368,0.074951171875,180.67062075347206,2.098202496767044,3.0984731018543243,22.16408313397805
dense6,102,1,6,False,False,False,False,5.78785252571106,0.0458984375,326.3115258086321,2.098202496767044,3.6896500289440155,40.0308348719655
dense6,102,2,"1,2",True,True,False,False,2.2029976546764374,0.3621826171875,9.052107962989217,2.098202496767044,0.10479515790939331,1.1104831133734951
dense6,102,2,"1,3",True,False,False,False,2.223336338996887,0.35498046875,9.238100944071025,2.098202496767044,0.12513384222984314,1.1333001263324458
dense6,102,2,"1,4",True,False,False,False,2.2358540892601013,0.3543701171875,9.35446799191894,2.098202496767044,0.13765159249305725,1.1475756566416935
dense6,102,2,"1,5",True,False,False,False,2.252437859773636,0.3546142578125,9.510893822388859,2.098202496767044,0.1542353630065918,1.1667654678925643
dense6,102,2,"1,6",True,False,False,False,2.2418935894966125,0.3514404296875,9.411135252287355,2.098202496767044,0.14369109272956848,1.1545274115232695
dense6,102,2,"2,3",False,False,False,False,4.986681044101715,0.0626220703125,146.4495563784285,2.098202496767044,2.888478547334671,17.965954447761618
dense6,102,2,"2,4",False,False,False,False,5.473350942134857,0.056640625,238.25724281491878,2.098202496767044,3.375148445367813,29.22862231279941
dense6,102,2,"2,5",False,False,False,False,5.453923344612122,0.0677490234375,233.6731501293436,2.098202496767044,3.3557208478450775,28.666260756984606
dense6,102,2,"2,6",False,False,False,False,5.496627032756805,0.065185546875,243.8679847471762,2.098202496767044,3.3984245359897614,29.916929853401356
dense6,102,2,"3,4",False,False,False,False,4.558923244476318,0.053955078125,95.48061518016499,2.098202496767044,2.4607207477092743,11.713250797008035
dense6,102,2,"3,5",False,False,False,False,4.515759825706482,0.0548095703125,91.44702343046822,2.098202496767044,2.417557328939438,11.218422902489445
dense6,102,2,"3,6",False,False,False,False,4.785993158817291,0.143798828125,119.82030460217959,2.098202496767044,2.687790662050247,14.6991645972426
dense6,102,2,"4,5",False,False,False,False,4.843669831752777,0.0440673828125,126.93432563901202,2.098202496767044,2.745467334985733,15.571889520750632
dense6,102,2,"4,6",False,False,False,False,5.264868915081024,0.056884765625,193.42095255565425,2.098202496767044,3.16666641831398,23.728252299229222
dense6,102,2,"5,6",False,False,False,False,5.043249726295471,0.09423828125,154.97281683722042,2.098202496767044,2.945047229528427,19.011560272291238
dense6,102,3,"1,2,3",True,True,False,False,2.165040284395218,0.3699951171875,8.71495298639029,2.098202496767044,0.06683778762817383,1.0691220392862495
dense6,102,3,"1,2,4",True,False,False,False,2.166270434856415,0.36962890625,8.725680286569665,2.098202496767044,0.06806793808937073,1.0704380295229976
dense6,102,3,"1,2,5",True,False,False,False,2.162819117307663,0.3695068359375,8.695617101712259,2.098202496767044,0.0646166205406189,1.0667499759497445
dense6,102,3,"1,2,6",True,False,False,False,2.1628494560718536,0.3690185546875,8.69588091999094,2.098202496767044,0.06464695930480957,1.0667823403166603
dense6,102,3,"1,3,4",True,False,False,False,2.181693285703659,0.363525390625,8.861298271937676,2.098202496767044,0.08349078893661499,1.0870752021281704
dense6,102,3,"1,3,5",True,False,True,False,2.1810945868492126,0.3665771484375,8.855994610619758,2.098202496767044,0.08289209008216858,1.086424566236875
dense6,102,3,"1,3,6",True,False,False,False,2.180280476808548,0.364501953125,8.84878779045755,2.098202496767044,0.0820779800415039,1.085540457019003
dense6,102,3,"1,4,5",True,False,False,False,2.2010196149349213,0.3604736328125,9.034220230848815,2.098202496767044,0.1028171181678772,1.1082887046722643
dense6,102,3,"1,4,6",True,False,False,False,2.192099153995514,0.3587646484375,8.95398920306504,2.098202496767044,0.09389665722846985,1.098446223574297
dense6,102,3,"1,5,6",True,False,False,False,2.220046579837799,0.3546142578125,9.207759751849188,2.098202496767044,0.121844083070755,1.1295779677214648
dense6,102,3,"2,3,4",False,False,False,False,5.001869022846222,0.0662841796875,148.69080607105883,2.098202496767044,2.903666526079178,18.24090365812186
dense6,102,3,"2,3,5",False,False,False,False,5.094103991985321,0.0721435546875,163.05767816451635,2.098202496767044,2.995901495218277,20.00338471966159
dense6,102,3,"2,3,6",False,False,False,False,5.102645576000214,0.0682373046875,164.45641422848595,2.098202496767044,3.0044430792331696,20.174977102944638
dense6,102,3,"2,4,5",False,False,False,False,5.542455792427063,0.0634765625,255.3042043608772,2.098202496767044,3.444253295660019,31.319888016712085
dense6,102,3,"2,4,6",False,False,False,True,5.622795820236206,0.062744140625,276.66179962092633,2.098202496767044,3.524593323469162,33.93996822073987
dense6,102,3,"2,5,6",False,False,False,False,5.650263845920563,0.0718994140625,284.3664848637279,2.098202496767044,3.5520613491535187,34.88515390466799
dense6,102,3,"3,4,5",False,False,False,False,4.7177374958992,0.055908203125,111.91475841020228,2.098202496767044,2.6195349991321564,13.729337946469212
dense6,102,3,"3,4,6",False,False,False,False,5.080997407436371,0.0611572265625,160.93449316491174,2.098202496767044,2.982794910669327,19.742919301190128
dense6,102,3,"3,5,6",False,False,False,False,4.527796626091003,0.0697021484375,92.5544042882598,2.098202496767044,2.4295941293239594,11.354272778306052
dense6,102,3,"4,5,6",False,False,False,False,4.917105436325073,0.062744140625,136.60662378372285,2.098202496767044,2.818902939558029,16.758455545054684
dense6,102,4,"1,2,3,4",True,True,False,False,2.137347847223282,0.3758544921875,8.47692568752761,2.098202496767044,0.03914535045623779,1.0399216257483594
dense6,102,4,"1,2,3,5",True,False,False,False,2.1269591748714447,0.3778076171875,8.389317538109662,2.098202496767044,0.028756678104400635,1.029174143402777
dense6,102,4,"1,2,3,6",True,False,False,False,2.1303187012672424,0.3770751953125,8.41754906755312,2.098202496767044,0.032116204500198364,1.0326374954573312
dense6,102,4,"1,2,4,5",True,False,False,False,2.1342994570732117,0.376220703125,8.451124057456882,2.098202496767044,0.0360969603061676,1.0367563658323042
dense6,102,4,"1,2,4,6",True,False,False,False,2.1351464986801147,0.376220703125,8.458285543768898,2.098202496767044,0.03694400191307068,1.0376349136411314
dense6,102,4,"1,2,5,6",True,False,False,False,2.142272561788559,0.3760986328125,8.518775090531562,2.098202496767044,0.04407006502151489,1.0450555741646468
dense6,102,4,"1,3,4,5",True,False,False,False,2.14679417014122,0.3697509765625,8.557380869467213,2.098202496767044,0.048591673374176025,1.0497916053478755
dense6,102,4,"1,3,4,6",True,False,False,False,2.1472731828689575,0.372314453125,8.561480945735745,2.098202496767044,0.04907068610191345,1.05029458934656
dense6,102,4,"1,3,5,6",True,False,False,False,2.1571190655231476,0.3690185546875,8.646192628780867,2.098202496767044,0.058916568756103516,1.0606867426341344
dense6,102,4,"1,4,5,6",True,False,False,False,2.1774463653564453,0.367431640625,8.823744843657018,2.098202496767044,0.07924386858940125,1.0824682698947656
dense6,102,4,"2,3,4,5",False,False,False,False,5.104117155075073,0.06982421875,164.69860300265128,2.098202496767044,3.005914658308029,20.204688032714678
dense6,102,4,"2,3,4,6",False,False,False,False,5.1091392040252686,0.0599365234375,165.52780785987184,2.098202496767044,3.0109367072582245,20.306412183071213
dense6,102,4,"2,3,5,6",False,False,False,False,5.318881928920746,0.0711669921875,204.15549398625055,2.098202496767044,3.220679432153702,25.045130869085444
dense6,102,4,"2,4,5,6",False,False,False,False,5.74311089515686,0.063720703125,312.03360650218303,2.098202496767044,3.6449083983898163,38.27926624853017
dense6,102,4,"3,4,5,6",False,False,False,False,5.07645320892334,0.0538330078125,160.20483399404156,2.098202496767044,2.9782507121562958,19.65340709131787
dense6,102,5,"1,2,3,4,5",True,True,False,False,2.106935679912567,0.3818359375,8.223004719376833,2.098202496767044,0.008733183145523071,1.0087714286433558
dense6,102,5,"1,2,3,4,6",True,False,False,False,2.1112237572669983,0.382080078125,8.258341308567058,2.098202496767044,0.013021260499954224,1.0131064062795485
dense6,102,5,"1,2,3,5,6",True,False,False,False,2.111325055360794,0.3834228515625,8.259177905171635,2.098202496767044,0.01312255859375,1.0132090372253888
dense6,102,5,"1,2,4,5,6",True,False,False,False,2.1215341687202454,0.382568359375,8.343928667630593,2.098202496767044,0.023331671953201294,1.0236059846481327
dense6,102,5,"1,3,4,5,6",True,False,False,False,2.1311382353305817,0.3768310546875,8.42445036328101,2.098202496767044,0.0329357385635376,1.0334841239329917
dense6,102,5,"2,3,4,5,6",False,False,False,False,5.297051906585693,0.068603515625,199.74706807889456,2.098202496767044,3.1988494098186493,24.504319541304895
dense6,102,6,"1,2,3,4,5,6",True,True,False,False,2.098202496767044,0.38720703125,8.15150438036843,2.098202496767044,0.0,1.0
constant_ild,102,1,1,True,True,False,False,2.146794557571411,0.3743896484375,8.55738418485556,2.115725576877594,0.03106898069381714,1.031556658926377
constant_ild,102,1,2,False,False,False,False,4.47695118188858,0.0684814453125,87.96607087462161,2.115725576877594,2.3612256050109863,10.603939733230193
constant_ild,102,1,3,False,False,False,False,4.555149078369141,0.045654296875,95.12093465243868,2.115725576877594,2.4394235014915466,11.466428458088457
constant_ild,102,1,4,False,False,False,False,4.27460789680481,0.0877685546875,71.85196040224584,2.115725576877594,2.1588823199272156,8.661451514707483
constant_ild,102,1,5,False,False,False,False,4.408661067485809,0.059814453125,82.15938395557961,2.115725576877594,2.2929354906082153,9.90396805634333
constant_ild,102,1,6,False,False,False,False,3.8488345444202423,0.1497802734375,46.938326806457816,2.115725576877594,1.7331089675426483,5.658217806996975
constant_ild,102,2,"1,2",True,True,False,False,2.129687249660492,0.3780517578125,8.412235470485774,2.115725576877594,0.01396167278289795,1.0140595921115272
constant_ild,102,2,"1,3",True,False,False,False,2.128218352794647,0.3790283203125,8.399887835090059,2.115725576877594,0.012492775917053223,1.0125711366163321
constant_ild,102,2,"1,4",True,False,False,False,2.130041003227234,0.376220703125,8.415211855210048,2.115725576877594,0.014315426349639893,1.014418382767121
constant_ild,102,2,"1,5",True,False,False,False,2.1359723508358,0.3765869140625,8.465273722322605,2.115725576877594,0.020246773958206177,1.0204531302159545
constant_ild,102,2,"1,6",True,False,False,False,2.1370142996311188,0.375732421875,8.474098700869096,2.115725576877594,0.02128872275352478,1.0215169442492926
constant_ild,102,2,"2,3",False,False,False,False,4.341306924819946,0.0728759765625,76.80785586413373,2.115725576877594,2.2255813479423523,9.258863861076243
constant_ild,102,2,"2,4",False,False,False,False,4.307292461395264,0.0740966796875,74.23921104957385,2.115725576877594,2.1915668845176697,8.949224536063202
constant_ild,102,2,"2,5",False,False,False,False,4.290110528469086,0.080810546875,72.97453381740605,2.115725576877594,2.1743849515914917,8.796773016760834
constant_ild,102,2,"2,6",False,False,False,False,4.166885733604431,0.0931396484375,64.51422445053218,2.115725576877594,2.051160156726837,7.776918318707068
constant_ild,102,2,"3,4",False,False,False,False,4.736944556236267,0.0528564453125,114.08508803243888,2.115725576877594,2.621218979358673,13.752477357781576
constant_ild,102,2,"3,5",False,False,False,False,4.178077816963196,0.0927734375,65.2403287589137,2.115725576877594,2.062352240085602,7.864447138052548
constant_ild,102,2,"3,6",False,False,False,False,4.125441074371338,0.0972900390625,61.89510357440995,2.115725576877594,2.009715497493744,7.461194316846963
constant_ild,102,2,"4,5",False,False,False,False,4.154777944087982,0.101806640625,63.737809618833325,2.115725576877594,2.039052367210388,7.68332477745347
constant_ild,102,2,"4,6",False,False,False,False,4.209344327449799,0.1097412109375,67.31239045122958,2.115725576877594,2.0936187505722046,8.114225457015655
constant_ild,102,2,"5,6",False,False,False,False,4.306039869785309,0.1162109375,74.14627785250586,2.115725576877594,2.190314292907715,8.938021830166175
constant_ild,102,3,"1,2,3",True,True,False,False,2.12134513258934,0.380126953125,8.342351512713043,2.115725576877594,0.005619555711746216,1.0056353750335831
constant_ild,102,3,"1,2,4",True,False,False,False,2.1210229694843292,0.3800048828125,8.339664347722564,2.115725576877594,0.0052973926067352295,1.0053114486000279
constant_ild,102,3,"1,2,5",True,False,False,False,2.1240004301071167,0.3797607421875,8.364532373336875,2.115725576877594,0.008274853229522705,1.0083091844574634
constant_ild,102,3,"1,2,6",True,False,False,False,2.123045325279236,0.380126953125,8.35654718203854,2.115725576877594,0.007319748401641846,1.007346603243548
constant_ild,102,3,"1,3,4",True,False,False,False,2.1206544935703278,0.3800048828125,8.336591948366916,2.115725576877594,0.004928916692733765,1.0049410837845962
constant_ild,102,3,"1,3,5",True,False,True,False,2.1230575144290924,0.380615234375,8.356649041865216,2.115725576877594,0.007331937551498413,1.0073588820170862
constant_ild,102,3,"1,3,6",True,False,False,False,2.122431516647339,0.3797607421875,8.351419435134002,2.115725576877594,0.006705939769744873,1.00672847492882
constant_ild,102,3,"1,4,5",True,False,False,False,2.124931514263153,0.3779296875,8.372324083708483,2.115725576877594,0.009205937385559082,1.0092484423597183
constant_ild,102,3,"1,4,6",True,False,False,False,2.1239411532878876,0.3782958984375,8.364036565158555,2.115725576877594,0.008215576410293579,1.008249416867643
constant_ild,102,3,"1,5,6",True,False,False,False,2.1288635432720184,0.3770751953125,8.405309111422119,2.115725576877594,0.013137966394424438,1.0132246486685446
constant_ild,102,3,"2,3,4",False,False,False,False,4.26993989944458,0.0799560546875,71.5173372583622,2.115725576877594,2.154214322566986,8.62111410261432
constant_ild,102,3,"2,3,5",False,False,False,False,4.256772100925446,0.08251953125,70.58178447399398,2.115725576877594,2.1410465240478516,8.508337150727538
constant_ild,102,3,"2,3,6",False,False,False,False,4.176142871379852,0.0950927734375,65.1142143245575,2.115725576877594,2.0604172945022583,7.849244573608017
constant_ild,102,3,"2,4,5",False,False,False,False,4.225710451602936,0.0838623046875,68.42309758401538,2.115725576877594,2.109984874725342,8.24811652865527
constant_ild,102,3,"2,4,6",False,False,False,True,4.214129447937012,0.093994140625,67.6352602191192,2.115725576877594,2.0984038710594177,8.153146049084198
constant_ild,102,3,"2,5,6",False,False,False,False,4.1456868052482605,0.0980224609375,63.160986305470324,2.115725576877594,2.0299612283706665,7.613791153968782
constant_ild,102,3,"3,4,5",False,False,False,False,4.573157250881195,0.0540771484375,96.84940544240521,2.115725576877594,2.457431674003601,11.674788339406534
constant_ild,102,3,"3,4,6",False,False,False,False,4.501412808895111,0.0643310546875,90.1443981850598,2.115725576877594,2.385687232017517,10.866527925353255
constant_ild,102,3,"3,5,6",False,False,False,False,4.152217507362366,0.095458984375,63.574821739394565,2.115725576877594,2.0364919304847717,7.663677274346517
constant_ild,102,3,"4,5,6",False,False,False,False,4.24008521437645,0.102294921875,69.4137666375797,2.115725576877594,2.1243596374988556,8.367537514896036
constant_ild,102,4,"1,2,3,4",True,True,False,False,2.117626816034317,0.381591796875,8.311389607730387,2.115725576877594,0.0019012391567230225,1.0019030476578379
constant_ild,102,4,"1,2,3,5",True,False,False,False,2.1190616488456726,0.3795166015625,8.323323621857615,2.115725576877594,0.0033360719680786133,1.0033416428493978
constant_ild,102,4,"1,2,3,6",True,False,False,False,2.1169650852680206,0.3790283203125,8.305891524842206,2.115725576877594,0.0012395083904266357,1.0012402768984427
constant_ild,102,4,"1,2,4,5",True,False,False,False,2.1190562546253204,0.380126953125,8.32327872413703,2.115725576877594,0.0033306777477264404,1.003336230618085
constant_ild,102,4,"1,2,4,6",True,False,False,False,2.11659973859787,0.379638671875,8.30285754929115,2.115725576877594,0.0008741617202758789,1.0008745439109898
constant_ild,102,4,"1,2,5,6",True,False,False,False,2.1188464164733887,0.3802490234375,8.32153236594424,2.115725576877594,0.0031208395957946777,1.0031257144856165
constant_ild,102,4,"1,3,4,5",True,False,False,False,2.1188035011291504,0.379638671875,8.321175252181051,2.115725576877594,0.0030779242515563965,1.0030826659239938
constant_ild,102,4,"1,3,4,6",True,False,False,False,2.116813004016876,0.3817138671875,8.304628450514635,2.115725576877594,0.0010874271392822266,1.0010880186025455
constant_ild,102,4,"1,3,5,6",True,False,False,False,2.1185945570468903,0.380126953125,8.319436773483401,2.115725576877594,0.0028689801692962646,1.0028730996315118
constant_ild,102,4,"1,4,5,6",True,False,False,False,2.1201471984386444,0.3800048828125,8.332363908379403,2.115725576877594,0.004421621561050415,1.0044314113532655
constant_ild,102,4,"2,3,4,5",False,False,False,False,4.191151142120361,0.0906982421875,66.09883633710886,2.115725576877594,2.0754255652427673,7.967936614497144
constant_ild,102,4,"2,3,4,6",False,False,False,False,4.197623014450073,0.0987548828125,66.52800683738035,2.115725576877594,2.0818974375724792,8.019671312601888
constant_ild,102,4,"2,3,5,6",False,False,False,False,4.139446496963501,0.1011962890625,62.76806951536652,2.115725576877594,2.023720920085907,7.56642668808996
constant_ild,102,4,"2,4,5,6",False,False,False,False,4.177061378955841,0.0997314453125,65.17404969913488,2.115725576877594,2.061335802078247,7.856457476260429
constant_ild,102,4,"3,4,5,6",False,False,False,False,4.44405198097229,0.0643310546875,85.11914500615077,2.115725576877594,2.328326404094696,10.260754798015038
constant_ild,102,5,"1,2,3,4,5",True,True,False,False,2.117908328771591,0.381103515625,8.313729699136726,2.115725576877594,0.0021827518939971924,1.0021851358311114
constant_ild,102,5,"1,2,3,4,6",True,False,False,False,2.1148326098918915,0.3814697265625,8.28819828758999,2.115725576877594,-0.0008929669857025146,0.999107431590669
constant_ild,102,5,"1,2,3,5,6",True,False,False,False,2.1156546771526337,0.37890625,8.295014545380075,2.115725576877594,-7.089972496032715e-05,0.9999291027883658
constant_ild,102,5,"1,2,4,5,6",True,False,False,False,2.115502715110779,0.3814697265625,8.293754113803848,2.115725576877594,-0.00022286176681518555,0.9997771630650236
constant_ild,102,5,"1,3,4,5,6",True,False,False,False,2.1158289909362793,0.3807373046875,8.296460606781432,2.115725576877594,0.00010341405868530273,1.0001034194061034
constant_ild,102,5,"2,3,4,5,6",False,False,False,False,4.1498042345047,0.1007080078125,63.421583325083176,2.115725576877594,2.0340786576271057,7.645205028240519
constant_ild,102,6,"1,2,3,4,5,6",True,True,False,False,2.115725576877594,0.3824462890625,8.295602680478948,2.115725576877594,0.0,1.0
decreasing_ild,102,1,1,True,True,False,False,2.1708292067050934,0.368408203125,8.765549480451892,2.1186472475528717,0.05218195915222168,1.05356743130968
decreasing_ild,102,1,2,False,False,False,False,4.325808346271515,0.0777587890625,75.62662065510371,2.1186472475528717,2.207161098718643,9.08987447277767
decreasing_ild,102,1,3,False,False,False,False,5.116429924964905,0.065673828125,166.7390349087446,2.1186472475528717,2.997782677412033,20.041050147469445
decreasing_ild,102,1,4,False,False,False,False,4.8648868799209595,0.0833740234375,129.65627105459725,2.1186472475528717,2.7462396323680878,15.583920295335712
decreasing_ild,102,1,5,False,False,False,False,5.022743403911591,0.0440673828125,151.82725645934408,2.1186472475528717,2.904096156358719,18.248742186373548
decreasing_ild,102,1,6,False,False,False,False,4.116773843765259,0.150146484375,61.360962543845545,2.1186472475528717,1.998126596212387,7.37522637162457
decreasing_ild,102,2,"1,2",True,True,False,False,2.1405435502529144,0.37744140625,8.504058756152608,2.1186472475528717,0.021896302700042725,1.0221377860460608
decreasing_ild,102,2,"1,3",True,False,False,False,2.150660663843155,0.37548828125,8.590531976677568,2.1186472475528717,0.0320134162902832,1.0325313579526174
decreasing_ild,102,2,"1,4",True,False,False,False,2.1504572331905365,0.3709716796875,8.588784576894577,2.1186472475528717,0.031809985637664795,1.032321330788326
decreasing_ild,102,2,"1,5",True,False,False,False,2.1541803777217865,0.37353515625,8.620821465197452,2.1186472475528717,0.035533130168914795,1.036171976112009
decreasing_ild,102,2,"1,6",True,False,False,False,2.161352962255478,0.3687744140625,8.68287732029629,2.1186472475528717,0.0427057147026062,1.043630724476845
decreasing_ild,102,2,"2,3",False,False,False,False,4.307306528091431,0.0880126953125,74.24025535734432,2.1186472475528717,2.188659280538559,8.923241527646894
decreasing_ild,102,2,"2,4",False,False,False,False,4.048967123031616,0.10546875,57.33820314028497,2.1186472475528717,1.9303198754787445,6.8917143794741715
decreasing_ild,102,2,"2,5",False,False,False,False,4.039440006017685,0.083740234375,56.79452930397706,2.1186472475528717,1.9207927584648132,6.82636798579211
decreasing_ild,102,2,"2,6",False,False,False,False,4.154886305332184,0.0950927734375,63.74471670140958,2.1186472475528717,2.036239057779312,7.66173958454514
decreasing_ild,102,2,"3,4",False,False,False,False,4.916260242462158,0.0882568359375,136.4912134825767,2.1186472475528717,2.7976129949092865,16.405440127384466
decreasing_ild,102,2,"3,5",False,False,False,False,4.753954291343689,0.0804443359375,116.0422433174639,2.1186472475528717,2.6353070437908173,13.947594328004469
decreasing_ild,102,2,"3,6",False,False,False,False,4.739195168018341,0.1077880859375,114.34213842754544,2.1186472475528717,2.6205479204654694,13.743251731362587
decreasing_ild,102,2,"4,5",False,False,False,False,4.679123878479004,0.07958984375,107.67569424098156,2.1186472475528717,2.560476630926132,12.941984395724278
decreasing_ild,102,2,"4,6",False,False,False,False,4.622141361236572,0.1336669921875,101.71160037866177,2.1186472475528717,2.5034941136837006,12.225135433245985
decreasing_ild,102,2,"5,6",False,False,False,False,4.586547076702118,0.1029052734375,98.15492293285867,2.1186472475528717,2.467899829149246,11.797643747878341
decreasing_ild,102,3,"1,2,3",True,True,False,False,2.130445033311844,0.3807373046875,8.418612540911324,2.1186472475528717,0.011797785758972168,1.011867654127046
decreasing_ild,102,3,"1,2,4",True,False,False,False,2.127062112092972,0.3797607421875,8.390181155595974,2.1186472475528717,0.008414864540100098,1.0084503690313344
decreasing_ild,102,3,"1,2,5",True,False,False,False,2.127214640378952,0.3802490234375,8.391460993149934,2.1186472475528717,0.008567392826080322,1.0086041979689528
decreasing_ild,102,3,"1,2,6",True,False,False,False,2.133600652217865,0.3778076171875,8.445220433913034,2.1186472475528717,0.014953404664993286,1.0150657661843552
decreasing_ild,102,3,"1,3,4",True,False,False,False,2.136938989162445,0.3758544921875,8.473460536554875,2.1186472475528717,0.018291741609573364,1.0184600602290854
decreasing_ild,102,3,"1,3,5",True,False,True,False,2.140321761369705,0.376953125,8.50217285960151,2.1186472475528717,0.021674513816833496,1.0219111123857858
decreasing_ild,102,3,"1,3,6",True,False,False,False,2.1447182297706604,0.3756103515625,8.539634683439171,2.1186472475528717,0.026070982217788696,1.02641380301583
decreasing_ild,102,3,"1,4,5",True,False,False,False,2.13948130607605,0.374267578125,8.49503016539211,2.1186472475528717,0.0208340585231781,1.0210526026018172
decreasing_ild,102,3,"1,4,6",True,False,False,False,2.1445088386535645,0.37353515625,8.537846746988752,2.1186472475528717,0.02586159110069275,1.0261989035828152
decreasing_ild,102,3,"1,5,6",True,False,False,False,2.148061513900757,0.37451171875,8.568232887876508,2.1186472475528717,0.029414266347885132,1.0298511387876843
decreasing_ild,102,3,"2,3,4",False,False,False,False,4.339194893836975,0.082763671875,76.6458064797109,2.1186472475528717,2.2205476462841034,9.212374607384548
decreasing_ild,102,3,"2,3,5",False,False,False,False,4.312706530094147,0.0709228515625,74.6422372596787,2.1186472475528717,2.194059282541275,8.97155738522318
decreasing_ild,102,3,"2,3,6",False,False,False,False,4.346027135848999,0.0823974609375,77.17126215495652,2.1186472475528717,2.2273798882961273,9.275531285385195
decreasing_ild,102,3,"2,4,5",False,False,False,False,4.02731192111969,0.0948486328125,56.10988056195769,2.1186472475528717,1.9086646735668182,6.744077238579129
decreasing_ild,102,3,"2,4,6",False,False,False,True,4.091516226530075,0.113525390625,59.83053961686973,2.1186472475528717,1.9728689789772034,7.191278547750301
decreasing_ild,102,3,"2,5,6",False,False,False,False,3.9405132830142975,0.106689453125,51.445000369710726,2.1186472475528717,1.8218660354614258,6.183386108779052
decreasing_ild,102,3,"3,4,5",False,False,False,False,4.695838510990143,0.0770263671875,109.49057921510762,2.1186472475528717,2.577191263437271,13.160122882601426
decreasing_ild,102,3,"3,4,6",False,False,False,False,4.896079480648041,0.0966796875,133.76432470615754,2.1186472475528717,2.777432233095169,16.077684153837552
decreasing_ild,102,3,"3,5,6",False,False,False,False,4.6327685713768005,0.1014404296875,102.79827486144501,2.1186472475528717,2.514121323823929,12.355747307156335
decreasing_ild,102,3,"4,5,6",False,False,False,False,4.7158655524253845,0.1251220703125,111.705456270579,2.1186472475528717,2.597218304872513,13.426338062289103
decreasing_ild,102,4,"1,2,3,4",True,True,False,False,2.1225032806396484,0.3818359375,8.352018787839832,2.1186472475528717,0.0038560330867767334,1.003863477147466
decreasing_ild,102,4,"1,2,3,5",True,False,False,False,2.1230706572532654,0.380126953125,8.356758872555991,2.1186472475528717,0.004423409700393677,1.0044332074181956
decreasing_ild,102,4,"1,2,3,6",True,False,False,False,2.1262222230434418,0.3795166015625,8.383137292765515,2.1186472475528717,0.007574975490570068,1.0076037381971426
decreasing_ild,102,4,"1,2,4,5",True,False,False,False,2.118551880121231,0.383056640625,8.319081733074762,2.1186472475528717,-9.5367431640625e-05,0.9999046371156883
decreasing_ild,102,4,"1,2,4,6",True,False,False,False,2.1225174367427826,0.3795166015625,8.352137020716029,2.1186472475528717,0.0038701891899108887,1.0038776880429663
decreasing_ild,102,4,"1,2,5,6",True,False,False,False,2.1232638359069824,0.3809814453125,8.3583733759232,2.1186472475528717,0.004616588354110718,1.0046272612158755
decreasing_ild,102,4,"1,3,4,5",True,False,False,False,2.1320558190345764,0.3782958984375,8.43218404925896,2.1186472475528717,0.013408571481704712,1.0134988695141367
decreasing_ild,102,4,"1,3,4,6",True,False,False,False,2.1335647106170654,0.3782958984375,8.444916904626231,2.1186472475528717,0.014917463064193726,1.015029283751424
decreasing_ild,102,4,"1,3,5,6",True,False,False,False,2.137313038110733,0.377197265625,8.476630618402861,2.1186472475528717,0.018665790557861328,1.0188410854000771
decreasing_ild,102,4,"1,4,5,6",True,False,False,False,2.136090189218521,0.3741455078125,8.466271315263548,2.1186472475528717,0.017442941665649414,1.0175959581638456
decreasing_ild,102,4,"2,3,4,5",False,False,False,False,4.309119462966919,0.0721435546875,74.37497018315216,2.1186472475528717,2.1904722154140472,8.939433456436094
decreasing_ild,102,4,"2,3,4,6",False,False,False,False,4.356091558933258,0.088134765625,77.9518679717088,2.1186472475528717,2.2374443113803864,9.369355507934525
decreasing_ild,102,4,"2,3,5,6",False,False,False,False,4.265894055366516,0.0804443359375,71.2285738027887,2.1186472475528717,2.1472468078136444,8.561255139180082
decreasing_ild,102,4,"2,4,5,6",False,False,False,False,3.9709004759788513,0.11376953125,53.03226362483584,2.1186472475528717,1.8522532284259796,6.374165805390633
decreasing_ild,102,4,"3,4,5,6",False,False,False,False,4.735814332962036,0.1083984375,113.95621924966886,2.1186472475528717,2.6171670854091644,13.696866518680222
decreasing_ild,102,5,"1,2,3,4,5",True,True,False,False,2.119199901819229,0.38330078125,8.3244744256474,2.1186472475528717,0.0005526542663574219,1.0005528070078629
decreasing_ild,102,5,"1,2,3,4,6",True,False,False,False,2.1199638843536377,0.3824462890625,8.330836608705644,2.1186472475528717,0.0013166368007659912,1.0013175039475293
decreasing_ild,102,5,"1,2,3,5,6",True,False,False,False,2.1213768422603607,0.38232421875,8.342616050129225,2.1186472475528717,0.0027295947074890137,1.0027333234429963
decreasing_ild,102,5,"1,2,4,5,6",True,False,False,False,2.1163659393787384,0.383056640625,8.300916574587594,2.1186472475528717,-0.0022813081741333008,0.9977212920316932
decreasing_ild,102,5,"1,3,4,5,6",True,False,False,False,2.13089719414711,0.3798828125,8.422419968509557,2.1186472475528717,0.012249946594238281,1.0123252845041848
decreasing_ild,102,5,"2,3,4,5,6",False,False,False,False,4.279472589492798,0.080810546875,72.20234968572146,2.1186472475528717,2.160825341939926,8.678297266195704
decreasing_ild,102,6,"1,2,3,4,5,6",True,True,False,False,2.1186472475528717,0.3839111328125,8.319875140365262,2.1186472475528717,0.0,1.0
alternating,102,1,1,True,True,False,False,2.1978770792484283,0.3614501953125,9.005874433541015,2.101018637418747,0.0968584418296814,1.1017044073219866
alternating,102,1,2,False,False,False,False,3.7404144406318665,0.118408203125,42.115440898537926,2.101018637418747,1.6393958032131195,5.1520557161470855
alternating,102,1,3,False,False,False,False,5.219563603401184,0.0599365234375,184.85349702880603,2.101018637418747,3.118544965982437,22.61345235139402
alternating,102,1,4,False,False,False,False,3.890067607164383,0.1392822265625,48.91419336185893,2.101018637418747,1.789048969745636,5.983759023627787
alternating,102,1,5,False,False,False,False,7.4230015873909,0.0198974609375,1674.0507838059295,2.101018637418747,5.321982949972153,204.7895670997775
alternating,102,1,6,False,False,False,False,3.8415017426013947,0.1121826171875,46.59539621591972,2.101018637418747,1.7404831051826477,5.700096503767135
alternating,102,2,"1,2",True,True,False,False,2.189263254404068,0.3638916015625,8.928632560182717,2.101018637418747,0.08824461698532104,1.0922552735441815
alternating,102,2,"1,3",True,False,False,False,2.121587038040161,0.378662109375,8.34436981712621,2.101018637418747,0.020568400621414185,1.020781387936574
alternating,102,2,"1,4",True,False,False,False,2.1915034353733063,0.36376953125,8.948656733437158,2.101018637418747,0.09048479795455933,1.0947048657620382
alternating,102,2,"1,5",True,False,False,False,2.1463857293128967,0.3743896484375,8.553886399427308,2.101018637418747,0.04536709189414978,1.0464119187452743
alternating,102,2,"1,6",True,False,False,False,2.1860459744930267,0.3634033203125,8.899952810144006,2.101018637418747,0.08502733707427979,1.088746829444532
alternating,102,2,"2,3",False,False,False,False,4.565949618816376,0.0906982421875,96.15386019053618,2.101018637418747,2.464930981397629,11.762670280900645
alternating,102,2,"2,4",False,False,False,False,3.834790050983429,0.110107421875,46.283709428540945,2.101018637418747,1.733771413564682,5.661967312660458
alternating,102,2,"2,5",False,False,False,False,4.491251885890961,0.107177734375,89.23308562486741,2.101018637418747,2.3902332484722137,10.916039795727285
alternating,102,2,"2,6",False,False,False,False,4.085144281387329,0.0986328125,59.45051473522285,2.101018637418747,1.9841256439685822,7.2726856880684965
alternating,102,2,"3,4",False,False,False,False,4.851162672042847,0.0662841796875,127.8889963996472,2.101018637418747,2.7501440346240997,15.64488512706014
alternating,102,2,"3,5",False,False,False,False,5.415352702140808,0.04931640625,224.83183036374584,2.101018637418747,3.314334064722061,27.504071952801556
alternating,102,2,"3,6",False,False,False,False,4.840432107448578,0.072509765625,126.5240118876943,2.101018637418747,2.739413470029831,15.477904178808847
alternating,102,2,"4,5",False,False,False,False,4.927823066711426,0.118896484375,138.07859702820815,2.101018637418747,2.826804429292679,16.89139683496573
alternating,102,2,"4,6",False,False,False,False,4.413471817970276,0.116943359375,82.55558449860851,2.101018637418747,2.312453180551529,10.099169376870643
alternating,102,2,"5,6",False,False,False,False,4.747377455234528,0.0677490234375,115.28155669897757,2.101018637418747,2.6463588178157806,14.102594926838835
alternating,102,3,"1,2,3",True,True,False,False,2.1182404160499573,0.38037109375,8.31649104148354,2.101018637418747,0.017221778631210327,1.017370928438951
alternating,102,3,"1,2,4",True,False,False,False,2.183877259492874,0.3638916015625,8.880672263546195,2.101018637418747,0.0828586220741272,1.0863882063792054
alternating,102,3,"1,2,5",True,False,False,False,2.1406768560409546,0.375732421875,8.505192471970398,2.101018637418747,0.03965821862220764,1.040455105235939
alternating,102,3,"1,2,6",True,False,False,False,2.178344964981079,0.365478515625,8.831677421033133,2.101018637418747,0.07732632756233215,1.0803945814035278
alternating,102,3,"1,3,4",True,False,False,False,2.120177239179611,0.38037109375,8.332614222525008,2.101018637418747,0.019158601760864258,1.0193433054407088
alternating,102,3,"1,3,5",True,False,True,False,2.10441318154335,0.3843994140625,8.20228834287996,2.101018637418747,0.0033945441246032715,1.0034003121142288
alternating,102,3,"1,3,6",True,False,False,False,2.1161594688892365,0.3814697265625,8.299202857201246,2.101018637418747,0.015140831470489502,1.0152560345484185
alternating,102,3,"1,4,5",True,False,False,False,2.144281893968582,0.3740234375,8.535909347897858,2.101018637418747,0.043263256549835205,1.0442127545167694
alternating,102,3,"1,4,6",True,False,False,False,2.1813345849514008,0.3642578125,8.85812028758831,2.101018637418747,0.08031594753265381,1.0836293836252386
alternating,102,3,"1,5,6",True,False,False,False,2.14009827375412,0.375732421875,8.500272941573806,2.101018637418747,0.039079636335372925,1.0398532904582762
alternating,102,3,"2,3,4",False,False,False,False,4.508309602737427,0.0909423828125,90.76825434619941,2.101018637418747,2.40729096531868,11.103839676655594
alternating,102,3,"2,3,5",False,False,False,False,5.064621567726135,0.05859375,158.32051714233114,2.101018637418747,2.9636029303073883,19.36762640789133
alternating,102,3,"2,3,6",False,False,False,False,4.493703246116638,0.0997314453125,89.45209638924841,2.101018637418747,2.3926846086978912,10.94283176647372
alternating,102,3,"2,4,5",False,False,False,False,4.962775230407715,0.0797119140625,142.9900761654968,2.101018637418747,2.861756592988968,17.492226687963505
alternating,102,3,"2,4,6",False,False,False,True,3.860248178243637,0.11279296875,47.477132698264214,2.101018637418747,1.7592295408248901,5.807960873392103
alternating,102,3,"2,5,6",False,False,False,False,4.343554377555847,0.1065673828125,76.98067201525826,2.101018637418747,2.2425357401371,9.417180559608576
alternating,102,3,"3,4,5",False,False,False,False,5.025498151779175,0.06005859375,152.24607888054496,2.101018637418747,2.924479514360428,18.62452972645294
alternating,102,3,"3,4,6",False,False,False,False,4.856706142425537,0.0701904296875,128.59991391802035,2.101018637418747,2.75568750500679,15.731852913366055
alternating,102,3,"3,5,6",False,False,False,False,4.888534963130951,0.0577392578125,132.7589347750971,2.101018637418747,2.787516325712204,16.240633225838604
alternating,102,3,"4,5,6",False,False,False,False,4.915054440498352,0.1240234375,136.3267312957183,2.101018637418747,2.814035803079605,16.677088028778925
alternating,102,4,"1,2,3,4",True,True,False,False,2.117093652486801,0.3800048828125,8.306959458864231,2.101018637418747,0.0160750150680542,1.0162049132276643
alternating,102,4,"1,2,3,5",True,False,False,False,2.102050304412842,0.385009765625,8.182930222773047,2.101018637418747,0.0010316669940948486,1.0010321993455422
alternating,102,4,"1,2,3,6",True,False,False,False,2.1130629777908325,0.381591796875,8.273544195840142,2.101018637418747,0.012044340372085571,1.01211716552286
alternating,102,4,"1,2,4,5",True,False,False,False,2.139358103275299,0.3760986328125,8.493983618353358,2.101018637418747,0.038339465856552124,1.0390839065231379
alternating,102,4,"1,2,4,6",True,False,False,False,2.1743631660938263,0.3662109375,8.796581376770309,2.101018637418747,0.07334452867507935,1.0761012207832734
alternating,102,4,"1,2,5,6",True,False,False,False,2.134803831577301,0.3773193359375,8.455387664099215,2.101018637418747,0.03378519415855408,1.034362395778082
alternating,102,4,"1,3,4,5",True,False,False,False,2.1054072082042694,0.3834228515625,8.210445689811815,2.101018637418747,0.004388570785522461,1.004398214664747
alternating,102,4,"1,3,4,6",True,False,False,False,2.1154561042785645,0.3824462890625,8.293367544031662,2.101018637418747,0.014437466859817505,1.0145421904587106
alternating,102,4,"1,3,5,6",True,False,False,False,2.1012491285800934,0.3868408203125,8.17637688237701,2.101018637418747,0.00023049116134643555,1.0002305177264752
alternating,102,4,"1,4,5,6",True,False,False,False,2.1387976109981537,0.376953125,8.48922414008308,2.101018637418747,0.03777897357940674,1.0385016712026685
alternating,102,4,"2,3,4,5",False,False,False,False,4.830544829368591,0.0623779296875,125.27919785052563,2.101018637418747,2.7295261919498444,15.325623895404343
alternating,102,4,"2,3,4,6",False,False,False,False,4.552238464355469,0.093994140625,94.84447685318973,2.101018637418747,2.451219826936722,11.60249112181133
alternating,102,4,"2,3,5,6",False,False,False,False,4.75325220823288,0.067626953125,115.9608006114099,2.101018637418747,2.6522335708141327,14.185688025404176
alternating,102,4,"2,4,5,6",False,False,False,False,4.609973669052124,0.0888671875,100.48150382831639,2.101018637418747,2.508955031633377,12.292078513743034
alternating,102,4,"3,4,5,6",False,False,False,False,4.930234432220459,0.0616455078125,138.41195675916455,2.101018637418747,2.829215794801712,16.9321773152543
alternating,102,5,"1,2,3,4,5",True,True,False,False,2.1032813787460327,0.3841552734375,8.193010221481384,2.101018637418747,0.0022627413272857666,1.0022653032584077
alternating,102,5,"1,2,3,4,6",True,False,False,False,2.112605571746826,0.3824462890625,8.269760692084319,2.101018637418747,0.011586934328079224,1.0116543228756891
alternating,102,5,"1,2,3,5,6",True,False,False,False,2.0991788804531097,0.3863525390625,8.159467263044082,2.101018637418747,-0.001839756965637207,0.9981619343498469
alternating,102,5,"1,2,4,5,6",True,False,False,False,2.1342773735523224,0.37841796875,8.450937428942936,2.101018637418747,0.03325873613357544,1.033817990709871
alternating,102,5,"1,3,4,5,6",True,False,False,False,2.10286146402359,0.3865966796875,8.189570578097252,2.101018637418747,0.0018428266048431396,1.0018445256533146
alternating,102,5,"2,3,4,5,6",False,False,False,False,4.774777412414551,0.0677490234375,118.4839386315338,2.101018637418747,2.673758774995804,14.494347922626307
alternating,102,6,"1,2,3,4,5,6",True,True,False,False,2.101018637418747,0.3857421875,8.174492516946914,2.101018637418747,0.0,1.0
dense4,102,1,1,True,True,False,False,2.3298128843307495,0.3426513671875,10.276018549050804,2.106801301240921,0.2230115830898285,1.2498350506038023
dense4,102,1,2,False,False,False,False,5.354916930198669,0.0689697265625,211.64639419871276,2.106801301240921,3.2481156289577484,25.741787107604477
dense4,102,1,3,False,False,False,False,4.96682608127594,0.0787353515625,143.57048241558445,2.106801301240921,2.860024780035019,17.461959639190134
dense4,102,1,4,False,False,False,False,4.476038038730621,0.0872802734375,87.8857819221027,2.106801301240921,2.3692367374897003,10.689230480818091
dense4,102,2,"1,2",True,True,False,False,2.1934043169021606,0.3658447265625,8.965683247295757,2.106801301240921,0.08660301566123962,1.090463696770635
dense4,102,2,"1,3",True,False,True,False,2.23728209733963,0.357421875,9.367835790181413,2.106801301240921,0.1304807960987091,1.1393760592180897
dense4,102,2,"1,4",True,False,False,False,2.2335816025733948,0.362548828125,9.333234223811692,2.106801301240921,0.12678030133247375,1.1351675955754597
dense4,102,2,"2,3",False,False,False,False,5.1150248646736145,0.0670166015625,166.50492102236447,2.106801301240921,3.0082235634326935,20.251392637958165
dense4,102,2,"2,4",False,False,False,True,4.7434075474739075,0.0858154296875,114.8248067797775,2.106801301240921,2.6366062462329865,13.96572685297763
dense4,102,2,"3,4",False,False,False,False,4.371252655982971,0.0772705078125,79.14270821917074,2.106801301240921,2.26445135474205,9.625841979544308
dense4,102,3,"1,2,3",True,True,False,False,2.146775186061859,0.375244140625,8.557218417011674,2.106801301240921,0.03997388482093811,1.0407835935875653
dense4,102,3,"1,2,4",True,False,False,False,2.1286307275295258,0.37939453125,8.403352450919984,2.106801301240921,0.021829426288604736,1.0220694314246161
dense4,102,3,"1,3,4",True,False,False,False,2.1838841438293457,0.367919921875,8.880733401292597,2.106801301240921,0.07708284258842468,1.080131553580026
dense4,102,3,"2,3,4",False,False,False,False,4.682536005973816,0.0748291015625,108.04372496462982,2.106801301240921,2.575734704732895,13.140968344307316
dense4,102,4,"1,2,3,4",True,True,False,False,2.106801301240921,0.384521484375,8.221899797166357,2.106801301240921,0.0,1.0
dense6,103,1,1,True,True,False,False,2.2924104630947113,0.3421630859375,9.898769565415684,2.1064567863941193,0.18595367670059204,1.2043664688568823
dense6,103,1,2,False,False,False,False,5.445196866989136,0.0533447265625,231.64287805953086,2.1064567863941193,3.3387400805950165,28.18359526815463
dense6,103,1,3,False,False,False,False,4.6067909598350525,0.087646484375,100.16220880107842,2.1064567863941193,2.5003341734409332,12.1865657069263
dense6,103,1,4,False,False,False,False,5.087382078170776,0.0389404296875,161.96529407414715,2.1064567863941193,2.980925291776657,19.706042050212698
dense6,103,1,5,False,False,False,False,6.032581448554993,0.0316162109375,416.78956267336594,2.1064567863941193,3.9261246621608734,50.710077705728125
dense6,103,1,6,False,False,False,False,5.455416321754456,0.0648193359375,234.0222793573923,2.1064567863941193,3.3489595353603363,28.473092979982468
dense6,103,2,"1,2",True,True,False,False,2.2208861112594604,0.362060546875,9.215493201266646,2.1064567863941193,0.11442932486534119,1.1212333949424589
dense6,103,2,"1,3",True,False,False,False,2.225777953863144,0.355712890625,9.260684387488405,2.1064567863941193,0.11932116746902466,1.1267317297621227
dense6,103,2,"1,4",True,False,False,False,2.2551568746566772,0.3502197265625,9.536789273347395,2.1064567863941193,0.14870008826255798,1.1603249419506276
dense6,103,2,"1,5",True,False,False,False,2.2198292911052704,0.3553466796875,9.205759226756932,2.1064567863941193,0.11337250471115112,1.1200490788079398
dense6,103,2,"1,6",True,False,False,False,2.2095892429351807,0.3599853515625,9.111972817033756,2.1064567863941193,0.1031324565410614,1.1086382457383732
dense6,103,2,"2,3",False,False,False,False,4.587679088115692,0.06982421875,98.2660983399599,2.1064567863941193,2.481222301721573,11.955869169793202
dense6,103,2,"2,4",False,False,False,False,5.060212314128876,0.0592041015625,157.62397856868725,2.1064567863941193,2.9537555277347565,19.177841571259044
dense6,103,2,"2,5",False,False,False,False,4.4421727657318115,0.1025390625,84.95933801449503,2.1064567863941193,2.3357159793376923,10.336858257457456
dense6,103,2,"2,6",False,False,False,False,5.2241790890693665,0.058837890625,185.7086576677899,2.1064567863941193,3.117722302675247,22.59485674390637
dense6,103,2,"3,4",False,False,False,False,4.65730494260788,0.0927734375,105.351770143253,2.1064567863941193,2.5508481562137604,12.817970815135679
dense6,103,2,"3,5",False,False,False,False,4.5222607254981995,0.0904541015625,92.04344791344799,2.1064567863941193,2.41580393910408,11.198769868553512
dense6,103,2,"3,6",False,False,False,False,5.130398213863373,0.06005859375,169.08443640710294,2.1064567863941193,3.0239414274692535,20.57221599801198
dense6,103,2,"4,5",False,False,False,False,4.716592311859131,0.05810546875,111.78666877212584,2.1064567863941193,2.6101355254650116,13.600893994414893
dense6,103,2,"4,6",False,False,False,False,4.796606779098511,0.06689453125,121.09880457202944,2.1064567863941193,2.6901499927043915,14.733885730077615
dense6,103,2,"5,6",False,False,False,False,5.729431211948395,0.0794677734375,307.79414894493783,2.1064567863941193,3.6229744255542755,37.448790968401255
dense6,103,3,"1,2,3",True,True,False,False,2.1840114891529083,0.3663330078125,8.881864393172792,2.1064567863941193,0.07755470275878906,1.080641344904566
dense6,103,3,"1,2,4",True,False,False,False,2.200944483280182,0.3643798828125,9.03354150043098,2.1064567863941193,0.09448769688606262,1.0990956407509103
dense6,103,3,"1,2,5",True,False,False,False,2.168016940355301,0.3702392578125,8.74093305081289,2.1064567863941193,0.06156015396118164,1.063494468009657
dense6,103,3,"1,2,6",True,False,False,False,2.1555088460445404,0.3717041015625,8.63228156393373,2.1064567863941193,0.04905205965042114,1.0502750262675349
dense6,103,3,"1,3,4",True,False,False,False,2.2072761952877045,0.3619384765625,9.090920746352777,2.1064567863941193,0.1008194088935852,1.1060768760791826
dense6,103,3,"1,3,5",True,False,True,False,2.1720680594444275,0.3677978515625,8.776415434706399,2.1064567863941193,0.06561127305030823,1.0678115493513372
dense6,103,3,"1,3,6",True,False,False,False,2.163608878850937,0.365478515625,8.702487278237744,2.1064567863941193,0.05715209245681763,1.0588168362037225
dense6,103,3,"1,4,5",True,False,False,False,2.193121552467346,0.3626708984375,8.963148429334684,2.1064567863941193,0.08666476607322693,1.0905310354322413
dense6,103,3,"1,4,6",True,False,False,False,2.1833241283893585,0.3634033203125,8.87576144578533,2.1064567863941193,0.07686734199523926,1.0798988096686375
dense6,103,3,"1,5,6",True,False,False,False,2.160838395357132,0.3685302734375,8.678410548369914,2.1064567863941193,0.054381608963012695,1.0558874614020453
dense6,103,3,"2,3,4",False,False,False,False,4.622202098369598,0.0654296875,101.71777823727508,2.1064567863941193,2.515745311975479,12.375829196348201
dense6,103,3,"2,3,5",False,False,False,False,4.471494197845459,0.074462890625,87.48734880684036,2.1064567863941193,2.3650374114513397,10.644437033899168
dense6,103,3,"2,3,6",False,False,False,False,4.929177463054657,0.061767578125,138.26573687725798,2.1064567863941193,2.8227206766605377,16.82255720635771
dense6,103,3,"2,4,5",False,False,False,False,4.749635577201843,0.0599365234375,115.54217065289134,2.1064567863941193,2.643178790807724,14.057819525313743
dense6,103,3,"2,4,6",False,False,False,True,4.944907605648041,0.068115234375,140.457872737774,2.1064567863941193,2.8384508192539215,17.0892706507042
dense6,103,3,"2,5,6",False,False,False,False,4.915410697460175,0.088623046875,136.37530729508012,2.1064567863941193,2.8089539110660553,16.592551852109974
dense6,103,3,"3,4,5",False,False,False,False,4.806611120700836,0.065185546875,122.31639883968019,2.1064567863941193,2.700154334306717,14.88202835517259
dense6,103,3,"3,4,6",False,False,False,False,4.691642761230469,0.0858154296875,109.03214655058285,2.1064567863941193,2.5851859748363495,13.265755957366526
dense6,103,3,"3,5,6",False,False,False,False,4.643876791000366,0.076416015625,103.94654649495372,2.1064567863941193,2.537420004606247,12.646999642196237
dense6,103,3,"4,5,6",False,False,False,False,4.8378822803497314,0.0723876953125,126.20180848957649,2.1064567863941193,2.731425493955612,15.354759543547472
dense6,103,4,"1,2,3,4",True,True,False,False,2.176554560661316,0.3687744140625,8.815879294365013,2.1064567863941193,0.07009777426719666,1.0726130500823539
dense6,103,4,"1,2,3,5",True,False,False,False,2.1445153653621674,0.373779296875,8.537902471208414,2.1064567863941193,0.038058578968048096,1.0387920824644346
dense6,103,4,"1,2,3,6",True,False,False,False,2.1307408809661865,0.3758544921875,8.421103536143752,2.1064567863941193,0.02428409457206726,1.0245813545491653
dense6,103,4,"1,2,4,5",True,False,False,False,2.155088931322098,0.3739013671875,8.628657502768338,2.1064567863941193,0.048632144927978516,1.0498340929050758
dense6,103,4,"1,2,4,6",True,False,False,False,2.140367805957794,0.37353515625,8.502564347661576,2.1064567863941193,0.03391101956367493,1.0344925530339457
dense6,103,4,"1,2,5,6",True,False,False,False,2.1200447976589203,0.37744140625,8.331510711502997,2.1064567863941193,0.013588011264801025,1.013680747849067
dense6,103,4,"1,3,4,5",True,False,False,False,2.1603845953941345,0.371826171875,8.674473179440694,2.1064567863941193,0.05392780900001526,1.055408408416466
dense6,103,4,"1,3,4,6",True,False,False,False,2.1507158279418945,0.3692626953125,8.591005878702823,2.1064567863941193,0.04425904154777527,1.045253083798556
dense6,103,4,"1,3,5,6",True,False,False,False,2.125172793865204,0.3756103515625,8.374344398452207,2.1064567863941193,0.018716007471084595,1.0188922497390978
dense6,103,4,"1,4,5,6",True,False,False,False,2.140749007463455,0.373779296875,8.505806155844708,2.1064567863941193,0.03429222106933594,1.0348869783257386
dense6,103,4,"2,3,4,5",False,False,False,False,4.387889385223389,0.0703125,80.4703976085108,2.1064567863941193,2.2814325988292694,9.790696507763549
dense6,103,4,"2,3,4,6",False,False,False,False,4.7517295479774475,0.078125,115.78436606815269,2.1064567863941193,2.6452727615833282,14.087287029847918
dense6,103,4,"2,3,5,6",False,False,False,False,4.719981372356415,0.0753173828125,112.1661632570374,2.1064567863941193,2.6135245859622955,13.647066443396879
dense6,103,4,"2,4,5,6",False,False,False,False,4.684446692466736,0.0662841796875,108.25035999508138,2.1064567863941193,2.5779899060726166,13.170637315900347
dense6,103,4,"3,4,5,6",False,False,False,False,4.68417751789093,0.083740234375,108.22122567163439,2.1064567863941193,2.577720731496811,13.16709259228389
dense6,103,5,"1,2,3,4,5",True,True,False,False,2.1434421837329865,0.3778076171875,8.528744665997667,2.1064567863941193,0.03698539733886719,1.037677867869251
dense6,103,5,"1,2,3,4,6",True,False,False,False,2.126659542322159,0.3758544921875,8.386804202066397,2.1064567863941193,0.02020275592803955,1.0204082128678789
dense6,103,5,"1,2,3,5,6",True,False,False,False,2.104655385017395,0.382568359375,8.204275206214612,2.1064567863941193,-0.0018014013767242432,0.9982002201729024
dense6,103,5,"1,2,4,5,6",True,False,False,False,2.111147314310074,0.3795166015625,8.257710040666439,2.1064567863941193,0.00469052791595459,1.0047015456616322
dense6,103,5,"1,3,4,5,6",True,False,False,False,2.118243157863617,0.381103515625,8.316513843783536,2.1064567863941193,0.01178637146949768,1.0118561044426477
dense6,103,5,"2,3,4,5,6",False,False,False,False,4.476933121681213,0.07958984375,87.96448220348627,2.1064567863941193,2.370476335287094,10.702489043322625
dense6,103,6,"1,2,3,4,5,6",True,True,False,False,2.1064567863941193,0.38134765625,8.219067718491903,2.1064567863941193,0.0,1.0
constant_ild,103,1,1,True,True,False,False,2.169080525636673,0.3682861328125,8.750234724235819,2.115393102169037,0.05368742346763611,1.0551547339953835
constant_ild,103,1,2,False,False,False,False,5.385370433330536,0.0521240234375,218.19091432623293,2.115393102169037,3.269977331161499,26.31074290252391
constant_ild,103,1,3,False,False,False,False,4.450683295726776,0.0699462890625,85.68547252100036,2.115393102169037,2.3352901935577393,10.33245790707183
constant_ild,103,1,4,False,False,False,False,4.062071532011032,0.10107421875,58.094531197097275,2.115393102169037,1.9466784298419952,7.005380031929723
constant_ild,103,1,5,False,False,False,False,5.25736939907074,0.0634765625,191.97581471562586,2.115393102169037,3.141976296901703,23.149572107907506
constant_ild,103,1,6,False,False,False,False,3.5929174721240997,0.131591796875,36.339942188777734,2.115393102169037,1.4775243699550629,4.3820838231235095
constant_ild,103,2,"1,2",True,True,False,False,2.1337428390979767,0.380615234375,8.446421318831405,2.115393102169037,0.01834973692893982,1.0185191278583468
constant_ild,103,2,"1,3",True,False,False,False,2.1437476873397827,0.37158203125,8.53135062629944,2.115393102169037,0.02835458517074585,1.0287604029388475
constant_ild,103,2,"1,4",True,False,False,False,2.1527754068374634,0.3726806640625,8.60871796656246,2.115393102169037,0.037382304668426514,1.0380898115670583
constant_ild,103,2,"1,5",True,False,False,False,2.1535983979701996,0.371337890625,8.615805781317459,2.115393102169037,0.03820529580116272,1.0389445019300156
constant_ild,103,2,"1,6",True,False,False,False,2.160265415906906,0.3709716796875,8.67343942177777,2.115393102169037,0.04487231373786926,1.0458943050479426
constant_ild,103,2,"2,3",False,False,False,False,4.79218453168869,0.086669921875,120.5644580742049,2.115393102169037,2.6767914295196533,14.538370992064467
constant_ild,103,2,"2,4",False,False,False,False,4.8028565645217896,0.0653076171875,121.85801609896693,2.115393102169037,2.6874634623527527,14.694355821790799
constant_ild,103,2,"2,5",False,False,False,False,4.571365296840668,0.0966796875,96.67601116268894,2.115393102169037,2.455972194671631,11.657761655189248
constant_ild,103,2,"2,6",False,False,False,False,5.030261933803558,0.0577392578125,152.97307626809263,2.115393102169037,2.9148688316345215,18.446392660879297
constant_ild,103,2,"3,4",False,False,False,False,4.28651350736618,0.08447265625,72.71251440647819,2.115393102169037,2.1711204051971436,8.768102366922896
constant_ild,103,2,"3,5",False,False,False,False,4.511050701141357,0.0880126953125,91.01740037420618,2.115393102169037,2.3956575989723206,10.975413106896289
constant_ild,103,2,"3,6",False,False,False,False,4.330576479434967,0.090087890625,75.98807951024986,2.115393102169037,2.21518337726593,9.163089259809542
constant_ild,103,2,"4,5",False,False,False,False,4.695536494255066,0.0775146484375,109.45751622089149,2.115393102169037,2.580143392086029,13.199030660510264
constant_ild,103,2,"4,6",False,False,False,False,4.283305466175079,0.097412109375,72.47962342681522,2.115393102169037,2.1679123640060425,8.74001900374001
constant_ild,103,2,"5,6",False,False,False,False,4.533242642879486,0.072509765625,93.05983216299661,2.115393102169037,2.417849540710449,11.221701536718165
constant_ild,103,3,"1,2,3",True,True,False,False,2.1233828961849213,0.3809814453125,8.359368585424239,2.115393102169037,0.0079897940158844,1.00802179759732
constant_ild,103,3,"1,2,4",True,False,False,False,2.1256859600543976,0.380615234375,8.378642931690786,2.115393102169037,0.010292857885360718,1.0103460115582876
constant_ild,103,3,"1,2,5",True,False,False,False,2.125748932361603,0.3817138671875,8.379170570780595,2.115393102169037,0.010355830192565918,1.0104096373810225
constant_ild,103,3,"1,2,6",True,False,False,False,2.1297813057899475,0.382568359375,8.413026730005017,2.115393102169037,0.014388203620910645,1.01449221205546
constant_ild,103,3,"1,3,4",True,False,False,False,2.135201930999756,0.377685546875,8.458754419152081,2.115393102169037,0.019808828830718994,1.0200063255848442
constant_ild,103,3,"1,3,5",True,False,True,False,2.135299116373062,0.3759765625,8.459576526305762,2.115393102169037,0.01990601420402527,1.0201054600975052
constant_ild,103,3,"1,3,6",True,False,False,False,2.139733672142029,0.3760986328125,8.497174293276503,2.115393102169037,0.024340569972991943,1.0246392198259104
constant_ild,103,3,"1,4,5",True,False,False,False,2.1414378583431244,0.3756103515625,8.511667406429495,2.115393102169037,0.026044756174087524,1.02638688459556
constant_ild,103,3,"1,4,6",True,False,False,False,2.1463076174259186,0.3740234375,8.5532182653146,2.115393102169037,0.030914515256881714,1.0313973313819484
constant_ild,103,3,"1,5,6",True,False,False,False,2.1470068991184235,0.3719482421875,8.559201465987066,2.115393102169037,0.0316137969493866,1.0321188208862826
constant_ild,103,3,"2,3,4",False,False,False,False,4.785038232803345,0.07177734375,119.70593969002145,2.115393102169037,2.669645130634308,14.4348457992163
constant_ild,103,3,"2,3,5",False,False,False,False,4.567105770111084,0.088134765625,96.26509288901059,2.115393102169037,2.451712667942047,11.60821071450922
constant_ild,103,3,"2,3,6",False,False,False,False,4.833112895488739,0.0811767578125,125.60133657381441,2.115393102169037,2.717719793319702,15.145747406631068
constant_ild,103,3,"2,4,5",False,False,False,False,4.708558142185211,0.068603515625,110.8921538617928,2.115393102169037,2.5931650400161743,13.372027699569372
constant_ild,103,3,"2,4,6",False,False,False,True,4.771969377994537,0.066650390625,118.15169834303173,2.115393102169037,2.6565762758255005,14.247426242286554
constant_ild,103,3,"2,5,6",False,False,False,False,4.600786805152893,0.090087890625,99.56262121568771,2.115393102169037,2.485393702983856,12.00584606190627
constant_ild,103,3,"3,4,5",False,False,False,False,4.3076900243759155,0.0806884765625,74.26873167936593,2.115393102169037,2.1922969222068787,8.955760192611255
constant_ild,103,3,"3,4,6",False,False,False,False,4.245403945446014,0.0919189453125,69.78394335740371,2.115393102169037,2.1300108432769775,8.414958056666393
constant_ild,103,3,"3,5,6",False,False,False,False,4.575392365455627,0.08935546875,97.06611705745975,2.115393102169037,2.4599992632865906,11.704802916892415
constant_ild,103,3,"4,5,6",False,False,False,False,4.547042191028595,0.0751953125,94.35291727294393,2.115393102169037,2.431649088859558,11.377629339596506
constant_ild,103,4,"1,2,3,4",True,True,False,False,2.1186919808387756,0.3824462890625,8.320247324043038,2.115393102169037,0.0032988786697387695,1.0033043259583119
constant_ild,103,4,"1,2,3,5",True,False,False,False,2.118380516767502,0.3834228515625,8.317656269468635,2.115393102169037,0.002987414598464966,1.0029918813683802
constant_ild,103,4,"1,2,3,6",True,False,False,False,2.1216812133789062,0.3817138671875,8.3451556879846,2.115393102169037,0.006288111209869385,1.0063079228854004
constant_ild,103,4,"1,2,4,5",True,False,False,False,2.119407445192337,0.38232421875,8.326202294446707,2.115393102169037,0.004014343023300171,1.0040224112909064
constant_ild,103,4,"1,2,4,6",True,False,False,False,2.122982144355774,0.383544921875,8.356019224349229,2.115393102169037,0.0075890421867370605,1.0076179119524733
constant_ild,103,4,"1,2,5,6",True,False,False,False,2.123047888278961,0.383544921875,8.35656859989412,2.115393102169037,0.007654786109924316,1.0076841588847216
constant_ild,103,4,"1,3,4,5",True,False,False,False,2.1286960542201996,0.379638671875,8.403901432057534,2.115393102169037,0.01330295205116272,1.0133918299935096
constant_ild,103,4,"1,3,4,6",True,False,False,False,2.1325528621673584,0.3785400390625,8.436376250201036,2.115393102169037,0.017159759998321533,1.0173078344413502
constant_ild,103,4,"1,3,5,6",True,False,False,False,2.1324659287929535,0.3782958984375,8.435642879423517,2.115393102169037,0.017072826623916626,1.0172194002824893
constant_ild,103,4,"1,4,5,6",True,False,False,False,2.136575758457184,0.3778076171875,8.470383274420058,2.115393102169037,0.021182656288146973,1.0214086013035708
constant_ild,103,4,"2,3,4,5",False,False,False,False,4.672592222690582,0.07568359375,106.97468553543659,2.115393102169037,2.5571991205215454,12.899636343211474
constant_ild,103,4,"2,3,4,6",False,False,False,False,4.836805284023285,0.0718994140625,126.06596277124297,2.115393102169037,2.721412181854248,15.201774764434072
constant_ild,103,4,"2,3,5,6",False,False,False,False,4.58980131149292,0.0859375,98.47486239467135,2.115393102169037,2.474408209323883,11.874677709786335
constant_ild,103,4,"2,4,5,6",False,False,False,False,4.653537273406982,0.07421875,104.95558633704978,2.115393102169037,2.5381441712379456,12.656161494281616
constant_ild,103,4,"3,4,5,6",False,False,False,False,4.221706867218018,0.0931396484375,68.14970757412108,2.115393102169037,2.1063137650489807,8.217892300427959
constant_ild,103,5,"1,2,3,4,5",True,True,False,False,2.1150367856025696,0.3841552734375,8.289890709135406,2.115393102169037,-0.00035631656646728516,0.9996437469067414
constant_ild,103,5,"1,2,3,4,6",True,False,False,False,2.1181556582450867,0.3836669921875,8.315786183830152,2.115393102169037,0.0027625560760498047,1.0027663754503553
constant_ild,103,5,"1,2,3,5,6",True,False,False,False,2.117712825536728,0.383056640625,8.312104496958083,2.115393102169037,0.00231972336769104,1.0023224160075996
constant_ild,103,5,"1,2,4,5,6",True,False,False,False,2.117854744195938,0.38330078125,8.313284223394124,2.115393102169037,0.002461642026901245,1.002464674355294
constant_ild,103,5,"1,3,4,5,6",True,False,False,False,2.1270651519298553,0.38134765625,8.390206660416876,2.115393102169037,0.011672049760818481,1.0117404339358014
constant_ild,103,5,"2,3,4,5,6",False,False,False,False,4.681750178337097,0.0751953125,107.95885457069659,2.115393102169037,2.5663570761680603,13.018313230098865
constant_ild,103,6,"1,2,3,4,5,6",True,True,False,False,2.115393102169037,0.384765625,8.292845060840245,2.115393102169037,0.0,1.0
decreasing_ild,103,1,1,True,True,False,False,2.18779057264328,0.3665771484375,8.915493203282896,2.122299164533615,0.06549140810966492,1.067683563853996
decreasing_ild,103,1,2,False,False,False,False,5.221247494220734,0.05615234375,185.16503235754158,2.122299164533615,3.0989483296871185,22.174618626353006
decreasing_ild,103,1,3,False,False,False,False,4.937892854213715,0.0550537109375,139.4760433441464,2.122299164533615,2.8155936896800995,16.703089289002897
decreasing_ild,103,1,4,False,False,False,False,4.908775150775909,0.0577392578125,135.47337828233907,2.122299164533615,2.7864759862422943,16.223746239699615
decreasing_ild,103,1,5,False,False,False,False,4.965975403785706,0.083251953125,143.44840217075154,2.122299164533615,2.8436762392520905,17.178802985619807
decreasing_ild,103,1,6,False,False,False,False,4.386851012706757,0.0787353515625,80.38688272651468,2.122299164533615,2.2645518481731415,9.626809362038955
decreasing_ild,103,2,"1,2",True,True,False,False,2.156251311302185,0.3697509765625,8.638693112970829,2.122299164533615,0.033952146768569946,1.0345350996960434
decreasing_ild,103,2,"1,3",True,False,False,False,2.163303554058075,0.3675537109375,8.699830598707834,2.122299164533615,0.04100438952445984,1.0418566787908174
decreasing_ild,103,2,"1,4",True,False,False,False,2.170334130525589,0.3677978515625,8.761210939746546,2.122299164533615,0.04803496599197388,1.04920734125856
decreasing_ild,103,2,"1,5",True,False,False,False,2.167232036590576,0.36767578125,8.734074951380224,2.122299164533615,0.04493287205696106,1.045957644566852
decreasing_ild,103,2,"1,6",True,False,False,False,2.1668799817562103,0.3668212890625,8.731000619268372,2.122299164533615,0.044580817222595215,1.0455894749332926
decreasing_ild,103,2,"2,3",False,False,False,False,4.858019948005676,0.0626220703125,128.7689802383502,2.122299164533615,2.735720783472061,15.42085452817142
decreasing_ild,103,2,"2,4",False,False,False,False,5.30403459072113,0.0489501953125,201.14671973798755,2.122299164533615,3.1817354261875153,24.08852114971221
decreasing_ild,103,2,"2,5",False,False,False,False,4.810632050037384,0.0657958984375,122.80921456072903,2.122299164533615,2.688332885503769,14.707136990248308
decreasing_ild,103,2,"2,6",False,False,False,False,5.119179904460907,0.0521240234375,167.1981948868273,2.122299164533615,2.996880739927292,20.0229825222669
decreasing_ild,103,2,"3,4",False,False,False,False,4.967962563037872,0.0531005859375,143.73374040269215,2.122299164533615,2.845663398504257,17.212973943236594
decreasing_ild,103,2,"3,5",False,False,False,False,4.805034041404724,0.061767578125,122.12364821095852,2.122299164533615,2.682734876871109,14.625036324935497
decreasing_ild,103,2,"3,6",False,False,False,False,4.8717963099479675,0.0589599609375,130.55522403702813,2.122299164533615,2.7494971454143524,15.634767892401486
decreasing_ild,103,2,"4,5",False,False,False,False,4.261868715286255,0.10498046875,70.9424308674866,2.122299164533615,2.1395695507526398,8.495779839658573
decreasing_ild,103,2,"4,6",False,False,False,False,4.686822235584259,0.066650390625,108.50781907423435,2.122299164533615,2.564523071050644,12.994459457671248
decreasing_ild,103,2,"5,6",False,False,False,False,4.624149858951569,0.084716796875,101.91609318853688,2.122299164533615,2.5018506944179535,12.20506091009582
decreasing_ild,103,3,"1,2,3",True,True,False,False,2.1415705382823944,0.37548828125,8.512796808866934,2.122299164533615,0.019271373748779297,1.019458265293635
decreasing_ild,103,3,"1,2,4",True,False,False,False,2.1465269029140472,0.3734130859375,8.555094067617576,2.122299164533615,0.02422773838043213,1.0245236146730177
decreasing_ild,103,3,"1,2,5",True,False,False,False,2.140349119901657,0.37353515625,8.502405469751272,2.122299164533615,0.018049955368041992,1.0182138403664598
decreasing_ild,103,3,"1,2,6",True,False,False,False,2.140578329563141,0.37255859375,8.504354526593588,2.122299164533615,0.018279165029525757,1.0184472515651573
decreasing_ild,103,3,"1,3,4",True,False,False,False,2.15079003572464,0.372802734375,8.591643421855673,2.122299164533615,0.02849087119102478,1.0289006181544544
decreasing_ild,103,3,"1,3,5",True,False,True,False,2.1478603184223175,0.3709716796875,8.566509171569031,2.122299164533615,0.025561153888702393,1.025890641554286
decreasing_ild,103,3,"1,3,6",True,False,False,False,2.1469547152519226,0.3709716796875,8.558754825414228,2.122299164533615,0.024655550718307495,1.0249620122850867
decreasing_ild,103,3,"1,4,5",True,False,False,False,2.153918296098709,0.369140625,8.61856240235795,2.122299164533615,0.031619131565093994,1.0321243268582425
decreasing_ild,103,3,"1,4,6",True,False,False,False,2.1519332230091095,0.369384765625,8.601470895619483,2.122299164533615,0.029634058475494385,1.0300775168377445
decreasing_ild,103,3,"1,5,6",True,False,False,False,2.1498688459396362,0.369384765625,8.583732531973967,2.122299164533615,0.027569681406021118,1.0279532418389132
decreasing_ild,103,3,"2,3,4",False,False,False,False,5.011586666107178,0.0560302734375,150.14277370632354,2.122299164533615,2.8892875015735626,17.980493962876164
decreasing_ild,103,3,"2,3,5",False,False,False,False,4.859228730201721,0.064208984375,128.9247280026632,2.122299164533615,2.736929565668106,15.439506253238378
decreasing_ild,103,3,"2,3,6",False,False,False,False,4.909731686115265,0.05859375,135.6030253523249,2.122299164533615,2.78743252158165,16.239272250719925
decreasing_ild,103,3,"2,4,5",False,False,False,False,4.9287896156311035,0.0565185546875,138.21212126545495,2.122299164533615,2.8064904510974884,16.55172707059931
decreasing_ild,103,3,"2,4,6",False,False,False,True,5.112657427787781,0.0467529296875,166.11119737250283,2.122299164533615,2.9903582632541656,19.892808077227
decreasing_ild,103,3,"2,5,6",False,False,False,False,4.813377141952515,0.0570068359375,123.14680028265062,2.122299164533615,2.6910779774188995,14.747564896867623
decreasing_ild,103,3,"3,4,5",False,False,False,False,4.6463711857795715,0.065185546875,104.20615386487474,2.122299164533615,2.5240720212459564,12.479309354753257
decreasing_ild,103,3,"3,4,6",False,False,False,False,4.644112288951874,0.0572509765625,103.97102857634644,2.122299164533615,2.5218131244182587,12.451151697034934
decreasing_ild,103,3,"3,5,6",False,False,False,False,4.68876051902771,0.0660400390625,108.7183419440172,2.122299164533615,2.566461354494095,13.019670828793123
decreasing_ild,103,3,"4,5,6",False,False,False,False,4.302944004535675,0.109619140625,73.91708592423093,2.122299164533615,2.18064484000206,8.852012550491846
decreasing_ild,103,4,"1,2,3,4",True,True,False,False,2.1355873346328735,0.3756103515625,8.462015082132192,2.122299164533615,0.013288170099258423,1.013376850194934
decreasing_ild,103,4,"1,2,3,5",True,False,False,False,2.1300512850284576,0.3780517578125,8.415298379190409,2.122299164533615,0.007752120494842529,1.0077822459760644
decreasing_ild,103,4,"1,2,3,6",True,False,False,False,2.129841983318329,0.3759765625,8.413537227160896,2.122299164533615,0.007542818784713745,1.0075713375010664
decreasing_ild,103,4,"1,2,4,5",True,False,False,False,2.1342626810073853,0.377685546875,8.450813264077151,2.122299164533615,0.011963516473770142,1.0120353655737304
decreasing_ild,103,4,"1,2,4,6",True,False,False,False,2.133082240819931,0.3736572265625,8.440843470014041,2.122299164533615,0.010783076286315918,1.0108414231845118
decreasing_ild,103,4,"1,2,5,6",True,False,False,False,2.1281859278678894,0.37548828125,8.399615473757905,2.122299164533615,0.005886763334274292,1.0059041243756133
decreasing_ild,103,4,"1,3,4,5",True,False,False,False,2.139414608478546,0.37548828125,8.494463586184303,2.122299164533615,0.01711544394493103,1.0172627523719817
decreasing_ild,103,4,"1,3,4,6",True,False,False,False,2.1373981535434723,0.373779296875,8.477352141192044,2.122299164533615,0.015098989009857178,1.0152135546264998
decreasing_ild,103,4,"1,3,5,6",True,False,False,False,2.135296940803528,0.374267578125,8.459558121928819,2.122299164533615,0.01299777626991272,1.0130826145350136
decreasing_ild,103,4,"1,4,5,6",True,False,False,False,2.139315813779831,0.3721923828125,8.493624419666842,2.122299164533615,0.01701664924621582,1.0171622571691252
decreasing_ild,103,4,"2,3,4,5",False,False,False,False,4.916394233703613,0.0601806640625,136.5095033350316,2.122299164533615,2.794095069169998,16.347828403594914
decreasing_ild,103,4,"2,3,4,6",False,False,False,False,4.96450674533844,0.053466796875,143.23788009351082,2.122299164533615,2.842207580804825,17.15359170940959
decreasing_ild,103,4,"2,3,5,6",False,False,False,False,4.919263660907745,0.0567626953125,136.90176993860794,2.122299164533615,2.7969644963741302,16.39480467240448
decreasing_ild,103,4,"2,4,5,6",False,False,False,False,4.922254800796509,0.0496826171875,137.31187531902972,2.122299164533615,2.7999556362628937,16.443917241293345
decreasing_ild,103,4,"3,4,5,6",False,False,False,False,4.553282380104065,0.069580078125,94.94353819309445,2.122299164533615,2.43098321557045,11.370055801913951
decreasing_ild,103,5,"1,2,3,4,5",True,True,False,False,2.127690404653549,0.37744140625,8.39545430036328,2.122299164533615,0.005391240119934082,1.0054057990066756
decreasing_ild,103,5,"1,2,3,4,6",True,False,False,False,2.126486659049988,0.3773193359375,8.385354389240689,2.122299164533615,0.004187494516372681,1.0041962743223871
decreasing_ild,103,5,"1,2,3,5,6",True,False,False,False,2.1220583617687225,0.3790283203125,8.34830364360097,2.122299164533615,-0.00024080276489257812,0.9997592262257662
decreasing_ild,103,5,"1,2,4,5,6",True,False,False,False,2.1244645714759827,0.3759765625,8.368415599955906,2.122299164533615,0.0021654069423675537,1.002167753129158
decreasing_ild,103,5,"1,3,4,5,6",True,False,False,False,2.1300008296966553,0.3756103515625,8.414873793229873,2.122299164533615,0.007701665163040161,1.0077313992712136
decreasing_ild,103,5,"2,3,4,5,6",False,False,False,False,4.9169973731040955,0.058349609375,136.59186242954397,2.122299164533615,2.7946982085704803,16.357691397098446
decreasing_ild,103,6,"1,2,3,4,5,6",True,True,False,False,2.122299164533615,0.37939453125,8.35031418026219,2.122299164533615,0.0,1.0
alternating,103,1,1,True,True,False,False,2.223796933889389,0.3505859375,9.242356946253473,2.125607132911682,0.09818980097770691,1.103172148391545
alternating,103,1,2,False,False,False,False,3.5230444073677063,0.1385498046875,33.88743874985364,2.125607132911682,1.3974372744560242,4.044820907324615
alternating,103,1,3,False,False,False,False,4.847096741199493,0.076416015625,127.37006427064122,2.125607132911682,2.7214896082878113,15.20295182920529
alternating,103,1,4,False,False,False,False,3.6194100379943848,0.1309814453125,37.31554657214566,2.125607132911682,1.4938029050827026,4.454001497646736
alternating,103,1,5,False,False,False,False,4.752670645713806,0.099609375,115.89338176213062,2.125607132911682,2.627063512802124,13.833089512379978
alternating,103,1,6,False,False,False,False,3.9670440554618835,0.1220703125,52.828142756257925,2.125607132911682,1.8414369225502014,6.305592402334165
alternating,103,2,"1,2",True,True,False,False,2.2189007997512817,0.3524169921875,9.197215725805147,2.125607132911682,0.09329366683959961,1.097784070714759
alternating,103,2,"1,3",True,False,False,False,2.154349148273468,0.3648681640625,8.622276528774568,2.125607132911682,0.02874201536178589,1.0291590529978403
alternating,103,2,"1,4",True,False,False,False,2.2136201560497284,0.353515625,9.148776514181096,2.125607132911682,0.08801302313804626,1.0920023432328576
alternating,103,2,"1,5",True,False,False,False,2.164190649986267,0.3642578125,8.707551607139148,2.125607132911682,0.03858351707458496,1.0393375271631176
alternating,103,2,"1,6",True,False,False,False,2.2188382744789124,0.3516845703125,9.196640685364319,2.125607132911682,0.09323114156723022,1.097715433612534
alternating,103,2,"2,3",False,False,False,False,5.085406005382538,0.118408203125,161.6455548818916,2.125607132911682,2.9597988724708557,19.294090792423418
alternating,103,2,"2,4",False,False,False,False,4.2333086133003235,0.0928955078125,68.94496745842403,2.125607132911682,2.1077014803886414,8.229304312113385
alternating,103,2,"2,5",False,False,False,False,4.96287328004837,0.0821533203125,143.00409697843872,2.125607132911682,2.8372661471366882,17.069037455477925
alternating,103,2,"2,6",False,False,False,False,3.9797677993774414,0.11328125,53.504608981456805,2.125607132911682,1.8541606664657593,6.386335734722932
alternating,103,2,"3,4",False,False,False,False,4.601369559764862,0.0841064453125,99.62065870154468,2.125607132911682,2.47576242685318,11.890769499928588
alternating,103,2,"3,5",False,False,False,False,4.766798198223114,0.083740234375,117.54229170425883,2.125607132911682,2.641191065311432,14.029904192221911
alternating,103,2,"3,6",False,False,False,False,4.5946677923202515,0.08837890625,98.95525639049163,2.125607132911682,2.4690606594085693,11.81134676162733
alternating,103,2,"4,5",False,False,False,False,4.818550169467926,0.0821533203125,123.78549263119943,2.125607132911682,2.692943036556244,14.775095642786372
alternating,103,2,"4,6",False,False,False,False,4.125079691410065,0.106689453125,61.87273977978247,2.125607132911682,1.9994725584983826,7.38515983170314
alternating,103,2,"5,6",False,False,False,False,4.564581871032715,0.096435546875,96.02243585952719,2.125607132911682,2.4389747381210327,11.461283899436925
alternating,103,3,"1,2,3",True,True,False,False,2.1524427831172943,0.3646240234375,8.605854978941728,2.125607132911682,0.026835650205612183,1.0271989689506258
alternating,103,3,"1,2,4",True,False,False,False,2.209731310606003,0.353759765625,9.113267425747312,2.125607132911682,0.08412417769432068,1.087763961443156
alternating,103,3,"1,2,5",True,False,False,False,2.1600120961666107,0.366943359375,8.671242546623647,2.125607132911682,0.03440496325492859,1.0350036603228845
alternating,103,3,"1,2,6",True,False,False,False,2.215198427438736,0.3546142578125,9.163227166924099,2.125607132911682,0.08959129452705383,1.0937271800601802
alternating,103,3,"1,3,4",True,False,False,False,2.1506181359291077,0.3651123046875,8.590166647040451,2.125607132911682,0.025011003017425537,1.0253264021466324
alternating,103,3,"1,3,5",True,False,True,False,2.1300135254859924,0.374267578125,8.414980627373021,2.125607132911682,0.004406392574310303,1.0044161149970952
alternating,103,3,"1,3,6",True,False,False,False,2.152554750442505,0.3642578125,8.606818607451318,2.125607132911682,0.026947617530822754,1.0273139881107118
alternating,103,3,"1,4,5",True,False,False,False,2.159885436296463,0.3656005859375,8.670144317720906,2.125607132911682,0.034278303384780884,1.0348725751954535
alternating,103,3,"1,4,6",True,False,False,False,2.2101904451847076,0.35595703125,9.117452602653653,2.125607132911682,0.08458331227302551,1.088263506161675
alternating,103,3,"1,5,6",True,False,False,False,2.159261107444763,0.3662109375,8.664732985876022,2.125607132911682,0.033653974533081055,1.0342266760366463
alternating,103,3,"2,3,4",False,False,False,False,4.919923961162567,0.1153564453125,136.99219606309504,2.125607132911682,2.794316828250885,16.351454084995222
alternating,103,3,"2,3,5",False,False,False,False,5.335509359836578,0.056640625,207.57845401207385,2.125607132911682,3.2099022269248962,24.776663615564154
alternating,103,3,"2,3,6",False,False,False,False,5.152860641479492,0.10595703125,172.9254611903525,2.125607132911682,3.02725350856781,20.64046580783595
alternating,103,3,"2,4,5",False,False,False,False,4.9517123103141785,0.087890625,141.41690634944607,2.125607132911682,2.8261051774024963,16.87958962239001
alternating,103,3,"2,4,6",False,False,False,True,4.359010636806488,0.0921630859375,78.17974798261669,2.125607132911682,2.233403503894806,9.331572135141762
alternating,103,3,"2,5,6",False,False,False,False,4.618623197078705,0.095947265625,101.35439100083109,2.125607132911682,2.4930160641670227,12.097708616915938
alternating,103,3,"3,4,5",False,False,False,False,4.684347033500671,0.0693359375,108.2395724136767,2.125607132911682,2.5587399005889893,12.919527165522569
alternating,103,3,"3,4,6",False,False,False,False,4.614457070827484,0.0821533203125,100.93301417580476,2.125607132911682,2.488849937915802,12.047412877414647
alternating,103,3,"3,5,6",False,False,False,False,4.687557518482208,0.0882568359375,108.58763235696846,2.125607132911682,2.561950385570526,12.961071766931394
alternating,103,3,"4,5,6",False,False,False,False,4.606879830360413,0.0904541015625,100.17111066474659,2.125607132911682,2.4812726974487305,11.956471709696405
alternating,103,4,"1,2,3,4",True,True,False,False,2.14910951256752,0.365966796875,8.577217091413905,2.125607132911682,0.023502379655838013,1.0237807369895382
alternating,103,4,"1,2,3,5",True,False,False,False,2.127929538488388,0.3756103515625,8.397462177611466,2.125607132911682,0.0023224055767059326,1.0023251044494252
alternating,103,4,"1,2,3,6",True,False,False,False,2.151379644870758,0.3668212890625,8.596710627085864,2.125607132911682,0.025772511959075928,1.026107494736727
alternating,103,4,"1,2,4,5",True,False,False,False,2.1562329530715942,0.3685302734375,8.638534523306376,2.125607132911682,0.03062582015991211,1.0310996150060476
alternating,103,4,"1,2,4,6",True,False,False,False,2.207287460565567,0.3568115234375,9.091023158677862,2.125607132911682,0.08168032765388489,1.0851088750798936
alternating,103,4,"1,2,5,6",True,False,False,False,2.1558550000190735,0.367431640625,8.635270179737153,2.125607132911682,0.030247867107391357,1.0307099813953475
alternating,103,4,"1,3,4,5",True,False,False,False,2.128440111875534,0.37353515625,8.40175079305221,2.125607132911682,0.0028329789638519287,1.0028369956409149
alternating,103,4,"1,3,4,6",True,False,False,False,2.1494467556476593,0.364990234375,8.580110186335537,2.125607132911682,0.023839622735977173,1.0241260581839864
alternating,103,4,"1,3,5,6",True,False,False,False,2.1278165876865387,0.3768310546875,8.396513731089911,2.125607132911682,0.0022094547748565674,1.0022118974186967
alternating,103,4,"1,4,5,6",True,False,False,False,2.1555830538272858,0.3681640625,8.632922170177315,2.125607132911682,0.029975920915603638,1.0304297218505547
alternating,103,4,"2,3,4,5",False,False,False,False,5.198914051055908,0.0633544921875,181.07549632264113,2.125607132911682,3.073306918144226,21.61325790173988
alternating,103,4,"2,3,4,6",False,False,False,False,5.016211926937103,0.0987548828125,150.83883168038605,2.125607132911682,2.890604794025421,18.004195139117122
alternating,103,4,"2,3,5,6",False,False,False,False,5.382014751434326,0.043212890625,217.4599621325459,2.125607132911682,3.256407618522644,25.9561251540009
alternating,103,4,"2,4,5,6",False,False,False,False,4.795746028423309,0.09228515625,120.9946135419106,2.125607132911682,2.670138895511627,14.441974979005922
alternating,103,4,"3,4,5,6",False,False,False,False,4.627800524234772,0.0777587890625,102.28883469500711,2.125607132911682,2.5021933913230896,12.209244263466893
alternating,103,5,"1,2,3,4,5",True,True,False,False,2.126722037792206,0.3759765625,8.38732835571564,2.125607132911682,0.0011149048805236816,1.0011155266180078
alternating,103,5,"1,2,3,4,6",True,False,False,False,2.148618161678314,0.3673095703125,8.573003703379873,2.125607132911682,0.02301102876663208,1.0232778249773167
alternating,103,5,"1,2,3,5,6",True,False,False,False,2.1263498663902283,0.37744140625,8.38420741276153,2.125607132911682,0.0007427334785461426,1.0007430093733574
alternating,103,5,"1,2,4,5,6",True,False,False,False,2.152662366628647,0.3690185546875,8.607744890285286,2.125607132911682,0.02705523371696472,1.027424549673083
alternating,103,5,"1,3,4,5,6",True,False,False,False,2.126729667186737,0.37646484375,8.387392346196833,2.125607132911682,0.0011225342750549316,1.0011231645524683
alternating,103,5,"2,3,4,5,6",False,False,False,False,5.253701388835907,0.0516357421875,191.27293533485212,2.125607132911682,3.128094255924225,22.830429102615508
alternating,103,6,"1,2,3,4,5,6",True,True,False,False,2.125607132911682,0.377197265625,8.377982493239228,2.125607132911682,0.0,1.0
dense4,103,1,1,True,True,False,False,2.2610189616680145,0.3466796875,9.592858943955392,2.1108622550964355,0.15015670657157898,1.1620163240555017
dense4,103,1,2,False,False,False,False,4.501534104347229,0.08251953125,90.15533295374901,2.1108622550964355,2.3906718492507935,10.920828629397016
dense4,103,1,3,False,False,False,False,4.6570810079574585,0.0869140625,105.32818087276083,2.1108622550964355,2.546218752861023,12.758768399731377
dense4,103,1,4,False,False,False,False,5.309950530529022,0.0396728515625,202.3402184769915,2.1108622550964355,3.1990882754325867,24.510173479760713
dense4,103,2,"1,2",True,True,False,False,2.170458644628525,0.3675537109375,8.762301901986023,2.1108622550964355,0.05959638953208923,1.0614080646756643
dense4,103,2,"1,3",True,False,True,False,2.1818089187145233,0.362060546875,8.86232298978149,2.1108622550964355,0.07094666361808777,1.0735239664570992
dense4,103,2,"1,4",True,False,False,False,2.196072071790695,0.3580322265625,8.989633425005334,2.1108622550964355,0.08520981669425964,1.0889455216803139
dense4,103,2,"2,3",False,False,False,False,4.411110460758209,0.0767822265625,82.36087125799072,2.1108622550964355,2.3002482056617737,9.976658410631984
dense4,103,2,"2,4",False,False,False,True,4.62676602602005,0.084716796875,102.18307179332781,2.1108622550964355,2.5159037709236145,12.377790412606986
dense4,103,2,"3,4",False,False,False,False,4.883575797080994,0.0791015625,132.10219096968268,2.1108622550964355,2.772713541984558,16.001997240561366
dense4,103,3,"1,2,3",True,True,False,False,2.1341117918491364,0.3739013671875,8.449538224174484,2.1108622550964355,0.023249536752700806,1.0235219140179763
dense4,103,3,"1,2,4",True,False,False,False,2.1276313960552216,0.37841796875,8.394958910988953,2.1108622550964355,0.01676914095878601,1.0169105322341039
dense4,103,3,"1,3,4",True,False,False,False,2.145249515771866,0.36865234375,8.54417287723456,2.1108622550964355,0.0343872606754303,1.034985338250481
dense4,103,3,"2,3,4",False,False,False,False,4.488914608955383,0.075439453125,89.02476673624761,2.1108622550964355,2.3780523538589478,10.783879216522546
dense4,103,4,"1,2,3,4",True,True,False,False,2.1108622550964355,0.3818359375,8.255356439809535,2.1108622550964355,0.0,1.0
dense6,104,1,1,True,True,False,False,2.3487174212932587,0.3128662109375,10.472129777008371,2.1202212274074554,0.22849619388580322,1.2567087419458112
dense6,104,1,2,False,False,False,False,5.328059732913971,0.0360107421875,206.03781768050283,2.1202212274074554,3.2078385055065155,24.725584209145932
dense6,104,1,3,False,False,False,False,4.703592121601105,0.0447998046875,110.34282625812291,2.1202212274074554,2.5833708941936493,13.24169937943656
dense6,104,1,4,False,False,False,False,4.918872177600861,0.053955078125,136.84818567035163,2.1202212274074554,2.798650950193405,16.422477080921386
dense6,104,1,5,False,False,False,False,5.307245433330536,0.0677490234375,201.79360816917514,2.1202212274074554,3.1870242059230804,24.216257519245154
dense6,104,1,6,False,False,False,False,5.351829946041107,0.03759765625,210.99405253504588,2.1202212274074554,3.2316087186336517,25.32035755530094
dense6,104,2,"1,2",True,True,False,False,2.2760717272758484,0.33837890625,9.73835027743999,2.1202212274074554,0.15585049986839294,1.1686514764798324
dense6,104,2,"1,3",True,False,False,False,2.2620039880275726,0.3267822265625,9.602312818272004,2.1202212274074554,0.1417827606201172,1.152326290695385
dense6,104,2,"1,4",True,False,False,False,2.2552139163017273,0.3338623046875,9.537333283011497,2.1202212274074554,0.13499268889427185,1.1445284165524634
dense6,104,2,"1,5",True,False,False,False,2.2757541239261627,0.3271484375,9.735257835882358,2.1202212274074554,0.15553289651870728,1.168280367792088
dense6,104,2,"1,6",True,False,False,False,2.2762237191200256,0.330322265625,9.739830539748953,2.1202212274074554,0.1560024917125702,1.1688291154724402
dense6,104,2,"2,3",False,False,False,False,4.966804385185242,0.037353515625,143.5673675311669,2.1202212274074554,2.8465831577777863,17.228813018597528
dense6,104,2,"2,4",False,False,False,False,5.1270951628685,0.0311279296875,168.52686324443937,2.1202212274074554,3.0068739354610443,20.22407922760637
dense6,104,2,"2,5",False,False,False,False,5.440446138381958,0.03271484375,230.54501550046038,2.1202212274074554,3.3202249109745026,27.666572374567078
dense6,104,2,"2,6",False,False,False,False,6.279894232749939,0.026611328125,533.7322094520392,2.1202212274074554,4.1596730053424835,64.05057497941415
dense6,104,2,"3,4",False,False,False,False,4.724483370780945,0.065185546875,112.67227354634916,2.1202212274074554,2.6042621433734894,13.52124488100617
dense6,104,2,"3,5",False,False,False,False,4.827611565589905,0.042724609375,124.91225934405878,2.1202212274074554,2.7073903381824493,14.990105321128462
dense6,104,2,"3,6",False,False,False,False,5.000513970851898,0.0513916015625,148.48945874661032,2.1202212274074554,2.8802927434444427,17.819488954707776
dense6,104,2,"4,5",False,False,False,False,4.728998899459839,0.04443359375,113.1821988535906,2.1202212274074554,2.6087776720523834,13.582438506848803
dense6,104,2,"4,6",False,False,False,False,4.711815059185028,0.060302734375,111.25390918660835,2.1202212274074554,2.5915938317775726,13.351033956570909
dense6,104,2,"5,6",False,False,False,False,5.575009644031525,0.094482421875,263.7520992582335,2.1202212274074554,3.454788416624069,31.6515910232609
dense6,104,3,"1,2,3",True,True,False,False,2.2144819796085358,0.34814453125,9.156664543871962,2.1202212274074554,0.09426075220108032,1.098846235138664
dense6,104,3,"1,2,4",True,False,False,False,2.2032896280288696,0.3524169921875,9.054751323174338,2.1202212274074554,0.08306840062141418,1.086616131224965
dense6,104,3,"1,2,5",True,False,False,False,2.214049220085144,0.351318359375,9.152702767398178,2.1202212274074554,0.0938279926776886,1.0983708018472271
dense6,104,3,"1,2,6",True,False,False,False,2.221993625164032,0.3511962890625,9.225705142013899,2.1202212274074554,0.10177239775657654,1.107131457446034
dense6,104,3,"1,3,4",True,False,False,False,2.2111160457134247,0.342529296875,9.125895628434998,2.1202212274074554,0.09089481830596924,1.0951538090674444
dense6,104,3,"1,3,5",True,False,True,False,2.2082190215587616,0.34521484375,9.099495947087581,2.1202212274074554,0.08799779415130615,1.0919857132702815
dense6,104,3,"1,3,6",True,False,False,False,2.2058756947517395,0.345947265625,9.078197818288446,2.1202212274074554,0.08565446734428406,1.0894298296803242
dense6,104,3,"1,4,5",True,False,False,False,2.212022066116333,0.3448486328125,9.134167622801153,2.1202212274074554,0.09180083870887756,1.0961464903896425
dense6,104,3,"1,4,6",True,False,False,False,2.2007488906383514,0.349609375,9.031774778968318,2.1202212274074554,0.080527663230896,1.0838588292645934
dense6,104,3,"1,5,6",True,False,False,False,2.2210418581962585,0.3463134765625,9.216928597880239,2.1202212274074554,0.1008206307888031,1.1060782275900538
dense6,104,3,"2,3,4",False,False,False,False,5.189562380313873,0.033935546875,179.3900311426223,2.1202212274074554,3.069341152906418,21.52771452945722
dense6,104,3,"2,3,5",False,False,False,False,4.984753906726837,0.045166015625,146.1675997366508,2.1202212274074554,2.8645326793193817,17.54085408505709
dense6,104,3,"2,3,6",False,False,False,False,5.65375018119812,0.0294189453125,285.3596119527499,2.1202212274074554,3.5335289537906647,34.24460225145646
dense6,104,3,"2,4,5",False,False,False,False,5.0347166657447815,0.041259765625,153.65605042103087,2.1202212274074554,2.914495438337326,18.439506187263845
dense6,104,3,"2,4,6",False,False,False,True,5.302215039730072,0.042236328125,200.78105579771827,2.1202212274074554,3.1819938123226166,24.094746093777378
dense6,104,3,"2,5,6",False,False,False,False,5.773927569389343,0.037353515625,321.79914234977815,2.1202212274074554,3.653706341981888,38.61753090851783
dense6,104,3,"3,4,5",False,False,False,False,4.797180712223053,0.049072265625,121.1683271360586,2.1202212274074554,2.6769594848155975,14.540814447616157
dense6,104,3,"3,4,6",False,False,False,False,4.911666691303253,0.072998046875,135.86567193919154,2.1202212274074554,2.7914454638957977,16.304570444800287
dense6,104,3,"3,5,6",False,False,False,False,4.9615455865859985,0.0484619140625,142.81435735968603,2.1202212274074554,2.841324359178543,17.138447974864803
dense6,104,3,"4,5,6",False,False,False,False,4.5609318017959595,0.0550537109375,95.67258619652489,2.1202212274074554,2.440710574388504,11.481196088851798
dense6,104,4,"1,2,3,4",True,True,False,False,2.176433265209198,0.3607177734375,8.814810033149758,2.1202212274074554,0.056212037801742554,1.0578219582010908
dense6,104,4,"1,2,3,5",True,False,False,False,2.1679883003234863,0.3621826171875,8.740682713797073,2.1202212274074554,0.047767072916030884,1.0489263035223209
dense6,104,4,"1,2,3,6",True,False,False,False,2.1745622158050537,0.36279296875,8.798332508028448,2.1202212274074554,0.05434098839759827,1.0558445715274605
dense6,104,4,"1,2,4,5",True,False,False,False,2.16513928771019,0.3597412109375,8.715815838337665,2.1202212274074554,0.044918060302734375,1.0459421522140238
dense6,104,4,"1,2,4,6",True,False,False,False,2.16287761926651,0.364013671875,8.696125827226668,2.1202212274074554,0.042656391859054565,1.0435792509113178
dense6,104,4,"1,2,5,6",True,False,False,False,2.17537984251976,0.3638916015625,8.80552920143535,2.1202212274074554,0.05515861511230469,1.0567082112750708
dense6,104,4,"1,3,4,5",True,False,False,False,2.172733813524246,0.359130859375,8.782260314498638,2.1202212274074554,0.05251258611679077,1.0539158267027446
dense6,104,4,"1,3,4,6",True,False,False,False,2.1630041003227234,0.35986328125,8.697225791967144,2.1202212274074554,0.042782872915267944,1.0437112522648748
dense6,104,4,"1,3,5,6",True,False,False,False,2.164793699979782,0.364013671875,8.712804279732266,2.1202212274074554,0.04457247257232666,1.0455807498912035
dense6,104,4,"1,4,5,6",True,False,False,False,2.169200301170349,0.35791015625,8.751282851038425,2.1202212274074554,0.04897907376289368,1.0501983738099028
dense6,104,4,"2,3,4,5",False,False,False,False,5.323417961597443,0.0299072265625,205.0836534675154,2.1202212274074554,3.203196734189987,24.611079659140664
dense6,104,4,"2,3,4,6",False,False,False,False,5.984783232212067,0.025634765625,397.3363821849701,2.1202212274074554,3.864562004804611,47.682383203583804
dense6,104,4,"2,3,5,6",False,False,False,False,5.057565689086914,0.040771484375,157.20735856145464,2.1202212274074554,2.9373444616794586,18.865681194683287
dense6,104,4,"2,4,5,6",False,False,False,False,5.301980555057526,0.038818359375,200.73398123694318,2.1202212274074554,3.18175932765007,24.089096907479174
dense6,104,4,"3,4,5,6",False,False,False,False,4.902189075946808,0.071533203125,134.58407220836597,2.1202212274074554,2.7819678485393524,16.1507719702111
dense6,104,5,"1,2,3,4,5",True,True,False,False,2.1435415744781494,0.3702392578125,8.529592386412409,2.1202212274074554,0.02332034707069397,1.0235943924962627
dense6,104,5,"1,2,3,4,6",True,False,False,False,2.143020123243332,0.3707275390625,8.525145779375146,2.1202212274074554,0.022798895835876465,1.0230607770756446
dense6,104,5,"1,2,3,5,6",True,False,False,False,2.139126569032669,0.3759765625,8.492017197944985,2.1202212274074554,0.018905341625213623,1.0190851791048334
dense6,104,5,"1,2,4,5,6",True,False,False,False,2.136132538318634,0.37109375,8.46662986182707,2.1202212274074554,0.01591131091117859,1.016038569875052
dense6,104,5,"1,3,4,5,6",True,False,False,False,2.1352477371692657,0.374267578125,8.459141891165084,2.1202212274074554,0.015026509761810303,1.0151399753779697
dense6,104,5,"2,3,4,5,6",False,False,False,False,5.7184630036354065,0.0283203125,304.4366451615983,2.1202212274074554,3.598241776227951,36.533943093716275
dense6,104,6,"1,2,3,4,5,6",True,True,False,False,2.1202212274074554,0.37744140625,8.33298076751974,2.1202212274074554,0.0,1.0
constant_ild,104,1,1,True,True,False,False,2.1630768477916718,0.3663330078125,8.697858516144644,2.0995889008045197,0.0634879469871521,1.0655466426766935
constant_ild,104,1,2,False,False,False,False,4.667596280574799,0.057373046875,106.44157899219934,2.0995889008045197,2.568007379770279,13.039815136774289
constant_ild,104,1,3,False,False,False,False,4.433758974075317,0.098388671875,84.2475066449056,2.0995889008045197,2.3341700732707977,10.320890790846331
constant_ild,104,1,4,False,False,False,False,4.423096299171448,0.0740966796875,83.353975054171,2.0995889008045197,2.323507398366928,10.211427112532231
constant_ild,104,1,5,False,False,False,False,4.500996530056,0.0780029296875,90.10688078902174,2.0995889008045197,2.40140762925148,11.03870385205683
constant_ild,104,1,6,False,False,False,False,4.513035893440247,0.0850830078125,91.19826688449623,2.0995889008045197,2.413446992635727,11.172406048722628
constant_ild,104,2,"1,2",True,True,False,False,2.127388119697571,0.3768310546875,8.392916864363363,2.0995889008045197,0.027799218893051147,1.028189222725023
constant_ild,104,2,"1,3",True,False,False,False,2.1292141377925873,0.375732421875,8.40825648337631,2.0995889008045197,0.029625236988067627,1.0300684300619607
constant_ild,104,2,"1,4",True,False,False,False,2.1423906683921814,0.3712158203125,8.519781273541788,2.0995889008045197,0.04280176758766174,1.0437309730333681
constant_ild,104,2,"1,5",True,False,False,False,2.144548237323761,0.371337890625,8.538183133423471,2.0995889008045197,0.04495933651924133,1.045985325639764
constant_ild,104,2,"1,6",True,False,False,False,2.1509244441986084,0.3680419921875,8.592798289147122,2.0995889008045197,0.051335543394088745,1.0526760525253054
constant_ild,104,2,"2,3",False,False,False,False,4.512005031108856,0.0762939453125,91.10430246698732,2.0995889008045197,2.4124161303043365,11.16089477046697
constant_ild,104,2,"2,4",False,False,False,False,4.1736642718315125,0.0855712890625,64.95302211033992,2.0995889008045197,2.074075371026993,7.957185612172447
constant_ild,104,2,"2,5",False,False,False,False,4.3305734395980835,0.0941162109375,75.98784851923415,2.0995889008045197,2.230984538793564,9.30902666715079
constant_ild,104,2,"2,6",False,False,False,False,4.191040009260178,0.0867919921875,66.09149099253403,2.0995889008045197,2.091451108455658,8.096655769448763
constant_ild,104,2,"3,4",False,False,False,False,3.965026706457138,0.123291015625,52.721677380063205,2.0995889008045197,1.8654378056526184,6.458762950022203
constant_ild,104,2,"3,5",False,False,False,False,4.147295236587524,0.1090087890625,63.26265815944179,2.0995889008045197,2.0477063357830048,7.750104566942984
constant_ild,104,2,"3,6",False,False,False,False,4.045071721076965,0.115966796875,57.115282256805045,2.0995889008045197,1.9454828202724457,6.997009337563506
constant_ild,104,2,"4,5",False,False,False,False,4.269250333309174,0.0928955078125,71.46803832388572,2.0995889008045197,2.169661432504654,8.755319272365053
constant_ild,104,2,"4,6",False,False,False,False,4.445541799068451,0.0770263671875,85.24605155907717,2.0995889008045197,2.3459528982639313,10.443219313307631
constant_ild,104,2,"5,6",False,False,False,False,4.476127624511719,0.09375,87.89365559120267,2.0995889008045197,2.376538723707199,10.767568758901865
constant_ild,104,3,"1,2,3",True,True,False,False,2.110361009836197,0.3792724609375,8.251219518415237,2.0995889008045197,0.010772109031677246,1.0108303370900165
constant_ild,104,3,"1,2,4",True,False,False,False,2.1180370450019836,0.3787841796875,8.314799879957445,2.0995889008045197,0.01844814419746399,1.0186193624754853
constant_ild,104,3,"1,2,5",True,False,False,False,2.115382134914398,0.37890625,8.292754111595515,2.0995889008045197,0.01579323410987854,1.0159186063733163
constant_ild,104,3,"1,2,6",True,False,False,False,2.120981812477112,0.3770751953125,8.339321119159994,2.0995889008045197,0.021392911672592163,1.0216233805401678
constant_ild,104,3,"1,3,4",True,False,False,False,2.1180686950683594,0.3800048828125,8.315063048090169,2.0995889008045197,0.01847979426383972,1.0186516023561138
constant_ild,104,3,"1,3,5",True,False,True,False,2.117798775434494,0.381103515625,8.312818952193057,2.0995889008045197,0.018209874629974365,1.0183766853929817
constant_ild,104,3,"1,3,6",True,False,False,False,2.1222501695156097,0.3775634765625,8.349905066490928,2.0995889008045197,0.022661268711090088,1.0229199858509819
constant_ild,104,3,"1,4,5",True,False,False,False,2.1282963156700134,0.375244140625,8.400542740027241,2.0995889008045197,0.028707414865493774,1.0291234441998875
constant_ild,104,3,"1,4,6",True,False,False,False,2.1334721744060516,0.3746337890625,8.444135480169138,2.0995889008045197,0.03388327360153198,1.0344638504409245
constant_ild,104,3,"1,5,6",True,False,False,False,2.1354866325855255,0.3720703125,8.461162982793526,2.0995889008045197,0.03589773178100586,1.0365498349646907
constant_ild,104,3,"2,3,4",False,False,False,False,4.357642114162445,0.0848388671875,78.07283040344772,2.0995889008045197,2.2580532133579254,9.564451084855651
constant_ild,104,3,"2,3,5",False,False,False,False,4.401216387748718,0.0887451171875,81.5500047854924,2.0995889008045197,2.3016274869441986,9.990428523085058
constant_ild,104,3,"2,3,6",False,False,False,False,4.36471152305603,0.08251953125,78.62671467548213,2.0995889008045197,2.2651226222515106,9.63230566370425
constant_ild,104,3,"2,4,5",False,False,False,False,4.1923836171627045,0.0885009765625,66.18035172574484,2.0995889008045197,2.092794716358185,8.107541811773181
constant_ild,104,3,"2,4,6",False,False,False,True,4.119599878787994,0.08935546875,61.53461603287088,2.0995889008045197,2.0200109779834747,7.5384076897227175
constant_ild,104,3,"2,5,6",False,False,False,False,4.234092503786087,0.0943603515625,68.99903395079185,2.0995889008045197,2.1345036029815674,8.452849495968831
constant_ild,104,3,"3,4,5",False,False,False,False,4.074062496423721,0.1129150390625,58.79533390647493,2.0995889008045197,1.9744735956192017,7.202827055971588
constant_ild,104,3,"3,4,6",False,False,False,False,4.02001628279686,0.1156005859375,55.702012803970696,2.0995889008045197,1.92042738199234,6.8238742471421165
constant_ild,104,3,"3,5,6",False,False,False,False,4.040172308683395,0.110595703125,56.83613532142355,2.0995889008045197,1.9405834078788757,6.96281194526779
constant_ild,104,3,"4,5,6",False,False,False,False,4.136357069015503,0.09765625,62.57445132588686,2.0995889008045197,2.0367681682109833,7.665794563555316
constant_ild,104,4,"1,2,3,4",True,True,False,False,2.1062712967395782,0.3804931640625,8.217543307845723,2.0995889008045197,0.006682395935058594,1.006704772959051
constant_ild,104,4,"1,2,3,5",True,False,False,False,2.102724641561508,0.3824462890625,8.188450137539828,2.0995889008045197,0.0031357407569885254,1.0031406623349557
constant_ild,104,4,"1,2,3,6",True,False,False,False,2.107266664505005,0.3798828125,8.225726857710562,2.0995889008045197,0.0076777637004852295,1.0077073133047545
constant_ild,104,4,"1,2,4,5",True,False,False,False,2.1083978712558746,0.3826904296875,8.235037120386004,2.0995889008045197,0.00880897045135498,1.0088478836092543
constant_ild,104,4,"1,2,4,6",True,False,False,False,2.113375097513199,0.377685546875,8.27612693519851,2.0995889008045197,0.0137861967086792,1.0138816645267532
constant_ild,104,4,"1,2,5,6",True,False,False,False,2.1112735867500305,0.3802490234375,8.258752827697975,2.0995889008045197,0.011684685945510864,1.0117532185555596
constant_ild,104,4,"1,3,4,5",True,False,False,False,2.1090924739837646,0.3818359375,8.240759186685468,2.0995889008045197,0.009503573179244995,1.009548875528501
constant_ild,104,4,"1,3,4,6",True,False,False,False,2.1130435466766357,0.38037109375,8.273383433219964,2.0995889008045197,0.013454645872116089,1.0135455669325013
constant_ild,104,4,"1,3,5,6",True,False,False,False,2.1130558848381042,0.3804931640625,8.273485512190385,2.0995889008045197,0.013466984033584595,1.0135580722985085
constant_ild,104,4,"1,4,5,6",True,False,False,False,2.12186661362648,0.376220703125,8.346703025349127,2.0995889008045197,0.02227771282196045,1.0225277141001796
constant_ild,104,4,"2,3,4,5",False,False,False,False,4.330967843532562,0.09326171875,76.01782433656427,2.0995889008045197,2.2313789427280426,9.312698908020003
constant_ild,104,4,"2,3,4,6",False,False,False,False,4.322053670883179,0.08837890625,75.34319965371878,2.0995889008045197,2.222464770078659,9.230052810185859
constant_ild,104,4,"2,3,5,6",False,False,False,False,4.313964605331421,0.091796875,74.73620190493295,2.0995889008045197,2.2143757045269012,9.155691470307714
constant_ild,104,4,"2,4,5,6",False,False,False,False,4.117480278015137,0.0928955078125,61.40432534407227,2.0995889008045197,2.017891377210617,7.522446196929555
constant_ild,104,4,"3,4,5,6",False,False,False,False,4.071068495512009,0.1072998046875,58.619563882261666,2.0995889008045197,1.971479594707489,7.181294036224715
constant_ild,104,5,"1,2,3,4,5",True,True,False,False,2.1000526547431946,0.383056640625,8.166599911467921,2.0995889008045197,0.00046375393867492676,1.0004638614891577
constant_ild,104,5,"1,2,3,4,6",True,False,False,False,2.1043235659599304,0.3800048828125,8.201553322959848,2.0995889008045197,0.004734665155410767,1.004745891392977
constant_ild,104,5,"1,2,3,5,6",True,False,False,False,2.1013221442699432,0.3822021484375,8.176973907971401,2.0995889008045197,0.001733243465423584,1.0017347464000705
constant_ild,104,5,"1,2,4,5,6",True,False,False,False,2.1057185530662537,0.383056640625,8.213002367875575,2.0995889008045197,0.006129652261734009,1.0061484770235851
constant_ild,104,5,"1,3,4,5,6",True,False,False,False,2.1059972941875458,0.3826904296875,8.21529198845565,2.0995889008045197,0.006408393383026123,1.0064289710690533
constant_ild,104,5,"2,3,4,5,6",False,False,False,False,4.285688698291779,0.0947265625,72.65256519150009,2.0995889008045197,2.186099797487259,8.900431845144206
constant_ild,104,6,"1,2,3,4,5,6",True,True,False,False,2.0995889008045197,0.383056640625,8.16281349664365,2.0995889008045197,0.0,1.0
decreasing_ild,104,1,1,True,True,False,False,2.1735127568244934,0.3623046875,8.78910386235349,2.1063162982463837,0.06719645857810974,1.0695055710804227
decreasing_ild,104,1,2,False,False,False,False,4.800625145435333,0.0462646484375,121.5864029500903,2.1063162982463837,2.6943088471889496,14.795289412808252
decreasing_ild,104,1,3,False,False,False,False,4.887840449810028,0.07080078125,132.66676393706652,2.1063162982463837,2.7815241515636444,16.143607511074528
decreasing_ild,104,1,4,False,False,False,False,4.6081830859184265,0.0435791015625,100.30174432750654,2.1063162982463837,2.501866787672043,12.205257330822743
decreasing_ild,104,1,5,False,False,False,False,4.843276917934418,0.053466796875,126.88446118530229,2.1063162982463837,2.736960619688034,15.439985719417882
decreasing_ild,104,1,6,False,False,False,False,4.484409868717194,0.054443359375,88.62463520827771,2.1063162982463837,2.37809357047081,10.784323700646585
decreasing_ild,104,2,"1,2",True,True,False,False,2.1345115303993225,0.3753662109375,8.452916505503612,2.1063162982463837,0.028195232152938843,1.0285964799251992
decreasing_ild,104,2,"1,3",True,False,False,False,2.1394755244255066,0.3739013671875,8.494981050238323,2.1063162982463837,0.033159226179122925,1.0337151206470858
decreasing_ild,104,2,"1,4",True,False,False,False,2.1548043489456177,0.3658447265625,8.626202288282323,2.1063162982463837,0.04848805069923401,1.049682828769555
decreasing_ild,104,2,"1,5",True,False,False,False,2.1609488427639008,0.36474609375,8.679369109244163,2.1063162982463837,0.05463254451751709,1.0561524543543526
decreasing_ild,104,2,"1,6",True,False,False,False,2.165041595697403,0.3656005859375,8.714964414334677,2.1063162982463837,0.05872529745101929,1.0604838830978078
decreasing_ild,104,2,"2,3",False,False,False,False,4.431719601154327,0.0615234375,84.07586963661365,2.1063162982463837,2.3254033029079437,10.23080536742133
decreasing_ild,104,2,"2,4",False,False,False,False,4.378032386302948,0.0689697265625,79.68109744231744,2.1063162982463837,2.2717160880565643,9.696025779076527
decreasing_ild,104,2,"2,5",False,False,False,False,4.5760838985443115,0.073486328125,97.13326470392882,2.1063162982463837,2.469767600297928,11.819699637758484
decreasing_ild,104,2,"2,6",False,False,False,False,4.701235473155975,0.0654296875,110.08309317817863,2.1063162982463837,2.5949191749095917,13.395504624779928
decreasing_ild,104,2,"3,4",False,False,False,False,4.840108036994934,0.0916748046875,126.4830158369282,2.1063162982463837,2.7337917387485504,15.391135683817614
decreasing_ild,104,2,"3,5",False,False,False,False,4.7951939702034,0.06396484375,120.92783590520759,2.1063162982463837,2.688877671957016,14.715151422125384
decreasing_ild,104,2,"3,6",False,False,False,False,4.718773782253265,0.107177734375,112.03079425996094,2.1063162982463837,2.6124574840068817,13.63251139934861
decreasing_ild,104,2,"4,5",False,False,False,False,4.950473248958588,0.074462890625,141.24179063772104,2.1063162982463837,2.844156950712204,17.187063018273143
decreasing_ild,104,2,"4,6",False,False,False,False,4.641149401664734,0.0595703125,103.66343005245098,2.1063162982463837,2.53483310341835,12.614325384557958
decreasing_ild,104,2,"5,6",False,False,False,False,4.3961915373802185,0.0963134765625,81.14125602462093,2.1063162982463837,2.289875239133835,9.87370575224461
decreasing_ild,104,3,"1,2,3",True,True,False,False,2.116603344678879,0.379638671875,8.302887490122064,2.1063162982463837,0.010287046432495117,1.0103401399971248
decreasing_ild,104,3,"1,2,4",True,False,False,False,2.1219835579395294,0.3763427734375,8.347679181877517,2.1063162982463837,0.015667259693145752,1.0157906346801795
decreasing_ild,104,3,"1,2,5",True,False,False,False,2.1269816756248474,0.3778076171875,8.38950630619851,2.1063162982463837,0.020665377378463745,1.0208803848053527
decreasing_ild,104,3,"1,2,6",True,False,False,False,2.128082811832428,0.375732421875,8.398749383365521,2.1063162982463837,0.02176651358604431,1.022005132297118
decreasing_ild,104,3,"1,3,4",True,False,False,False,2.126968741416931,0.3746337890625,8.389397795281383,2.1063162982463837,0.020652443170547485,1.020867180611591
decreasing_ild,104,3,"1,3,5",True,False,True,False,2.1318540573120117,0.37353515625,8.430482928896458,2.1063162982463837,0.025537759065628052,1.0258666413049753
decreasing_ild,104,3,"1,3,6",True,False,False,False,2.1344468891620636,0.3739013671875,8.452370116182083,2.1063162982463837,0.02813059091567993,1.0285299923250402
decreasing_ild,104,3,"1,4,5",True,False,False,False,2.147177428007126,0.367919921875,8.56066118155954,2.1063162982463837,0.04086112976074219,1.0417074333398757
decreasing_ild,104,3,"1,4,6",True,False,False,False,2.150383949279785,0.3646240234375,8.588155180234788,2.1063162982463837,0.04406765103340149,1.045053051415958
decreasing_ild,104,3,"1,5,6",True,False,False,False,2.15577831864357,0.3663330078125,8.634608040729116,2.1063162982463837,0.04946202039718628,1.0507056860723882
decreasing_ild,104,3,"2,3,4",False,False,False,False,4.368437349796295,0.072265625,78.92021060949824,2.1063162982463837,2.2621210515499115,9.603436964630093
decreasing_ild,104,3,"2,3,5",False,False,False,False,4.3441343903541565,0.06640625,77.02533474147387,2.1063162982463837,2.237818092107773,9.372858247038828
decreasing_ild,104,3,"2,3,6",False,False,False,False,4.434131860733032,0.0648193359375,84.27892727388182,2.1063162982463837,2.3278155624866486,10.25551451612521
decreasing_ild,104,3,"2,4,5",False,False,False,False,4.286814987659454,0.071533203125,72.73443910141181,2.1063162982463837,2.1804986894130707,8.850718918178716
decreasing_ild,104,3,"2,4,6",False,False,False,True,4.523688733577728,0.0638427734375,92.17498059324896,2.1063162982463837,2.4173724353313446,11.21634887954459
decreasing_ild,104,3,"2,5,6",False,False,False,False,4.696214735507965,0.0679931640625,109.53178000536666,2.1063162982463837,2.5898984372615814,13.328417863835162
decreasing_ild,104,3,"3,4,5",False,False,False,False,4.996532440185547,0.059814453125,147.89941882347634,2.1063162982463837,2.890216141939163,17.997199130709603
decreasing_ild,104,3,"3,4,6",False,False,False,False,4.81570690870285,0.094482421875,123.4340380719621,2.1063162982463837,2.7093906104564667,15.02011962156592
decreasing_ild,104,3,"3,5,6",False,False,False,False,4.649335026741028,0.0731201171875,104.51546247647869,2.1063162982463837,2.543018728494644,12.718005286230525
decreasing_ild,104,3,"4,5,6",False,False,False,False,4.989398539066315,0.0687255859375,146.8480735494107,2.1063162982463837,2.883082240819931,17.869265766244713
decreasing_ild,104,4,"1,2,3,4",True,True,False,False,2.108628988265991,0.380615234375,8.236940597497963,2.1063162982463837,0.002312690019607544,1.0023153663499473
decreasing_ild,104,4,"1,2,3,5",True,False,False,False,2.112015724182129,0.3798828125,8.26488423220484,2.1063162982463837,0.005699425935745239,1.0057156985639348
decreasing_ild,104,4,"1,2,3,6",True,False,False,False,2.1128473579883575,0.3798828125,8.271760448187436,2.1063162982463837,0.006531059741973877,1.0065524336186698
decreasing_ild,104,4,"1,2,4,5",True,False,False,False,2.1172982454299927,0.3792724609375,8.308659178018235,2.1063162982463837,0.010981947183609009,1.0110424701158907
decreasing_ild,104,4,"1,2,4,6",True,False,False,False,2.117670029401779,0.37646484375,8.311748778624063,2.1063162982463837,0.011353731155395508,1.0114184293845596
decreasing_ild,104,4,"1,2,5,6",True,False,False,False,2.12267404794693,0.3782958984375,8.353445161384116,2.1063162982463837,0.016357749700546265,1.016492270171308
decreasing_ild,104,4,"1,3,4,5",True,False,False,False,2.122415989637375,0.376220703125,8.351289763567927,2.1063162982463837,0.01609969139099121,1.01622998973767
decreasing_ild,104,4,"1,3,4,6",True,False,False,False,2.1246926188468933,0.375244140625,8.370324212750957,2.1063162982463837,0.018376320600509644,1.0185462041962219
decreasing_ild,104,4,"1,3,5,6",True,False,False,False,2.1294449269771576,0.3756103515625,8.4101972419782,2.1063162982463837,0.023128628730773926,1.0233981694889576
decreasing_ild,104,4,"1,4,5,6",True,False,False,False,2.1453411281108856,0.37060546875,8.544955664752782,2.1063162982463837,0.03902482986450195,1.0397963013309035
decreasing_ild,104,4,"2,3,4,5",False,False,False,False,4.364060699939728,0.0703125,78.5755592403879,2.1063162982463837,2.257744401693344,9.561497926803627
decreasing_ild,104,4,"2,3,4,6",False,False,False,False,4.440324366092682,0.0635986328125,84.80244425062662,2.1063162982463837,2.334008067846298,10.319218885985032
decreasing_ild,104,4,"2,3,5,6",False,False,False,False,4.440884947776794,0.06201171875,84.84999627479313,2.1063162982463837,2.3345686495304108,10.325005272806566
decreasing_ild,104,4,"2,4,5,6",False,False,False,False,4.3762218952178955,0.06005859375,79.53696603943135,2.1063162982463837,2.269905596971512,9.678487092451764
decreasing_ild,104,4,"3,4,5,6",False,False,False,False,4.777578413486481,0.0706787109375,118.81627749411908,2.1063162982463837,2.671262115240097,14.458205603792983
decreasing_ild,104,5,"1,2,3,4,5",True,True,False,False,2.1060934960842133,0.38134765625,8.216082353143298,2.1063162982463837,-0.00022280216217041016,0.9997772226563881
decreasing_ild,104,5,"1,2,3,4,6",True,False,False,False,2.1068186461925507,0.3817138671875,8.222042406857417,2.1063162982463837,0.0005023479461669922,1.0005024741440274
decreasing_ild,104,5,"1,2,3,5,6",True,False,False,False,2.110274851322174,0.3798828125,8.250508636227371,2.1063162982463837,0.003958553075790405,1.0039663984957719
decreasing_ild,104,5,"1,2,4,5,6",True,False,False,False,2.115115463733673,0.380126953125,8.290542967902367,2.1063162982463837,0.008799165487289429,1.0088379919405017
decreasing_ild,104,5,"1,3,4,5,6",True,False,False,False,2.1227245926856995,0.377685546875,8.353867394758371,2.1063162982463837,0.016408294439315796,1.0165436498060392
decreasing_ild,104,5,"2,3,4,5,6",False,False,False,False,4.463334679603577,0.062744140625,86.77639863820218,2.1063162982463837,2.357018381357193,10.559420304426956
decreasing_ild,104,6,"1,2,3,4,5,6",True,True,False,False,2.1063162982463837,0.382568359375,8.21791311799776,2.1063162982463837,0.0,1.0
alternating,104,1,1,True,True,False,False,2.2278192937374115,0.3458251953125,9.2796078998805,2.0976422131061554,0.1301770806312561,1.1390300656301213
alternating,104,1,2,False,False,False,False,3.9646439850330353,0.10546875,52.70150352534467,2.0976422131061554,1.8670017719268799,6.468872140605472
alternating,104,1,3,False,False,False,False,4.641902029514313,0.0552978515625,103.74147940426498,2.0976422131061554,2.5442598164081573,12.733799247695318
alternating,104,1,4,False,False,False,False,4.0211193561553955,0.0858154296875,55.76349011106773,2.0976422131061554,1.9234771430492401,6.8447171999360075
alternating,104,1,5,False,False,False,False,6.107161223888397,0.0467529296875,449.0621172260479,2.0976422131061554,4.009519010782242,55.120351891438595
alternating,104,1,6,False,False,False,False,4.461656749248505,0.0531005859375,86.6309159738459,2.0976422131061554,2.3640145361423492,10.63355466867926
alternating,104,2,"1,2",True,True,False,False,2.222336232662201,0.3486328125,9.228866479289454,2.0976422131061554,0.12469401955604553,1.1328017848396443
alternating,104,2,"1,3",True,False,False,False,2.1291773319244385,0.3734130859375,8.407947015891965,2.0976422131061554,0.03153511881828308,1.0320376189008307
alternating,104,2,"1,4",True,False,False,False,2.221033215522766,0.3485107421875,9.216848939319997,2.0976422131061554,0.12339100241661072,1.1313266859466944
alternating,104,2,"1,5",True,False,False,False,2.171058714389801,0.362548828125,8.767561472293304,2.0976422131061554,0.07341650128364563,1.076178673382414
alternating,104,2,"1,6",True,False,False,False,2.2201135456562042,0.34765625,9.208376377662844,2.0976422131061554,0.12247133255004883,1.130286717171664
alternating,104,2,"2,3",False,False,False,False,4.574068665504456,0.052001953125,96.93771564427108,2.0976422131061554,2.4764264523983,11.898667896706069
alternating,104,2,"2,4",False,False,False,False,4.148777067661285,0.0831298828125,63.35647222324203,2.0976422131061554,2.05113485455513,7.776721548273786
alternating,104,2,"2,5",False,False,False,False,5.344972014427185,0.1026611328125,209.55202008349355,2.0976422131061554,3.2473298013210297,25.72156644589476
alternating,104,2,"2,6",False,False,False,False,4.17126190662384,0.0750732421875,64.79716851347543,2.0976422131061554,2.073619693517685,7.953560527649062
alternating,104,2,"3,4",False,False,False,False,4.376704931259155,0.0726318359375,79.57539454106931,2.0976422131061554,2.279062718153,9.76752119750924
alternating,104,2,"3,5",False,False,False,False,4.703394711017609,0.0570068359375,110.32104556634695,2.0976422131061554,2.6057524979114532,13.541411353537685
alternating,104,2,"3,6",False,False,False,False,4.48258763551712,0.052978515625,88.46328750687265,2.0976422131061554,2.384945422410965,10.858470019633808
alternating,104,2,"4,5",False,False,False,False,5.219570577144623,0.0653076171875,184.85478615416307,2.0976422131061554,3.1219283640384674,22.6900922406355
alternating,104,2,"4,6",False,False,False,False,4.400714933872223,0.0628662109375,81.5091214708695,2.0976422131061554,2.3030727207660675,10.00487746681771
alternating,104,2,"5,6",False,False,False,False,5.195048689842224,0.0673828125,180.3769251072277,2.0976422131061554,3.0974064767360687,22.140454969621167
alternating,104,3,"1,2,3",True,True,False,False,2.126826912164688,0.3734130859375,8.38820801763994,2.0976422131061554,0.029184699058532715,1.0296147457884044
alternating,104,3,"1,2,4",True,False,False,False,2.2156669199466705,0.3502197265625,9.167521075953873,2.0976422131061554,0.11802470684051514,1.1252719129375854
alternating,104,3,"1,2,5",True,False,False,False,2.166061967611313,0.3658447265625,8.723861457628399,2.0976422131061554,0.06841975450515747,1.0708146934482572
alternating,104,3,"1,2,6",True,False,False,False,2.2148146629333496,0.3504638671875,9.15971132025437,2.0976422131061554,0.11717244982719421,1.1243133006079553
alternating,104,3,"1,3,4",True,False,False,False,2.127049148082733,0.3753662109375,8.390072385906615,2.0976422131061554,0.02940693497657776,1.0298435885942712
alternating,104,3,"1,3,5",True,False,True,False,2.1017268002033234,0.3819580078125,8.180283438545787,2.0976422131061554,0.004084587097167969,1.0040929403924268
alternating,104,3,"1,3,6",True,False,False,False,2.125134974718094,0.3739013671875,8.374027693878238,2.0976422131061554,0.027492761611938477,1.0278741749281688
alternating,104,3,"1,4,5",True,False,False,False,2.1665152311325073,0.3636474609375,8.727816562075667,2.0976422131061554,0.06887301802635193,1.0713001647016496
alternating,104,3,"1,4,6",True,False,False,False,2.214181661605835,0.34912109375,9.153915045547333,2.0976422131061554,0.11653944849967957,1.1236018339995384
alternating,104,3,"1,5,6",True,False,False,False,2.166944056749344,0.3646240234375,8.731560075996502,2.0976422131061554,0.06930184364318848,1.0717596641711251
alternating,104,3,"2,3,4",False,False,False,False,4.328770279884338,0.063232421875,75.85095375070738,2.0976422131061554,2.231128066778183,9.31036286887597
alternating,104,3,"2,3,5",False,False,False,False,4.52007132768631,0.0546875,91.84214863250017,2.0976422131061554,2.4224291145801544,11.273210001236711
alternating,104,3,"2,3,6",False,False,False,False,4.386350691318512,0.0478515625,80.34667350935675,2.0976422131061554,2.2887084782123566,9.862192216300764
alternating,104,3,"2,4,5",False,False,False,False,5.621365904808044,0.041748046875,276.26647934990064,2.0976422131061554,3.523723691701889,33.910465776185674
alternating,104,3,"2,4,6",False,False,False,True,4.575811743736267,0.0513916015625,97.10683301583722,2.0976422131061554,2.4781695306301117,11.919426292202141
alternating,104,3,"2,5,6",False,False,False,False,5.186890602111816,0.1075439453125,178.91138047669017,2.0976422131061554,3.089248389005661,21.960565968413853
alternating,104,3,"3,4,5",False,False,False,False,4.598262131214142,0.064453125,99.31157509877198,2.0976422131061554,2.5006199181079865,12.190048450650774
alternating,104,3,"3,4,6",False,False,False,False,4.365101635456085,0.0689697265625,78.65739391563953,2.0976422131061554,2.26745942234993,9.654840756275808
alternating,104,3,"3,5,6",False,False,False,False,4.531491279602051,0.0614013671875,92.89699322703096,2.0976422131061554,2.4338490664958954,11.402687423203371
alternating,104,3,"4,5,6",False,False,False,False,4.8737568855285645,0.0760498046875,130.81143850303624,2.0976422131061554,2.776114672422409,16.056514778518036
alternating,104,4,"1,2,3,4",True,True,False,False,2.124996602535248,0.374755859375,8.372869041551498,2.0976422131061554,0.027354389429092407,1.0277319555747209
alternating,104,4,"1,2,3,5",True,False,False,False,2.100072294473648,0.3814697265625,8.16676030286392,2.0976422131061554,0.0024300813674926758,1.0024330364083975
alternating,104,4,"1,2,3,6",True,False,False,False,2.12289622426033,0.374755859375,8.355301305222225,2.0976422131061554,0.025254011154174805,1.025575595081907
alternating,104,4,"1,2,4,5",True,False,False,False,2.1618532836437225,0.36572265625,8.687222636467805,2.0976422131061554,0.06421107053756714,1.0663174432064986
alternating,104,4,"1,2,4,6",True,False,False,False,2.208949029445648,0.3515625,9.106141076098835,2.0976422131061554,0.1113068163394928,1.1177377944686187
alternating,104,4,"1,2,5,6",True,False,False,False,2.161964029073715,0.365966796875,8.688184759948529,2.0976422131061554,0.06432181596755981,1.0664355395294485
alternating,104,4,"1,3,4,5",True,False,False,False,2.1005216240882874,0.382080078125,8.170430694669772,2.0976422131061554,0.002879410982131958,1.0028835604676696
alternating,104,4,"1,3,4,6",True,False,False,False,2.1235603392124176,0.3753662109375,8.360852028703436,2.0976422131061554,0.025918126106262207,1.0262569213835475
alternating,104,4,"1,3,5,6",True,False,False,False,2.099500834941864,0.3804931640625,8.162094663084185,2.0976422131061554,0.0018586218357086182,1.0018603501438639
alternating,104,4,"1,4,5,6",True,False,False,False,2.1631156504154205,0.3631591796875,8.698196022424089,2.0976422131061554,0.06547343730926514,1.067664376898183
alternating,104,4,"2,3,4,5",False,False,False,False,4.423175036907196,0.0601806640625,83.36053841582111,2.0976422131061554,2.3255328238010406,10.232130556287592
alternating,104,4,"2,3,4,6",False,False,False,False,4.338963210582733,0.0572509765625,76.6280509867463,2.0976422131061554,2.2413209974765778,9.405748053823041
alternating,104,4,"2,3,5,6",False,False,False,False,4.412178874015808,0.0570068359375,82.44891372924683,2.0976422131061554,2.3145366609096527,10.120232732825446
alternating,104,4,"2,4,5,6",False,False,False,False,5.11586856842041,0.0557861328125,166.64546112686054,2.0976422131061554,3.0182263553142548,20.454979625457472
alternating,104,4,"3,4,5,6",False,False,False,False,4.43833065032959,0.068603515625,84.63354070954948,2.0976422131061554,2.3406884372234344,10.38838585304333
alternating,104,5,"1,2,3,4,5",True,True,False,False,2.099180430173874,0.3824462890625,8.159479907949722,2.0976422131061554,0.0015382170677185059,1.0015394007304246
alternating,104,5,"1,2,3,4,6",True,False,False,False,2.1216032207012177,0.3748779296875,8.344504852327303,2.0976422131061554,0.023961007595062256,1.024250379126432
alternating,104,5,"1,2,3,5,6",True,False,False,False,2.097970634698868,0.381103515625,8.14961457479963,2.0976422131061554,0.00032842159271240234,1.000328475528988
alternating,104,5,"1,2,4,5,6",True,False,False,False,2.158463180065155,0.364990234375,8.65782191582229,2.0976422131061554,0.060820966958999634,1.0627086371957548
alternating,104,5,"1,3,4,5,6",True,False,False,False,2.098893880844116,0.3804931640625,8.157142149408495,2.0976422131061554,0.0012516677379608154,1.0012524514009518
alternating,104,5,"2,3,4,5,6",False,False,False,False,4.33847188949585,0.05908203125,76.5904112568034,2.0976422131061554,2.240829676389694,9.40112794653729
alternating,104,6,"1,2,3,4,5,6",True,True,False,False,2.0976422131061554,0.3814697265625,8.14693850486461,2.0976422131061554,0.0,1.0
dense4,104,1,1,True,True,False,False,2.225511223077774,0.3609619140625,9.25821460726652,2.0878140032291412,0.1376972198486328,1.1476280186787904
dense4,104,1,2,False,False,False,False,4.781690776348114,0.0836181640625,119.3058992020867,2.0878140032291412,2.693876773118973,14.7888981327478
dense4,104,1,3,False,False,False,False,5.371665596961975,0.0174560546875,215.22104084727033,2.0878140032291412,3.283851593732834,26.67832915556756
dense4,104,1,4,False,False,False,False,6.268218219280243,0.0325927734375,527.5365854667446,2.0878140032291412,4.180404216051102,65.39228048187607
dense4,104,2,"1,2",True,True,False,False,2.1734530925750732,0.3726806640625,8.788579482711981,2.0878140032291412,0.085639089345932,1.0894130765590138
dense4,104,2,"1,3",True,False,True,False,2.1415098309516907,0.3780517578125,8.512280035381973,2.0878140032291412,0.05369582772254944,1.0551636018220047
dense4,104,2,"1,4",True,False,False,False,2.179888427257538,0.36572265625,8.845319307130408,2.0878140032291412,0.0920744240283966,1.0964464210038911
dense4,104,2,"2,3",False,False,False,False,4.455850780010223,0.0833740234375,86.12939685173518,2.0878140032291412,2.368036776781082,10.676411516900433
dense4,104,2,"2,4",False,False,False,True,4.624047338962555,0.0926513671875,101.90564528735139,2.0878140032291412,2.5362333357334137,12.6320007425099
dense4,104,2,"3,4",False,False,False,False,4.699489533901215,0.0599365234375,109.89106247026956,2.0878140032291412,2.6116755306720734,13.621855578318431
dense4,104,3,"1,2,3",True,True,False,False,2.1092059314250946,0.3880615234375,8.241694215179374,2.0878140032291412,0.02139192819595337,1.0216223757979332
dense4,104,3,"1,2,4",True,False,False,False,2.1364550292491913,0.3759765625,8.469360713483672,2.0878140032291412,0.04864102602005005,1.049843416619717
dense4,104,3,"1,3,4",True,False,False,False,2.1136263012886047,0.3853759765625,8.278206190677851,2.0878140032291412,0.0258122980594635,1.026148320364662
dense4,104,3,"2,3,4",False,False,False,False,4.325433671474457,0.0977783203125,75.59829057397269,2.0878140032291412,2.2376196682453156,9.370998632805208
dense4,104,4,"1,2,3,4",True,True,False,False,2.0878140032291412,0.391845703125,8.067260869009683,2.0878140032291412,0.0,1.0
