treatment,seed,lr,model_depth,retained_depth,mask,is_prefix,keeps_first,is_alternating,ce,accuracy,excess_ce,accuracy_change,full_ce,full_accuracy
dense6,2701,0.001,6,1,100000,True,True,False,0.836114764213562,0.800000011920929,0.7552196681499481,-0.180555522441864,0.08089509606361389,0.980555534362793
dense6,2701,0.001,6,1,010000,False,False,False,0.7374296188354492,0.8194444179534912,0.6565345227718353,-0.16111111640930176,0.08089509606361389,0.980555534362793
dense6,2701,0.001,6,1,001000,False,False,False,0.9422066807746887,0.6861110925674438,0.8613115847110748,-0.2944444417953491,0.08089509606361389,0.980555534362793
dense6,2701,0.001,6,1,000100,False,False,False,0.6751140356063843,0.8027777671813965,0.5942189395427704,-0.17777776718139648,0.08089509606361389,0.980555534362793
dense6,2701,0.001,6,1,000010,False,False,False,0.8163403272628784,0.7388888597488403,0.7354452311992645,-0.24166667461395264,0.08089509606361389,0.980555534362793
dense6,2701,0.001,6,1,000001,False,False,False,0.8815221190452576,0.7083333134651184,0.8006270229816437,-0.27222222089767456,0.08089509606361389,0.980555534362793
dense6,2701,0.001,6,2,110000,True,True,False,0.3525632917881012,0.9333333373069763,0.2716681957244873,-0.04722219705581665,0.08089509606361389,0.980555534362793
dense6,2701,0.001,6,2,101000,False,True,False,0.3695395588874817,0.9027777910232544,0.2886444628238678,-0.07777774333953857,0.08089509606361389,0.980555534362793
dense6,2701,0.001,6,2,100100,False,True,False,0.28450828790664673,0.9388889074325562,0.20361319184303284,-0.041666626930236816,0.08089509606361389,0.980555534362793
dense6,2701,0.001,6,2,100010,False,True,False,0.3015429675579071,0.9083333611488342,0.2206478714942932,-0.07222217321395874,0.08089509606361389,0.980555534362793
dense6,2701,0.001,6,2,100001,False,True,False,0.32399383187294006,0.9083333611488342,0.24309873580932617,-0.07222217321395874,0.08089509606361389,0.980555534362793
dense6,2701,0.001,6,2,011000,False,False,False,0.3812137544155121,0.9083333611488342,0.3003186583518982,-0.07222217321395874,0.08089509606361389,0.980555534362793
dense6,2701,0.001,6,2,010100,False,False,False,0.3261929452419281,0.9083333611488342,0.2452978491783142,-0.07222217321395874,0.08089509606361389,0.980555534362793
dense6,2701,0.001,6,2,010010,False,False,False,0.34605762362480164,0.894444465637207,0.26516252756118774,-0.08611106872558594,0.08089509606361389,0.980555534362793
dense6,2701,0.001,6,2,010001,False,False,False,0.3057800233364105,0.9166666865348816,0.22488492727279663,-0.06388884782791138,0.08089509606361389,0.980555534362793
dense6,2701,0.001,6,2,001100,False,False,False,0.4863082468509674,0.8277778029441833,0.4054131507873535,-0.15277773141860962,0.08089509606361389,0.980555534362793
dense6,2701,0.001,6,2,001010,False,False,False,0.5593637824058533,0.8138889074325562,0.4784686863422394,-0.16666662693023682,0.08089509606361389,0.980555534362793
dense6,2701,0.001,6,2,001001,False,False,False,0.6694748997688293,0.7777777910232544,0.5885798037052155,-0.20277774333953857,0.08089509606361389,0.980555534362793
dense6,2701,0.001,6,2,000110,False,False,False,0.4514625668525696,0.8694444298744202,0.3705674707889557,-0.1111111044883728,0.08089509606361389,0.980555534362793
dense6,2701,0.001,6,2,000101,False,False,False,0.4312828779220581,0.8833333253860474,0.3503877818584442,-0.0972222089767456,0.08089509606361389,0.980555534362793
dense6,2701,0.001,6,2,000011,False,False,False,0.6260973811149597,0.7805555462837219,0.5452022850513458,-0.19999998807907104,0.08089509606361389,0.980555534362793
dense6,2701,0.001,6,3,111000,True,True,False,0.1488647609949112,0.9666666388511658,0.0679696649312973,-0.013888895511627197,0.08089509606361389,0.980555534362793
dense6,2701,0.001,6,3,110100,False,True,False,0.15603551268577576,0.9694444537162781,0.07514041662216187,-0.011111080646514893,0.08089509606361389,0.980555534362793
dense6,2701,0.001,6,3,110010,False,True,False,0.13521543145179749,0.9666666388511658,0.054320335388183594,-0.013888895511627197,0.08089509606361389,0.980555534362793
dense6,2701,0.001,6,3,110001,False,True,False,0.12692990899085999,0.9666666388511658,0.046034812927246094,-0.013888895511627197,0.08089509606361389,0.980555534362793
dense6,2701,0.001,6,3,101100,False,True,False,0.1471533626317978,0.9638888835906982,0.0662582665681839,-0.016666650772094727,0.08089509606361389,0.980555534362793
dense6,2701,0.001,6,3,101010,False,True,True,0.14703617990016937,0.9611111283302307,0.06614108383655548,-0.019444406032562256,0.08089509606361389,0.980555534362793
dense6,2701,0.001,6,3,101001,False,True,False,0.20060710608959198,0.9305555820465088,0.11971201002597809,-0.04999995231628418,0.08089509606361389,0.980555534362793
dense6,2701,0.001,6,3,100110,False,True,False,0.1565762460231781,0.9555555582046509,0.07568114995956421,-0.02499997615814209,0.08089509606361389,0.980555534362793
dense6,2701,0.001,6,3,100101,False,True,False,0.1454440802335739,0.9611111283302307,0.06454898416996002,-0.019444406032562256,0.08089509606361389,0.980555534362793
dense6,2701,0.001,6,3,100011,False,True,False,0.20157001912593842,0.9361110925674438,0.12067492306232452,-0.04444444179534912,0.08089509606361389,0.980555534362793
dense6,2701,0.001,6,3,011100,False,False,False,0.22170153260231018,0.9388889074325562,0.1408064365386963,-0.041666626930236816,0.08089509606361389,0.980555534362793
dense6,2701,0.001,6,3,011010,False,False,False,0.2471284419298172,0.9194444417953491,0.1662333458662033,-0.06111109256744385,0.08089509606361389,0.980555534362793
dense6,2701,0.001,6,3,011001,False,False,False,0.21417413651943207,0.9444444179534912,0.13327904045581818,-0.03611111640930176,0.08089509606361389,0.980555534362793
dense6,2701,0.001,6,3,010110,False,False,False,0.26353931427001953,0.9305555820465088,0.18264421820640564,-0.04999995231628418,0.08089509606361389,0.980555534362793
dense6,2701,0.001,6,3,010101,False,False,True,0.2391812652349472,0.9388889074325562,0.1582861691713333,-0.041666626930236816,0.08089509606361389,0.980555534362793
dense6,2701,0.001,6,3,010011,False,False,False,0.24821799993515015,0.9361110925674438,0.16732290387153625,-0.04444444179534912,0.08089509606361389,0.980555534362793
dense6,2701,0.001,6,3,001110,False,False,False,0.42474091053009033,0.8583333492279053,0.34384581446647644,-0.1222221851348877,0.08089509606361389,0.980555534362793
dense6,2701,0.001,6,3,001101,False,False,False,0.4230248034000397,0.8638888597488403,0.3421297073364258,-0.11666667461395264,0.08089509606361389,0.980555534362793
dense6,2701,0.001,6,3,001011,False,False,False,0.5370611548423767,0.8166666626930237,0.4561660587787628,-0.1638888716697693,0.08089509606361389,0.980555534362793
dense6,2701,0.001,6,3,000111,False,False,False,0.41958218812942505,0.8888888955116272,0.33868709206581116,-0.09166663885116577,0.08089509606361389,0.980555534362793
dense6,2701,0.001,6,4,111100,True,True,False,0.09008365124464035,0.9833333492279053,0.009188555181026459,0.0027778148651123047,0.08089509606361389,0.980555534362793
dense6,2701,0.001,6,4,111010,False,True,False,0.08122703433036804,0.9750000238418579,0.0003319382667541504,-0.005555510520935059,0.08089509606361389,0.980555534362793
dense6,2701,0.001,6,4,111001,False,True,False,0.08472749590873718,0.9777777791023254,0.003832399845123291,-0.0027777552604675293,0.08089509606361389,0.980555534362793
dense6,2701,0.001,6,4,110110,False,True,False,0.10687100142240524,0.9722222089767456,0.02597590535879135,-0.008333325386047363,0.08089509606361389,0.980555534362793
dense6,2701,0.001,6,4,110101,False,True,False,0.09924836456775665,0.9750000238418579,0.01835326850414276,-0.005555510520935059,0.08089509606361389,0.980555534362793
dense6,2701,0.001,6,4,110011,False,True,False,0.09844757616519928,0.9722222089767456,0.017552480101585388,-0.008333325386047363,0.08089509606361389,0.980555534362793
dense6,2701,0.001,6,4,101110,False,True,False,0.1001141145825386,0.9694444537162781,0.019219018518924713,-0.011111080646514893,0.08089509606361389,0.980555534362793
dense6,2701,0.001,6,4,101101,False,True,False,0.10647746175527573,0.9694444537162781,0.025582365691661835,-0.011111080646514893,0.08089509606361389,0.980555534362793
dense6,2701,0.001,6,4,101011,False,True,False,0.1238502487540245,0.9611111283302307,0.042955152690410614,-0.019444406032562256,0.08089509606361389,0.980555534362793
dense6,2701,0.001,6,4,100111,False,True,False,0.1356033831834793,0.9611111283302307,0.05470828711986542,-0.019444406032562256,0.08089509606361389,0.980555534362793
dense6,2701,0.001,6,4,011110,False,False,False,0.21541017293930054,0.9361110925674438,0.13451507687568665,-0.04444444179534912,0.08089509606361389,0.980555534362793
dense6,2701,0.001,6,4,011101,False,False,False,0.20321935415267944,0.9472222328186035,0.12232425808906555,-0.03333330154418945,0.08089509606361389,0.980555534362793
dense6,2701,0.001,6,4,011011,False,False,False,0.23365668952465057,0.9388889074325562,0.15276159346103668,-0.041666626930236816,0.08089509606361389,0.980555534362793
dense6,2701,0.001,6,4,010111,False,False,False,0.25524425506591797,0.9416666626930237,0.17434915900230408,-0.03888887166976929,0.08089509606361389,0.980555534362793
dense6,2701,0.001,6,4,001111,False,False,False,0.46150025725364685,0.8583333492279053,0.38060516119003296,-0.1222221851348877,0.08089509606361389,0.980555534362793
dense6,2701,0.001,6,5,111110,True,True,False,0.07687127590179443,0.980555534362793,-0.004023820161819458,0.0,0.08089509606361389,0.980555534362793
dense6,2701,0.001,6,5,111101,False,True,False,0.07454708218574524,0.9861111044883728,-0.006348013877868652,0.005555570125579834,0.08089509606361389,0.980555534362793
dense6,2701,0.001,6,5,111011,False,True,False,0.0801234319806099,0.9777777791023254,-0.0007716640830039978,-0.0027777552604675293,0.08089509606361389,0.980555534362793
dense6,2701,0.001,6,5,110111,False,True,False,0.09789443761110306,0.9777777791023254,0.016999341547489166,-0.0027777552604675293,0.08089509606361389,0.980555534362793
dense6,2701,0.001,6,5,101111,False,True,False,0.09980600327253342,0.9750000238418579,0.018910907208919525,-0.005555510520935059,0.08089509606361389,0.980555534362793
dense6,2701,0.001,6,5,011111,False,False,False,0.23645401000976562,0.9416666626930237,0.15555891394615173,-0.03888887166976929,0.08089509606361389,0.980555534362793
dense6,2701,0.001,6,6,111111,True,True,False,0.08089509606361389,0.980555534362793,0.0,0.0,0.08089509606361389,0.980555534362793
constant_ild,2701,0.001,6,1,100000,True,True,False,0.3134046494960785,0.9388889074325562,0.2260333150625229,-0.041666626930236816,0.0873713344335556,0.980555534362793
constant_ild,2701,0.001,6,1,010000,False,False,False,0.4172951579093933,0.8833333253860474,0.3299238234758377,-0.0972222089767456,0.0873713344335556,0.980555534362793
constant_ild,2701,0.001,6,1,001000,False,False,False,0.48111140727996826,0.8222222328186035,0.39374007284641266,-0.15833330154418945,0.0873713344335556,0.980555534362793
constant_ild,2701,0.001,6,1,000100,False,False,False,0.4462350308895111,0.8694444298744202,0.3588636964559555,-0.1111111044883728,0.0873713344335556,0.980555534362793
constant_ild,2701,0.001,6,1,000010,False,False,False,0.612433135509491,0.7805555462837219,0.5250618010759354,-0.19999998807907104,0.0873713344335556,0.980555534362793
constant_ild,2701,0.001,6,1,000001,False,False,False,0.6384837031364441,0.7888888716697693,0.5511123687028885,-0.19166666269302368,0.0873713344335556,0.980555534362793
constant_ild,2701,0.001,6,2,110000,True,True,False,0.10084288567304611,0.9861111044883728,0.013471551239490509,0.005555570125579834,0.0873713344335556,0.980555534362793
constant_ild,2701,0.001,6,2,101000,False,True,False,0.09781995415687561,0.9750000238418579,0.010448619723320007,-0.005555510520935059,0.0873713344335556,0.980555534362793
constant_ild,2701,0.001,6,2,100100,False,True,False,0.10437740385532379,0.9777777791023254,0.01700606942176819,-0.0027777552604675293,0.0873713344335556,0.980555534362793
constant_ild,2701,0.001,6,2,100010,False,True,False,0.11882440000772476,0.9694444537162781,0.03145306557416916,-0.011111080646514893,0.0873713344335556,0.980555534362793
constant_ild,2701,0.001,6,2,100001,False,True,False,0.11456891149282455,0.9750000238418579,0.02719757705926895,-0.005555510520935059,0.0873713344335556,0.980555534362793
constant_ild,2701,0.001,6,2,011000,False,False,False,0.2728904187679291,0.925000011920929,0.18551908433437347,-0.055555522441864014,0.0873713344335556,0.980555534362793
constant_ild,2701,0.001,6,2,010100,False,False,False,0.2512393295764923,0.9222221970558167,0.1638679951429367,-0.05833333730697632,0.0873713344335556,0.980555534362793
constant_ild,2701,0.001,6,2,010010,False,False,False,0.2697141766548157,0.9194444417953491,0.18234284222126007,-0.06111109256744385,0.0873713344335556,0.980555534362793
constant_ild,2701,0.001,6,2,010001,False,False,False,0.24598027765750885,0.9305555820465088,0.15860894322395325,-0.04999995231628418,0.0873713344335556,0.980555534362793
constant_ild,2701,0.001,6,2,001100,False,False,False,0.28042668104171753,0.9166666865348816,0.19305534660816193,-0.06388884782791138,0.0873713344335556,0.980555534362793
constant_ild,2701,0.001,6,2,001010,False,False,False,0.30761030316352844,0.9055555462837219,0.22023896872997284,-0.07499998807907104,0.0873713344335556,0.980555534362793
constant_ild,2701,0.001,6,2,001001,False,False,False,0.321759432554245,0.8777777552604675,0.2343880981206894,-0.10277777910232544,0.0873713344335556,0.980555534362793
constant_ild,2701,0.001,6,2,000110,False,False,False,0.3398393988609314,0.9083333611488342,0.2524680644273758,-0.07222217321395874,0.0873713344335556,0.980555534362793
constant_ild,2701,0.001,6,2,000101,False,False,False,0.3272861838340759,0.9055555462837219,0.23991484940052032,-0.07499998807907104,0.0873713344335556,0.980555534362793
constant_ild,2701,0.001,6,2,000011,False,False,False,0.4544923007488251,0.8305555582046509,0.36712096631526947,-0.1499999761581421,0.0873713344335556,0.980555534362793
constant_ild,2701,0.001,6,3,111000,True,True,False,0.07783479988574982,0.9777777791023254,-0.009536534547805786,-0.0027777552604675293,0.0873713344335556,0.980555534362793
constant_ild,2701,0.001,6,3,110100,False,True,False,0.07279416173696518,0.9833333492279053,-0.014577172696590424,0.0027778148651123047,0.0873713344335556,0.980555534362793
constant_ild,2701,0.001,6,3,110010,False,True,False,0.07417818158864975,0.9833333492279053,-0.013193152844905853,0.0027778148651123047,0.0873713344335556,0.980555534362793
constant_ild,2701,0.001,6,3,110001,False,True,False,0.07337057590484619,0.9861111044883728,-0.014000758528709412,0.005555570125579834,0.0873713344335556,0.980555534362793
constant_ild,2701,0.001,6,3,101100,False,True,False,0.07257469743490219,0.980555534362793,-0.014796636998653412,0.0,0.0873713344335556,0.980555534362793
constant_ild,2701,0.001,6,3,101010,False,True,True,0.07380396872758865,0.980555534362793,-0.01356736570596695,0.0,0.0873713344335556,0.980555534362793
constant_ild,2701,0.001,6,3,101001,False,True,False,0.07399217039346695,0.9777777791023254,-0.013379164040088654,-0.0027777552604675293,0.0873713344335556,0.980555534362793
constant_ild,2701,0.001,6,3,100110,False,True,False,0.08452414721250534,0.9777777791023254,-0.0028471872210502625,-0.0027777552604675293,0.0873713344335556,0.980555534362793
constant_ild,2701,0.001,6,3,100101,False,True,False,0.08114030957221985,0.980555534362793,-0.006231024861335754,0.0,0.0873713344335556,0.980555534362793
constant_ild,2701,0.001,6,3,100011,False,True,False,0.09768460690975189,0.9750000238418579,0.010313272476196289,-0.005555510520935059,0.0873713344335556,0.980555534362793
constant_ild,2701,0.001,6,3,011100,False,False,False,0.25306662917137146,0.9194444417953491,0.16569529473781586,-0.06111109256744385,0.0873713344335556,0.980555534362793
constant_ild,2701,0.001,6,3,011010,False,False,False,0.2523018717765808,0.9305555820465088,0.1649305373430252,-0.04999995231628418,0.0873713344335556,0.980555534362793
constant_ild,2701,0.001,6,3,011001,False,False,False,0.2485635131597519,0.9333333373069763,0.1611921787261963,-0.04722219705581665,0.0873713344335556,0.980555534362793
constant_ild,2701,0.001,6,3,010110,False,False,False,0.2502497136592865,0.9333333373069763,0.1628783792257309,-0.04722219705581665,0.0873713344335556,0.980555534362793
constant_ild,2701,0.001,6,3,010101,False,False,True,0.24587707221508026,0.9333333373069763,0.15850573778152466,-0.04722219705581665,0.0873713344335556,0.980555534362793
constant_ild,2701,0.001,6,3,010011,False,False,False,0.25799867510795593,0.9333333373069763,0.17062734067440033,-0.04722219705581665,0.0873713344335556,0.980555534362793
constant_ild,2701,0.001,6,3,001110,False,False,False,0.2690747380256653,0.9194444417953491,0.18170340359210968,-0.06111109256744385,0.0873713344335556,0.980555534362793
constant_ild,2701,0.001,6,3,001101,False,False,False,0.2649640738964081,0.9166666865348816,0.17759273946285248,-0.06388884782791138,0.0873713344335556,0.980555534362793
constant_ild,2701,0.001,6,3,001011,False,False,False,0.2879747748374939,0.9055555462837219,0.2006034404039383,-0.07499998807907104,0.0873713344335556,0.980555534362793
constant_ild,2701,0.001,6,3,000111,False,False,False,0.33325397968292236,0.9111111164093018,0.24588264524936676,-0.06944441795349121,0.0873713344335556,0.980555534362793
constant_ild,2701,0.001,6,4,111100,True,True,False,0.07844171673059464,0.980555534362793,-0.008929617702960968,0.0,0.0873713344335556,0.980555534362793
constant_ild,2701,0.001,6,4,111010,False,True,False,0.07756217569112778,0.9777777791023254,-0.009809158742427826,-0.0027777552604675293,0.0873713344335556,0.980555534362793
constant_ild,2701,0.001,6,4,111001,False,True,False,0.080568328499794,0.9777777791023254,-0.006803005933761597,-0.0027777552604675293,0.0873713344335556,0.980555534362793
constant_ild,2701,0.001,6,4,110110,False,True,False,0.07051216810941696,0.9833333492279053,-0.01685916632413864,0.0027778148651123047,0.0873713344335556,0.980555534362793
constant_ild,2701,0.001,6,4,110101,False,True,False,0.07104737311601639,0.9833333492279053,-0.016323961317539215,0.0027778148651123047,0.0873713344335556,0.980555534362793
constant_ild,2701,0.001,6,4,110011,False,True,False,0.07451965659856796,0.9833333492279053,-0.01285167783498764,0.0027778148651123047,0.0873713344335556,0.980555534362793
constant_ild,2701,0.001,6,4,101110,False,True,False,0.06939681619405746,0.980555534362793,-0.01797451823949814,0.0,0.0873713344335556,0.980555534362793
constant_ild,2701,0.001,6,4,101101,False,True,False,0.07002405822277069,0.980555534362793,-0.017347276210784912,0.0,0.0873713344335556,0.980555534362793
constant_ild,2701,0.001,6,4,101011,False,True,False,0.07262363284826279,0.980555534362793,-0.014747701585292816,0.0,0.0873713344335556,0.980555534362793
constant_ild,2701,0.001,6,4,100111,False,True,False,0.08629746735095978,0.980555534362793,-0.0010738670825958252,0.0,0.0873713344335556,0.980555534362793
constant_ild,2701,0.001,6,4,011110,False,False,False,0.2657284736633301,0.9277777671813965,0.17835713922977448,-0.052777767181396484,0.0873713344335556,0.980555534362793
constant_ild,2701,0.001,6,4,011101,False,False,False,0.2681691348552704,0.925000011920929,0.18079780042171478,-0.055555522441864014,0.0873713344335556,0.980555534362793
constant_ild,2701,0.001,6,4,011011,False,False,False,0.2705191373825073,0.925000011920929,0.18314780294895172,-0.055555522441864014,0.0873713344335556,0.980555534362793
constant_ild,2701,0.001,6,4,010111,False,False,False,0.27075719833374023,0.9333333373069763,0.18338586390018463,-0.04722219705581665,0.0873713344335556,0.980555534362793
constant_ild,2701,0.001,6,4,001111,False,False,False,0.28159981966018677,0.9194444417953491,0.19422848522663116,-0.06111109256744385,0.0873713344335556,0.980555534362793
constant_ild,2701,0.001,6,5,111110,True,True,False,0.08151387423276901,0.980555534362793,-0.005857460200786591,0.0,0.0873713344335556,0.980555534362793
constant_ild,2701,0.001,6,5,111101,False,True,False,0.08358792960643768,0.980555534362793,-0.00378340482711792,0.0,0.0873713344335556,0.980555534362793
constant_ild,2701,0.001,6,5,111011,False,True,False,0.0849253311753273,0.9777777791023254,-0.002446003258228302,-0.0027777552604675293,0.0873713344335556,0.980555534362793
constant_ild,2701,0.001,6,5,110111,False,True,False,0.07337809354066849,0.9833333492279053,-0.013993240892887115,0.0027778148651123047,0.0873713344335556,0.980555534362793
constant_ild,2701,0.001,6,5,101111,False,True,False,0.07169926166534424,0.980555534362793,-0.015672072768211365,0.0,0.0873713344335556,0.980555534362793
constant_ild,2701,0.001,6,5,011111,False,False,False,0.28932300209999084,0.925000011920929,0.20195166766643524,-0.055555522441864014,0.0873713344335556,0.980555534362793
constant_ild,2701,0.001,6,6,111111,True,True,False,0.0873713344335556,0.980555534362793,0.0,0.0,0.0873713344335556,0.980555534362793
decreasing_ild,2701,0.001,6,1,100000,True,True,False,0.18298229575157166,0.9777777791023254,0.09470976889133453,-0.0027777552604675293,0.08827252686023712,0.980555534362793
decreasing_ild,2701,0.001,6,1,010000,False,False,False,0.33584803342819214,0.9083333611488342,0.24757550656795502,-0.07222217321395874,0.08827252686023712,0.980555534362793
decreasing_ild,2701,0.001,6,1,001000,False,False,False,0.40631401538848877,0.8777777552604675,0.31804148852825165,-0.10277777910232544,0.08827252686023712,0.980555534362793
decreasing_ild,2701,0.001,6,1,000100,False,False,False,0.42472928762435913,0.894444465637207,0.336456760764122,-0.08611106872558594,0.08827252686023712,0.980555534362793
decreasing_ild,2701,0.001,6,1,000010,False,False,False,0.558504045009613,0.8027777671813965,0.4702315181493759,-0.17777776718139648,0.08827252686023712,0.980555534362793
decreasing_ild,2701,0.001,6,1,000001,False,False,False,0.617755115032196,0.8111110925674438,0.5294825881719589,-0.16944444179534912,0.08827252686023712,0.980555534362793
decreasing_ild,2701,0.001,6,2,110000,True,True,False,0.08133865147829056,0.980555534362793,-0.006933875381946564,0.0,0.08827252686023712,0.980555534362793
decreasing_ild,2701,0.001,6,2,101000,False,True,False,0.08419087529182434,0.9750000238418579,-0.004081651568412781,-0.005555510520935059,0.08827252686023712,0.980555534362793
decreasing_ild,2701,0.001,6,2,100100,False,True,False,0.08755792677402496,0.980555534362793,-0.0007146000862121582,0.0,0.08827252686023712,0.980555534362793
decreasing_ild,2701,0.001,6,2,100010,False,True,False,0.09901844710111618,0.9750000238418579,0.010745920240879059,-0.005555510520935059,0.08827252686023712,0.980555534362793
decreasing_ild,2701,0.001,6,2,100001,False,True,False,0.10239792615175247,0.9833333492279053,0.01412539929151535,0.0027778148651123047,0.08827252686023712,0.980555534362793
decreasing_ild,2701,0.001,6,2,011000,False,False,False,0.26090386509895325,0.9166666865348816,0.17263133823871613,-0.06388884782791138,0.08827252686023712,0.980555534362793
decreasing_ild,2701,0.001,6,2,010100,False,False,False,0.2567516565322876,0.9166666865348816,0.16847912967205048,-0.06388884782791138,0.08827252686023712,0.980555534362793
decreasing_ild,2701,0.001,6,2,010010,False,False,False,0.2643638253211975,0.9222221970558167,0.1760912984609604,-0.05833333730697632,0.08827252686023712,0.980555534362793
decreasing_ild,2701,0.001,6,2,010001,False,False,False,0.2504177391529083,0.9277777671813965,0.1621452122926712,-0.052777767181396484,0.08827252686023712,0.980555534362793
decreasing_ild,2701,0.001,6,2,001100,False,False,False,0.27715378999710083,0.9166666865348816,0.1888812631368637,-0.06388884782791138,0.08827252686023712,0.980555534362793
decreasing_ild,2701,0.001,6,2,001010,False,False,False,0.29796794056892395,0.9055555462837219,0.20969541370868683,-0.07499998807907104,0.08827252686023712,0.980555534362793
decreasing_ild,2701,0.001,6,2,001001,False,False,False,0.3089231252670288,0.9055555462837219,0.2206505984067917,-0.07499998807907104,0.08827252686023712,0.980555534362793
decreasing_ild,2701,0.001,6,2,000110,False,False,False,0.3420802354812622,0.9055555462837219,0.2538077086210251,-0.07499998807907104,0.08827252686023712,0.980555534362793
decreasing_ild,2701,0.001,6,2,000101,False,False,False,0.32690733671188354,0.9083333611488342,0.23863480985164642,-0.07222217321395874,0.08827252686023712,0.980555534362793
decreasing_ild,2701,0.001,6,2,000011,False,False,False,0.41337648034095764,0.8611111044883728,0.3251039534807205,-0.11944442987442017,0.08827252686023712,0.980555534362793
decreasing_ild,2701,0.001,6,3,111000,True,True,False,0.07891536504030228,0.980555534362793,-0.009357161819934845,0.0,0.08827252686023712,0.980555534362793
decreasing_ild,2701,0.001,6,3,110100,False,True,False,0.07258497923612595,0.980555534362793,-0.015687547624111176,0.0,0.08827252686023712,0.980555534362793
decreasing_ild,2701,0.001,6,3,110010,False,True,False,0.07324124872684479,0.980555534362793,-0.015031278133392334,0.0,0.08827252686023712,0.980555534362793
decreasing_ild,2701,0.001,6,3,110001,False,True,False,0.07461470365524292,0.9777777791023254,-0.013657823204994202,-0.0027777552604675293,0.08827252686023712,0.980555534362793
decreasing_ild,2701,0.001,6,3,101100,False,True,False,0.07109334319829941,0.9777777791023254,-0.017179183661937714,-0.0027777552604675293,0.08827252686023712,0.980555534362793
decreasing_ild,2701,0.001,6,3,101010,False,True,True,0.07384759187698364,0.9722222089767456,-0.014424934983253479,-0.008333325386047363,0.08827252686023712,0.980555534362793
decreasing_ild,2701,0.001,6,3,101001,False,True,False,0.07433327287435532,0.9750000238418579,-0.013939253985881805,-0.005555510520935059,0.08827252686023712,0.980555534362793
decreasing_ild,2701,0.001,6,3,100110,False,True,False,0.076823391020298,0.980555534362793,-0.011449135839939117,0.0,0.08827252686023712,0.980555534362793
decreasing_ild,2701,0.001,6,3,100101,False,True,False,0.07584480941295624,0.980555534362793,-0.012427717447280884,0.0,0.08827252686023712,0.980555534362793
decreasing_ild,2701,0.001,6,3,100011,False,True,False,0.0847945585846901,0.9777777791023254,-0.0034779682755470276,-0.0027777552604675293,0.08827252686023712,0.980555534362793
decreasing_ild,2701,0.001,6,3,011100,False,False,False,0.2646995782852173,0.9138888716697693,0.17642705142498016,-0.06666666269302368,0.08827252686023712,0.980555534362793
decreasing_ild,2701,0.001,6,3,011010,False,False,False,0.2568506896495819,0.9194444417953491,0.1685781627893448,-0.06111109256744385,0.08827252686023712,0.980555534362793
decreasing_ild,2701,0.001,6,3,011001,False,False,False,0.24758349359035492,0.9166666865348816,0.1593109667301178,-0.06388884782791138,0.08827252686023712,0.980555534362793
decreasing_ild,2701,0.001,6,3,010110,False,False,False,0.2598734498023987,0.9194444417953491,0.17160092294216156,-0.06111109256744385,0.08827252686023712,0.980555534362793
decreasing_ild,2701,0.001,6,3,010101,False,False,True,0.2500077188014984,0.9222221970558167,0.1617351919412613,-0.05833333730697632,0.08827252686023712,0.980555534362793
decreasing_ild,2701,0.001,6,3,010011,False,False,False,0.2487434595823288,0.9277777671813965,0.16047093272209167,-0.052777767181396484,0.08827252686023712,0.980555534362793
decreasing_ild,2701,0.001,6,3,001110,False,False,False,0.2689298987388611,0.9166666865348816,0.18065737187862396,-0.06388884782791138,0.08827252686023712,0.980555534362793
decreasing_ild,2701,0.001,6,3,001101,False,False,False,0.2582726776599884,0.9194444417953491,0.17000015079975128,-0.06111109256744385,0.08827252686023712,0.980555534362793
decreasing_ild,2701,0.001,6,3,001011,False,False,False,0.2724269926548004,0.9111111164093018,0.1841544657945633,-0.06944441795349121,0.08827252686023712,0.980555534362793
decreasing_ild,2701,0.001,6,3,000111,False,False,False,0.3161640167236328,0.9138888716697693,0.2278914898633957,-0.06666666269302368,0.08827252686023712,0.980555534362793
decreasing_ild,2701,0.001,6,4,111100,True,True,False,0.08177758008241653,0.980555534362793,-0.006494946777820587,0.0,0.08827252686023712,0.980555534362793
decreasing_ild,2701,0.001,6,4,111010,False,True,False,0.08100631088018417,0.980555534362793,-0.007266215980052948,0.0,0.08827252686023712,0.980555534362793
decreasing_ild,2701,0.001,6,4,111001,False,True,False,0.08219890296459198,0.980555534362793,-0.006073623895645142,0.0,0.08827252686023712,0.980555534362793
decreasing_ild,2701,0.001,6,4,110110,False,True,False,0.07260767370462418,0.980555534362793,-0.015664853155612946,0.0,0.08827252686023712,0.980555534362793
decreasing_ild,2701,0.001,6,4,110101,False,True,False,0.0742046982049942,0.9777777791023254,-0.01406782865524292,-0.0027777552604675293,0.08827252686023712,0.980555534362793
decreasing_ild,2701,0.001,6,4,110011,False,True,False,0.07403814792633057,0.980555534362793,-0.014234378933906555,0.0,0.08827252686023712,0.980555534362793
decreasing_ild,2701,0.001,6,4,101110,False,True,False,0.06984734535217285,0.9777777791023254,-0.01842518150806427,-0.0027777552604675293,0.08827252686023712,0.980555534362793
decreasing_ild,2701,0.001,6,4,101101,False,True,False,0.06988471001386642,0.9750000238418579,-0.018387816846370697,-0.005555510520935059,0.08827252686023712,0.980555534362793
decreasing_ild,2701,0.001,6,4,101011,False,True,False,0.07253637909889221,0.9750000238418579,-0.01573614776134491,-0.005555510520935059,0.08827252686023712,0.980555534362793
decreasing_ild,2701,0.001,6,4,100111,False,True,False,0.07662121206521988,0.980555534362793,-0.011651314795017242,0.0,0.08827252686023712,0.980555534362793
decreasing_ild,2701,0.001,6,4,011110,False,False,False,0.27504339814186096,0.9111111164093018,0.18677087128162384,-0.06944441795349121,0.08827252686023712,0.980555534362793
decreasing_ild,2701,0.001,6,4,011101,False,False,False,0.2679961919784546,0.9111111164093018,0.17972366511821747,-0.06944441795349121,0.08827252686023712,0.980555534362793
decreasing_ild,2701,0.001,6,4,011011,False,False,False,0.26010048389434814,0.9222221970558167,0.17182795703411102,-0.05833333730697632,0.08827252686023712,0.980555534362793
decreasing_ild,2701,0.001,6,4,010111,False,False,False,0.2664511799812317,0.9166666865348816,0.17817865312099457,-0.06388884782791138,0.08827252686023712,0.980555534362793
decreasing_ild,2701,0.001,6,4,001111,False,False,False,0.2665773630142212,0.9166666865348816,0.17830483615398407,-0.06388884782791138,0.08827252686023712,0.980555534362793
decreasing_ild,2701,0.001,6,5,111110,True,True,False,0.08447050303220749,0.980555534362793,-0.0038020238280296326,0.0,0.08827252686023712,0.980555534362793
decreasing_ild,2701,0.001,6,5,111101,False,True,False,0.08547438681125641,0.980555534362793,-0.002798140048980713,0.0,0.08827252686023712,0.980555534362793
decreasing_ild,2701,0.001,6,5,111011,False,True,False,0.08537685871124268,0.980555534362793,-0.002895668148994446,0.0,0.08827252686023712,0.980555534362793
decreasing_ild,2701,0.001,6,5,110111,False,True,False,0.07541739195585251,0.980555534362793,-0.012855134904384613,0.0,0.08827252686023712,0.980555534362793
decreasing_ild,2701,0.001,6,5,101111,False,True,False,0.07108183205127716,0.9777777791023254,-0.01719069480895996,-0.0027777552604675293,0.08827252686023712,0.980555534362793
decreasing_ild,2701,0.001,6,5,011111,False,False,False,0.28419193625450134,0.9166666865348816,0.19591940939426422,-0.06388884782791138,0.08827252686023712,0.980555534362793
decreasing_ild,2701,0.001,6,6,111111,True,True,False,0.08827252686023712,0.980555534362793,0.0,0.0,0.08827252686023712,0.980555534362793
dense3,2701,0.001,3,1,100,True,True,False,0.34917277097702026,0.9194444417953491,0.2706660106778145,-0.05833333730697632,0.07850676029920578,0.9777777791023254
dense3,2701,0.001,3,1,010,False,False,True,0.3439803123474121,0.925000011920929,0.26547355204820633,-0.052777767181396484,0.07850676029920578,0.9777777791023254
dense3,2701,0.001,3,1,001,False,False,False,0.7941955327987671,0.7277777791023254,0.7156887724995613,-0.25,0.07850676029920578,0.9777777791023254
dense3,2701,0.001,3,2,110,True,True,False,0.09569405764341354,0.9833333492279053,0.017187297344207764,0.005555570125579834,0.07850676029920578,0.9777777791023254
dense3,2701,0.001,3,2,101,False,True,True,0.15554247796535492,0.9583333134651184,0.07703571766614914,-0.01944446563720703,0.07850676029920578,0.9777777791023254
dense3,2701,0.001,3,2,011,False,False,False,0.30321311950683594,0.9055555462837219,0.22470635920763016,-0.07222223281860352,0.07850676029920578,0.9777777791023254
dense3,2701,0.001,3,3,111,True,True,False,0.07850676029920578,0.9777777791023254,0.0,0.0,0.07850676029920578,0.9777777791023254
dense6,2702,0.001,6,1,100000,True,True,False,0.7756102681159973,0.8361111283302307,0.7088578268885612,-0.1499999761581421,0.06675244122743607,0.9861111044883728
dense6,2702,0.001,6,1,010000,False,False,False,0.7194071412086487,0.8138889074325562,0.6526546999812126,-0.17222219705581665,0.06675244122743607,0.9861111044883728
dense6,2702,0.001,6,1,001000,False,False,False,0.7743443846702576,0.7861111164093018,0.7075919434428215,-0.19999998807907104,0.06675244122743607,0.9861111044883728
dense6,2702,0.001,6,1,000100,False,False,False,0.7199411988258362,0.8138889074325562,0.6531887575984001,-0.17222219705581665,0.06675244122743607,0.9861111044883728
dense6,2702,0.001,6,1,000010,False,False,False,0.7758818864822388,0.7444444298744202,0.7091294452548027,-0.24166667461395264,0.06675244122743607,0.9861111044883728
dense6,2702,0.001,6,1,000001,False,False,False,0.7626577019691467,0.7805555462837219,0.6959052607417107,-0.20555555820465088,0.06675244122743607,0.9861111044883728
dense6,2702,0.001,6,2,110000,True,True,False,0.343386709690094,0.9333333373069763,0.27663426846265793,-0.052777767181396484,0.06675244122743607,0.9861111044883728
dense6,2702,0.001,6,2,101000,False,True,False,0.33725878596305847,0.9388889074325562,0.2705063447356224,-0.04722219705581665,0.06675244122743607,0.9861111044883728
dense6,2702,0.001,6,2,100100,False,True,False,0.33799856901168823,0.9166666865348816,0.27124612778425217,-0.06944441795349121,0.06675244122743607,0.9861111044883728
dense6,2702,0.001,6,2,100010,False,True,False,0.3242301940917969,0.9055555462837219,0.2574777528643608,-0.08055555820465088,0.06675244122743607,0.9861111044883728
dense6,2702,0.001,6,2,100001,False,True,False,0.3404258191585541,0.9027777910232544,0.273673377931118,-0.08333331346511841,0.06675244122743607,0.9861111044883728
dense6,2702,0.001,6,2,011000,False,False,False,0.35573819279670715,0.9277777671813965,0.2889857515692711,-0.05833333730697632,0.06675244122743607,0.9861111044883728
dense6,2702,0.001,6,2,010100,False,False,False,0.3410806357860565,0.9055555462837219,0.27432819455862045,-0.08055555820465088,0.06675244122743607,0.9861111044883728
dense6,2702,0.001,6,2,010010,False,False,False,0.3826974630355835,0.8777777552604675,0.31594502180814743,-0.10833334922790527,0.06675244122743607,0.9861111044883728
dense6,2702,0.001,6,2,010001,False,False,False,0.35224395990371704,0.9027777910232544,0.285491518676281,-0.08333331346511841,0.06675244122743607,0.9861111044883728
dense6,2702,0.001,6,2,001100,False,False,False,0.4219367504119873,0.8972222208976746,0.35518430918455124,-0.08888888359069824,0.06675244122743607,0.9861111044883728
dense6,2702,0.001,6,2,001010,False,False,False,0.45754653215408325,0.8777777552604675,0.3907940909266472,-0.10833334922790527,0.06675244122743607,0.9861111044883728
dense6,2702,0.001,6,2,001001,False,False,False,0.46039387583732605,0.8583333492279053,0.39364143460989,-0.12777775526046753,0.06675244122743607,0.9861111044883728
dense6,2702,0.001,6,2,000110,False,False,False,0.48362091183662415,0.8583333492279053,0.4168684706091881,-0.12777775526046753,0.06675244122743607,0.9861111044883728
dense6,2702,0.001,6,2,000101,False,False,False,0.51984703540802,0.855555534362793,0.45309459418058395,-0.13055557012557983,0.06675244122743607,0.9861111044883728
dense6,2702,0.001,6,2,000011,False,False,False,0.5773807764053345,0.8138889074325562,0.5106283351778984,-0.17222219705581665,0.06675244122743607,0.9861111044883728
dense6,2702,0.001,6,3,111000,True,True,False,0.15300902724266052,0.9722222089767456,0.08625658601522446,-0.013888895511627197,0.06675244122743607,0.9861111044883728
dense6,2702,0.001,6,3,110100,False,True,False,0.13316746056079865,0.980555534362793,0.06641501933336258,-0.005555570125579834,0.06675244122743607,0.9861111044883728
dense6,2702,0.001,6,3,110010,False,True,False,0.13664422929286957,0.9666666388511658,0.0698917880654335,-0.01944446563720703,0.06675244122743607,0.9861111044883728
dense6,2702,0.001,6,3,110001,False,True,False,0.14502224326133728,0.9583333134651184,0.07826980203390121,-0.027777791023254395,0.06675244122743607,0.9861111044883728
dense6,2702,0.001,6,3,101100,False,True,False,0.18899716436862946,0.9555555582046509,0.12224472314119339,-0.030555546283721924,0.06675244122743607,0.9861111044883728
dense6,2702,0.001,6,3,101010,False,True,True,0.18186092376708984,0.9555555582046509,0.11510848253965378,-0.030555546283721924,0.06675244122743607,0.9861111044883728
dense6,2702,0.001,6,3,101001,False,True,False,0.16786977648735046,0.9583333134651184,0.1011173352599144,-0.027777791023254395,0.06675244122743607,0.9861111044883728
dense6,2702,0.001,6,3,100110,False,True,False,0.19181230664253235,0.9527778029441833,0.12505986541509628,-0.03333330154418945,0.06675244122743607,0.9861111044883728
dense6,2702,0.001,6,3,100101,False,True,False,0.20871494710445404,0.9472222328186035,0.14196250587701797,-0.03888887166976929,0.06675244122743607,0.9861111044883728
dense6,2702,0.001,6,3,100011,False,True,False,0.22755664587020874,0.9333333373069763,0.16080420464277267,-0.052777767181396484,0.06675244122743607,0.9861111044883728
dense6,2702,0.001,6,3,011100,False,False,False,0.21139436960220337,0.949999988079071,0.1446419283747673,-0.03611111640930176,0.06675244122743607,0.9861111044883728
dense6,2702,0.001,6,3,011010,False,False,False,0.24866674840450287,0.9333333373069763,0.1819143071770668,-0.052777767181396484,0.06675244122743607,0.9861111044883728
dense6,2702,0.001,6,3,011001,False,False,False,0.21722467243671417,0.9361110925674438,0.1504722312092781,-0.050000011920928955,0.06675244122743607,0.9861111044883728
dense6,2702,0.001,6,3,010110,False,False,False,0.22842593491077423,0.9222221970558167,0.16167349368333817,-0.06388890743255615,0.06675244122743607,0.9861111044883728
dense6,2702,0.001,6,3,010101,False,False,True,0.22668036818504333,0.9194444417953491,0.15992792695760727,-0.06666666269302368,0.06675244122743607,0.9861111044883728
dense6,2702,0.001,6,3,010011,False,False,False,0.33538171648979187,0.9027777910232544,0.2686292752623558,-0.08333331346511841,0.06675244122743607,0.9861111044883728
dense6,2702,0.001,6,3,001110,False,False,False,0.3401467800140381,0.8805555701255798,0.273394338786602,-0.10555553436279297,0.06675244122743607,0.9861111044883728
dense6,2702,0.001,6,3,001101,False,False,False,0.3724837005138397,0.894444465637207,0.30573125928640366,-0.09166663885116577,0.06675244122743607,0.9861111044883728
dense6,2702,0.001,6,3,001011,False,False,False,0.41383278369903564,0.8777777552604675,0.3470803424715996,-0.10833334922790527,0.06675244122743607,0.9861111044883728
dense6,2702,0.001,6,3,000111,False,False,False,0.4946708679199219,0.855555534362793,0.4279184266924858,-0.13055557012557983,0.06675244122743607,0.9861111044883728
dense6,2702,0.001,6,4,111100,True,True,False,0.0838039442896843,0.9833333492279053,0.01705150306224823,-0.0027777552604675293,0.06675244122743607,0.9861111044883728
dense6,2702,0.001,6,4,111010,False,True,False,0.08952755481004715,0.9750000238418579,0.022775113582611084,-0.011111080646514893,0.06675244122743607,0.9861111044883728
dense6,2702,0.001,6,4,111001,False,True,False,0.07910039275884628,0.980555534362793,0.012347951531410217,-0.005555570125579834,0.06675244122743607,0.9861111044883728
dense6,2702,0.001,6,4,110110,False,True,False,0.07754433155059814,0.980555534362793,0.010791890323162079,-0.005555570125579834,0.06675244122743607,0.9861111044883728
dense6,2702,0.001,6,4,110101,False,True,False,0.08430705964565277,0.9833333492279053,0.017554618418216705,-0.0027777552604675293,0.06675244122743607,0.9861111044883728
dense6,2702,0.001,6,4,110011,False,True,False,0.11127942055463791,0.9666666388511658,0.04452697932720184,-0.01944446563720703,0.06675244122743607,0.9861111044883728
dense6,2702,0.001,6,4,101110,False,True,False,0.1373824179172516,0.9666666388511658,0.07062997668981552,-0.01944446563720703,0.06675244122743607,0.9861111044883728
dense6,2702,0.001,6,4,101101,False,True,False,0.14404483139514923,0.9611111283302307,0.07729239016771317,-0.02499997615814209,0.06675244122743607,0.9861111044883728
dense6,2702,0.001,6,4,101011,False,True,False,0.15624116361141205,0.9611111283302307,0.08948872238397598,-0.02499997615814209,0.06675244122743607,0.9861111044883728
dense6,2702,0.001,6,4,100111,False,True,False,0.16909971833229065,0.9555555582046509,0.10234727710485458,-0.030555546283721924,0.06675244122743607,0.9861111044883728
dense6,2702,0.001,6,4,011110,False,False,False,0.17425981163978577,0.9555555582046509,0.1075073704123497,-0.030555546283721924,0.06675244122743607,0.9861111044883728
dense6,2702,0.001,6,4,011101,False,False,False,0.16504782438278198,0.9555555582046509,0.09829538315534592,-0.030555546283721924,0.06675244122743607,0.9861111044883728
dense6,2702,0.001,6,4,011011,False,False,False,0.24316231906414032,0.9388889074325562,0.17640987783670425,-0.04722219705581665,0.06675244122743607,0.9861111044883728
dense6,2702,0.001,6,4,010111,False,False,False,0.22036704421043396,0.9361110925674438,0.1536146029829979,-0.050000011920928955,0.06675244122743607,0.9861111044883728
dense6,2702,0.001,6,4,001111,False,False,False,0.3731905519962311,0.8777777552604675,0.306438110768795,-0.10833334922790527,0.06675244122743607,0.9861111044883728
dense6,2702,0.001,6,5,111110,True,True,False,0.06507797539234161,0.9833333492279053,-0.001674465835094452,-0.0027777552604675293,0.06675244122743607,0.9861111044883728
dense6,2702,0.001,6,5,111101,False,True,False,0.06946361809968948,0.980555534362793,0.002711176872253418,-0.005555570125579834,0.06675244122743607,0.9861111044883728
dense6,2702,0.001,6,5,111011,False,True,False,0.08079330623149872,0.9750000238418579,0.014040865004062653,-0.011111080646514893,0.06675244122743607,0.9861111044883728
dense6,2702,0.001,6,5,110111,False,True,False,0.07544256001710892,0.9833333492279053,0.008690118789672852,-0.0027777552604675293,0.06675244122743607,0.9861111044883728
dense6,2702,0.001,6,5,101111,False,True,False,0.13749462366104126,0.9638888835906982,0.0707421824336052,-0.02222222089767456,0.06675244122743607,0.9861111044883728
dense6,2702,0.001,6,5,011111,False,False,False,0.1732490062713623,0.9638888835906982,0.10649656504392624,-0.02222222089767456,0.06675244122743607,0.9861111044883728
dense6,2702,0.001,6,6,111111,True,True,False,0.06675244122743607,0.9861111044883728,0.0,0.0,0.06675244122743607,0.9861111044883728
constant_ild,2702,0.001,6,1,100000,True,True,False,0.2884342670440674,0.9555555582046509,0.19754669815301895,-0.02499997615814209,0.09088756889104843,0.980555534362793
constant_ild,2702,0.001,6,1,010000,False,False,False,0.3497183620929718,0.9055555462837219,0.25883079320192337,-0.07499998807907104,0.09088756889104843,0.980555534362793
constant_ild,2702,0.001,6,1,001000,False,False,False,0.40609341859817505,0.9055555462837219,0.3152058497071266,-0.07499998807907104,0.09088756889104843,0.980555534362793
constant_ild,2702,0.001,6,1,000100,False,False,False,0.4610794484615326,0.8638888597488403,0.37019187957048416,-0.11666667461395264,0.09088756889104843,0.980555534362793
constant_ild,2702,0.001,6,1,000010,False,False,False,0.513791561126709,0.875,0.42290399223566055,-0.10555553436279297,0.09088756889104843,0.980555534362793
constant_ild,2702,0.001,6,1,000001,False,False,False,0.5466473698616028,0.8444444537162781,0.45575980097055435,-0.1361110806465149,0.09088756889104843,0.980555534362793
constant_ild,2702,0.001,6,2,110000,True,True,False,0.09972025454044342,0.980555534362793,0.008832685649394989,0.0,0.09088756889104843,0.980555534362793
constant_ild,2702,0.001,6,2,101000,False,True,False,0.09410268813371658,0.9750000238418579,0.003215119242668152,-0.005555510520935059,0.09088756889104843,0.980555534362793
constant_ild,2702,0.001,6,2,100100,False,True,False,0.11226844042539597,0.9722222089767456,0.021380871534347534,-0.008333325386047363,0.09088756889104843,0.980555534362793
constant_ild,2702,0.001,6,2,100010,False,True,False,0.11862563341856003,0.9694444537162781,0.027738064527511597,-0.011111080646514893,0.09088756889104843,0.980555534362793
constant_ild,2702,0.001,6,2,100001,False,True,False,0.13675199449062347,0.9583333134651184,0.04586442559957504,-0.02222222089767456,0.09088756889104843,0.980555534362793
constant_ild,2702,0.001,6,2,011000,False,False,False,0.21341972053050995,0.9444444179534912,0.12253215163946152,-0.03611111640930176,0.09088756889104843,0.980555534362793
constant_ild,2702,0.001,6,2,010100,False,False,False,0.22750478982925415,0.9305555820465088,0.13661722093820572,-0.04999995231628418,0.09088756889104843,0.980555534362793
constant_ild,2702,0.001,6,2,010010,False,False,False,0.24202431738376617,0.9472222328186035,0.15113674849271774,-0.03333330154418945,0.09088756889104843,0.980555534362793
constant_ild,2702,0.001,6,2,010001,False,False,False,0.2523934841156006,0.925000011920929,0.16150591522455215,-0.055555522441864014,0.09088756889104843,0.980555534362793
constant_ild,2702,0.001,6,2,001100,False,False,False,0.2804299592971802,0.9083333611488342,0.18954239040613174,-0.07222217321395874,0.09088756889104843,0.980555534362793
constant_ild,2702,0.001,6,2,001010,False,False,False,0.29137420654296875,0.9194444417953491,0.20048663765192032,-0.06111109256744385,0.09088756889104843,0.980555534362793
constant_ild,2702,0.001,6,2,001001,False,False,False,0.316588819026947,0.8999999761581421,0.2257012501358986,-0.08055555820465088,0.09088756889104843,0.980555534362793
constant_ild,2702,0.001,6,2,000110,False,False,False,0.32032668590545654,0.8916666507720947,0.2294391170144081,-0.08888888359069824,0.09088756889104843,0.980555534362793
constant_ild,2702,0.001,6,2,000101,False,False,False,0.3673705756664276,0.875,0.2764830067753792,-0.10555553436279297,0.09088756889104843,0.980555534362793
constant_ild,2702,0.001,6,2,000011,False,False,False,0.36858469247817993,0.8999999761581421,0.2776971235871315,-0.08055555820465088,0.09088756889104843,0.980555534362793
constant_ild,2702,0.001,6,3,111000,True,True,False,0.07606340944766998,0.9833333492279053,-0.014824159443378448,0.0027778148651123047,0.09088756889104843,0.980555534362793
constant_ild,2702,0.001,6,3,110100,False,True,False,0.0796385407447815,0.980555534362793,-0.011249028146266937,0.0,0.09088756889104843,0.980555534362793
constant_ild,2702,0.001,6,3,110010,False,True,False,0.07935391366481781,0.9833333492279053,-0.011533655226230621,0.0027778148651123047,0.09088756889104843,0.980555534362793
constant_ild,2702,0.001,6,3,110001,False,True,False,0.08421436697244644,0.980555534362793,-0.00667320191860199,0.0,0.09088756889104843,0.980555534362793
constant_ild,2702,0.001,6,3,101100,False,True,False,0.07831747829914093,0.980555534362793,-0.012570090591907501,0.0,0.09088756889104843,0.980555534362793
constant_ild,2702,0.001,6,3,101010,False,True,True,0.07803024351596832,0.9750000238418579,-0.012857325375080109,-0.005555510520935059,0.09088756889104843,0.980555534362793
constant_ild,2702,0.001,6,3,101001,False,True,False,0.08146827667951584,0.9750000238418579,-0.009419292211532593,-0.005555510520935059,0.09088756889104843,0.980555534362793
constant_ild,2702,0.001,6,3,100110,False,True,False,0.08871198445558548,0.9777777791023254,-0.0021755844354629517,-0.0027777552604675293,0.09088756889104843,0.980555534362793
constant_ild,2702,0.001,6,3,100101,False,True,False,0.09340683370828629,0.9750000238418579,0.002519264817237854,-0.005555510520935059,0.09088756889104843,0.980555534362793
constant_ild,2702,0.001,6,3,100011,False,True,False,0.09964052587747574,0.9722222089767456,0.008752956986427307,-0.008333325386047363,0.09088756889104843,0.980555534362793
constant_ild,2702,0.001,6,3,011100,False,False,False,0.2132093459367752,0.9472222328186035,0.12232177704572678,-0.03333330154418945,0.09088756889104843,0.980555534362793
constant_ild,2702,0.001,6,3,011010,False,False,False,0.21871289610862732,0.9472222328186035,0.1278253272175789,-0.03333330154418945,0.09088756889104843,0.980555534362793
constant_ild,2702,0.001,6,3,011001,False,False,False,0.21994319558143616,0.9444444179534912,0.12905562669038773,-0.03611111640930176,0.09088756889104843,0.980555534362793
constant_ild,2702,0.001,6,3,010110,False,False,False,0.223500594496727,0.9472222328186035,0.13261302560567856,-0.03333330154418945,0.09088756889104843,0.980555534362793
constant_ild,2702,0.001,6,3,010101,False,False,True,0.22776763141155243,0.9305555820465088,0.136880062520504,-0.04999995231628418,0.09088756889104843,0.980555534362793
constant_ild,2702,0.001,6,3,010011,False,False,False,0.24006597697734833,0.9472222328186035,0.1491784080862999,-0.03333330154418945,0.09088756889104843,0.980555534362793
constant_ild,2702,0.001,6,3,001110,False,False,False,0.2590235471725464,0.9166666865348816,0.16813597828149796,-0.06388884782791138,0.09088756889104843,0.980555534362793
constant_ild,2702,0.001,6,3,001101,False,False,False,0.28282997012138367,0.9055555462837219,0.19194240123033524,-0.07499998807907104,0.09088756889104843,0.980555534362793
constant_ild,2702,0.001,6,3,001011,False,False,False,0.27503347396850586,0.9166666865348816,0.18414590507745743,-0.06388884782791138,0.09088756889104843,0.980555534362793
constant_ild,2702,0.001,6,3,000111,False,False,False,0.30670589208602905,0.9111111164093018,0.21581832319498062,-0.06944441795349121,0.09088756889104843,0.980555534362793
constant_ild,2702,0.001,6,4,111100,True,True,False,0.08085298538208008,0.980555534362793,-0.010034583508968353,0.0,0.09088756889104843,0.980555534362793
constant_ild,2702,0.001,6,4,111010,False,True,False,0.07730681449174881,0.9833333492279053,-0.013580754399299622,0.0027778148651123047,0.09088756889104843,0.980555534362793
constant_ild,2702,0.001,6,4,111001,False,True,False,0.08134044706821442,0.9833333492279053,-0.009547121822834015,0.0027778148651123047,0.09088756889104843,0.980555534362793
constant_ild,2702,0.001,6,4,110110,False,True,False,0.08037832379341125,0.980555534362793,-0.010509245097637177,0.0,0.09088756889104843,0.980555534362793
constant_ild,2702,0.001,6,4,110101,False,True,False,0.08434943854808807,0.9833333492279053,-0.006538130342960358,0.0027778148651123047,0.09088756889104843,0.980555534362793
constant_ild,2702,0.001,6,4,110011,False,True,False,0.08450387418270111,0.9833333492279053,-0.0063836947083473206,0.0027778148651123047,0.09088756889104843,0.980555534362793
constant_ild,2702,0.001,6,4,101110,False,True,False,0.07980869710445404,0.980555534362793,-0.011078871786594391,0.0,0.09088756889104843,0.980555534362793
constant_ild,2702,0.001,6,4,101101,False,True,False,0.08343993127346039,0.980555534362793,-0.007447637617588043,0.0,0.09088756889104843,0.980555534362793
constant_ild,2702,0.001,6,4,101011,False,True,False,0.0801970437169075,0.9777777791023254,-0.01069052517414093,-0.0027777552604675293,0.09088756889104843,0.980555534362793
constant_ild,2702,0.001,6,4,100111,False,True,False,0.08788735419511795,0.980555534362793,-0.003000214695930481,0.0,0.09088756889104843,0.980555534362793
constant_ild,2702,0.001,6,4,011110,False,False,False,0.22424982488155365,0.949999988079071,0.13336225599050522,-0.030555546283721924,0.09088756889104843,0.980555534362793
constant_ild,2702,0.001,6,4,011101,False,False,False,0.22369004786014557,0.9444444179534912,0.13280247896909714,-0.03611111640930176,0.09088756889104843,0.980555534362793
constant_ild,2702,0.001,6,4,011011,False,False,False,0.22899848222732544,0.949999988079071,0.138110913336277,-0.030555546283721924,0.09088756889104843,0.980555534362793
constant_ild,2702,0.001,6,4,010111,False,False,False,0.22924944758415222,0.949999988079071,0.1383618786931038,-0.030555546283721924,0.09088756889104843,0.980555534362793
constant_ild,2702,0.001,6,4,001111,False,False,False,0.2638097107410431,0.9138888716697693,0.17292214184999466,-0.06666666269302368,0.09088756889104843,0.980555534362793
constant_ild,2702,0.001,6,5,111110,True,True,False,0.08446309715509415,0.980555534362793,-0.006424471735954285,0.0,0.09088756889104843,0.980555534362793
constant_ild,2702,0.001,6,5,111101,False,True,False,0.08837506175041199,0.9833333492279053,-0.002512507140636444,0.0027778148651123047,0.09088756889104843,0.980555534362793
constant_ild,2702,0.001,6,5,111011,False,True,False,0.08378308266401291,0.9833333492279053,-0.0071044862270355225,0.0027778148651123047,0.09088756889104843,0.980555534362793
constant_ild,2702,0.001,6,5,110111,False,True,False,0.08681657910346985,0.980555534362793,-0.004070989787578583,0.0,0.09088756889104843,0.980555534362793
constant_ild,2702,0.001,6,5,101111,False,True,False,0.08742335438728333,0.980555534362793,-0.003464214503765106,0.0,0.09088756889104843,0.980555534362793
constant_ild,2702,0.001,6,5,011111,False,False,False,0.2319977879524231,0.9527778029441833,0.14111021906137466,-0.02777773141860962,0.09088756889104843,0.980555534362793
constant_ild,2702,0.001,6,6,111111,True,True,False,0.09088756889104843,0.980555534362793,0.0,0.0,0.09088756889104843,0.980555534362793
decreasing_ild,2702,0.001,6,1,100000,True,True,False,0.17744924128055573,0.9611111283302307,0.09308542311191559,-0.02222222089767456,0.08436381816864014,0.9833333492279053
decreasing_ild,2702,0.001,6,1,010000,False,False,False,0.28901317715644836,0.9194444417953491,0.20464935898780823,-0.06388890743255615,0.08436381816864014,0.9833333492279053
decreasing_ild,2702,0.001,6,1,001000,False,False,False,0.3598920702934265,0.9083333611488342,0.2755282521247864,-0.07499998807907104,0.08436381816864014,0.9833333492279053
decreasing_ild,2702,0.001,6,1,000100,False,False,False,0.4334709644317627,0.8694444298744202,0.34910714626312256,-0.11388891935348511,0.08436381816864014,0.9833333492279053
decreasing_ild,2702,0.001,6,1,000010,False,False,False,0.49571287631988525,0.8638888597488403,0.4113490581512451,-0.11944448947906494,0.08436381816864014,0.9833333492279053
decreasing_ild,2702,0.001,6,1,000001,False,False,False,0.5441713929176331,0.8583333492279053,0.4598075747489929,-0.125,0.08436381816864014,0.9833333492279053
decreasing_ild,2702,0.001,6,2,110000,True,True,False,0.08234954625368118,0.9861111044883728,-0.002014271914958954,0.0027777552604675293,0.08436381816864014,0.9833333492279053
decreasing_ild,2702,0.001,6,2,101000,False,True,False,0.0802650898694992,0.9861111044883728,-0.00409872829914093,0.0027777552604675293,0.08436381816864014,0.9833333492279053
decreasing_ild,2702,0.001,6,2,100100,False,True,False,0.09662753343582153,0.9750000238418579,0.012263715267181396,-0.008333325386047363,0.08436381816864014,0.9833333492279053
decreasing_ild,2702,0.001,6,2,100010,False,True,False,0.09906164556741714,0.9750000238418579,0.014697827398777008,-0.008333325386047363,0.08436381816864014,0.9833333492279053
decreasing_ild,2702,0.001,6,2,100001,False,True,False,0.11168967187404633,0.9694444537162781,0.02732585370540619,-0.013888895511627197,0.08436381816864014,0.9833333492279053
decreasing_ild,2702,0.001,6,2,011000,False,False,False,0.21789222955703735,0.9361110925674438,0.13352841138839722,-0.047222256660461426,0.08436381816864014,0.9833333492279053
decreasing_ild,2702,0.001,6,2,010100,False,False,False,0.22619794309139252,0.9333333373069763,0.14183412492275238,-0.050000011920928955,0.08436381816864014,0.9833333492279053
decreasing_ild,2702,0.001,6,2,010010,False,False,False,0.23351120948791504,0.9388889074325562,0.1491473913192749,-0.04444444179534912,0.08436381816864014,0.9833333492279053
decreasing_ild,2702,0.001,6,2,010001,False,False,False,0.246056467294693,0.9222221970558167,0.16169264912605286,-0.06111115217208862,0.08436381816864014,0.9833333492279053
decreasing_ild,2702,0.001,6,2,001100,False,False,False,0.28085601329803467,0.9055555462837219,0.19649219512939453,-0.07777780294418335,0.08436381816864014,0.9833333492279053
decreasing_ild,2702,0.001,6,2,001010,False,False,False,0.2816202938556671,0.9222221970558167,0.19725647568702698,-0.06111115217208862,0.08436381816864014,0.9833333492279053
decreasing_ild,2702,0.001,6,2,001001,False,False,False,0.3084048628807068,0.8999999761581421,0.22404104471206665,-0.08333337306976318,0.08436381816864014,0.9833333492279053
decreasing_ild,2702,0.001,6,2,000110,False,False,False,0.3248765766620636,0.8833333253860474,0.24051275849342346,-0.10000002384185791,0.08436381816864014,0.9833333492279053
decreasing_ild,2702,0.001,6,2,000101,False,False,False,0.36172592639923096,0.8861111402511597,0.2773621082305908,-0.0972222089767456,0.08436381816864014,0.9833333492279053
decreasing_ild,2702,0.001,6,2,000011,False,False,False,0.36868324875831604,0.8999999761581421,0.2843194305896759,-0.08333337306976318,0.08436381816864014,0.9833333492279053
decreasing_ild,2702,0.001,6,3,111000,True,True,False,0.07468152791261673,0.9833333492279053,-0.009682290256023407,0.0,0.08436381816864014,0.9833333492279053
decreasing_ild,2702,0.001,6,3,110100,False,True,False,0.07609755545854568,0.9833333492279053,-0.008266262710094452,0.0,0.08436381816864014,0.9833333492279053
decreasing_ild,2702,0.001,6,3,110010,False,True,False,0.07618376612663269,0.9833333492279053,-0.008180052042007446,0.0,0.08436381816864014,0.9833333492279053
decreasing_ild,2702,0.001,6,3,110001,False,True,False,0.07653096318244934,0.9833333492279053,-0.007832854986190796,0.0,0.08436381816864014,0.9833333492279053
decreasing_ild,2702,0.001,6,3,101100,False,True,False,0.07577522099018097,0.9861111044883728,-0.008588597178459167,0.0027777552604675293,0.08436381816864014,0.9833333492279053
decreasing_ild,2702,0.001,6,3,101010,False,True,True,0.07350513339042664,0.980555534362793,-0.010858684778213501,-0.0027778148651123047,0.08436381816864014,0.9833333492279053
decreasing_ild,2702,0.001,6,3,101001,False,True,False,0.07476180791854858,0.9833333492279053,-0.009602010250091553,0.0,0.08436381816864014,0.9833333492279053
decreasing_ild,2702,0.001,6,3,100110,False,True,False,0.08492311090230942,0.980555534362793,0.000559292733669281,-0.0027778148651123047,0.08436381816864014,0.9833333492279053
decreasing_ild,2702,0.001,6,3,100101,False,True,False,0.08726657927036285,0.980555534362793,0.0029027611017227173,-0.0027778148651123047,0.08436381816864014,0.9833333492279053
decreasing_ild,2702,0.001,6,3,100011,False,True,False,0.08839424699544907,0.9777777791023254,0.0040304288268089294,-0.005555570125579834,0.08436381816864014,0.9833333492279053
decreasing_ild,2702,0.001,6,3,011100,False,False,False,0.22240377962589264,0.9305555820465088,0.1380399614572525,-0.052777767181396484,0.08436381816864014,0.9833333492279053
decreasing_ild,2702,0.001,6,3,011010,False,False,False,0.2205202579498291,0.9388889074325562,0.13615643978118896,-0.04444444179534912,0.08436381816864014,0.9833333492279053
decreasing_ild,2702,0.001,6,3,011001,False,False,False,0.223102405667305,0.9333333373069763,0.13873858749866486,-0.050000011920928955,0.08436381816864014,0.9833333492279053
decreasing_ild,2702,0.001,6,3,010110,False,False,False,0.22432111203670502,0.9388889074325562,0.13995729386806488,-0.04444444179534912,0.08436381816864014,0.9833333492279053
decreasing_ild,2702,0.001,6,3,010101,False,False,True,0.22829613089561462,0.9277777671813965,0.1439323127269745,-0.05555558204650879,0.08436381816864014,0.9833333492279053
decreasing_ild,2702,0.001,6,3,010011,False,False,False,0.2336568683385849,0.9388889074325562,0.14929305016994476,-0.04444444179534912,0.08436381816864014,0.9833333492279053
decreasing_ild,2702,0.001,6,3,001110,False,False,False,0.26234152913093567,0.9138888716697693,0.17797771096229553,-0.06944447755813599,0.08436381816864014,0.9833333492279053
decreasing_ild,2702,0.001,6,3,001101,False,False,False,0.279342383146286,0.9083333611488342,0.19497856497764587,-0.07499998807907104,0.08436381816864014,0.9833333492279053
decreasing_ild,2702,0.001,6,3,001011,False,False,False,0.2666133642196655,0.9138888716697693,0.1822495460510254,-0.06944447755813599,0.08436381816864014,0.9833333492279053
decreasing_ild,2702,0.001,6,3,000111,False,False,False,0.31146347522735596,0.8999999761581421,0.22709965705871582,-0.08333337306976318,0.08436381816864014,0.9833333492279053
decreasing_ild,2702,0.001,6,4,111100,True,True,False,0.07860397547483444,0.9833333492279053,-0.005759842693805695,0.0,0.08436381816864014,0.9833333492279053
decreasing_ild,2702,0.001,6,4,111010,False,True,False,0.076250359416008,0.9833333492279053,-0.008113458752632141,0.0,0.08436381816864014,0.9833333492279053
decreasing_ild,2702,0.001,6,4,111001,False,True,False,0.07648307830095291,0.9833333492279053,-0.007880739867687225,0.0,0.08436381816864014,0.9833333492279053
decreasing_ild,2702,0.001,6,4,110110,False,True,False,0.07757508754730225,0.9833333492279053,-0.006788730621337891,0.0,0.08436381816864014,0.9833333492279053
decreasing_ild,2702,0.001,6,4,110101,False,True,False,0.07743153721094131,0.9833333492279053,-0.006932280957698822,0.0,0.08436381816864014,0.9833333492279053
decreasing_ild,2702,0.001,6,4,110011,False,True,False,0.07784172892570496,0.9833333492279053,-0.006522089242935181,0.0,0.08436381816864014,0.9833333492279053
decreasing_ild,2702,0.001,6,4,101110,False,True,False,0.07667466253042221,0.9833333492279053,-0.007689155638217926,0.0,0.08436381816864014,0.9833333492279053
decreasing_ild,2702,0.001,6,4,101101,False,True,False,0.07739919424057007,0.9777777791023254,-0.006964623928070068,-0.005555570125579834,0.08436381816864014,0.9833333492279053
decreasing_ild,2702,0.001,6,4,101011,False,True,False,0.07420826703310013,0.980555534362793,-0.010155551135540009,-0.0027778148651123047,0.08436381816864014,0.9833333492279053
decreasing_ild,2702,0.001,6,4,100111,False,True,False,0.0844244658946991,0.980555534362793,6.064772605895996e-05,-0.0027778148651123047,0.08436381816864014,0.9833333492279053
decreasing_ild,2702,0.001,6,4,011110,False,False,False,0.22816582024097443,0.9416666626930237,0.1438020020723343,-0.04166668653488159,0.08436381816864014,0.9833333492279053
decreasing_ild,2702,0.001,6,4,011101,False,False,False,0.22837592661380768,0.9361110925674438,0.14401210844516754,-0.047222256660461426,0.08436381816864014,0.9833333492279053
decreasing_ild,2702,0.001,6,4,011011,False,False,False,0.2283337414264679,0.9361110925674438,0.14396992325782776,-0.047222256660461426,0.08436381816864014,0.9833333492279053
decreasing_ild,2702,0.001,6,4,010111,False,False,False,0.22983817756175995,0.9416666626930237,0.1454743593931198,-0.04166668653488159,0.08436381816864014,0.9833333492279053
decreasing_ild,2702,0.001,6,4,001111,False,False,False,0.2644050121307373,0.9138888716697693,0.18004119396209717,-0.06944447755813599,0.08436381816864014,0.9833333492279053
decreasing_ild,2702,0.001,6,5,111110,True,True,False,0.0811016634106636,0.9833333492279053,-0.003262154757976532,0.0,0.08436381816864014,0.9833333492279053
decreasing_ild,2702,0.001,6,5,111101,False,True,False,0.08155336230993271,0.9833333492279053,-0.002810455858707428,0.0,0.08436381816864014,0.9833333492279053
decreasing_ild,2702,0.001,6,5,111011,False,True,False,0.07943076640367508,0.9833333492279053,-0.004933051764965057,0.0,0.08436381816864014,0.9833333492279053
decreasing_ild,2702,0.001,6,5,110111,False,True,False,0.08062492311000824,0.9833333492279053,-0.003738895058631897,0.0,0.08436381816864014,0.9833333492279053
decreasing_ild,2702,0.001,6,5,101111,False,True,False,0.0803382471203804,0.980555534362793,-0.004025571048259735,-0.0027778148651123047,0.08436381816864014,0.9833333492279053
decreasing_ild,2702,0.001,6,5,011111,False,False,False,0.23416860401630402,0.9416666626930237,0.14980478584766388,-0.04166668653488159,0.08436381816864014,0.9833333492279053
decreasing_ild,2702,0.001,6,6,111111,True,True,False,0.08436381816864014,0.9833333492279053,0.0,0.0,0.08436381816864014,0.9833333492279053
dense3,2702,0.001,3,1,100,True,True,False,0.35850411653518677,0.9083333611488342,0.2788919433951378,-0.07777774333953857,0.07961217314004898,0.9861111044883728
dense3,2702,0.001,3,1,010,False,False,True,0.3408626317977905,0.8999999761581421,0.26125045865774155,-0.08611112833023071,0.07961217314004898,0.9861111044883728
dense3,2702,0.001,3,1,001,False,False,False,0.4945533275604248,0.8666666746139526,0.4149411544203758,-0.11944442987442017,0.07961217314004898,0.9861111044883728
dense3,2702,0.001,3,2,110,True,True,False,0.09050377458333969,0.980555534362793,0.01089160144329071,-0.005555570125579834,0.07961217314004898,0.9861111044883728
dense3,2702,0.001,3,2,101,False,True,True,0.16943249106407166,0.9527778029441833,0.08982031792402267,-0.03333330154418945,0.07961217314004898,0.9861111044883728
dense3,2702,0.001,3,2,011,False,False,False,0.252003014087677,0.9305555820465088,0.17239084094762802,-0.055555522441864014,0.07961217314004898,0.9861111044883728
dense3,2702,0.001,3,3,111,True,True,False,0.07961217314004898,0.9861111044883728,0.0,0.0,0.07961217314004898,0.9861111044883728
dense6,2703,0.001,6,1,100000,True,True,False,0.8033692836761475,0.7777777910232544,0.7164558619260788,-0.2083333134651184,0.08691342175006866,0.9861111044883728
dense6,2703,0.001,6,1,010000,False,False,False,0.6584560871124268,0.8694444298744202,0.5715426653623581,-0.11666667461395264,0.08691342175006866,0.9861111044883728
dense6,2703,0.001,6,1,001000,False,False,False,0.6427196264266968,0.8305555582046509,0.5558062046766281,-0.15555554628372192,0.08691342175006866,0.9861111044883728
dense6,2703,0.001,6,1,000100,False,False,False,0.738777756690979,0.7944444417953491,0.6518643349409103,-0.19166666269302368,0.08691342175006866,0.9861111044883728
dense6,2703,0.001,6,1,000010,False,False,False,0.7238466143608093,0.7888888716697693,0.6369331926107407,-0.19722223281860352,0.08691342175006866,0.9861111044883728
dense6,2703,0.001,6,1,000001,False,False,False,0.9581155776977539,0.675000011920929,0.8712021559476852,-0.31111109256744385,0.08691342175006866,0.9861111044883728
dense6,2703,0.001,6,2,110000,True,True,False,0.31076639890670776,0.949999988079071,0.2238529771566391,-0.03611111640930176,0.08691342175006866,0.9861111044883728
dense6,2703,0.001,6,2,101000,False,True,False,0.3029145896434784,0.9444444179534912,0.21600116789340973,-0.04166668653488159,0.08691342175006866,0.9861111044883728
dense6,2703,0.001,6,2,100100,False,True,False,0.3523712158203125,0.9138888716697693,0.26545779407024384,-0.07222223281860352,0.08691342175006866,0.9861111044883728
dense6,2703,0.001,6,2,100010,False,True,False,0.3245103061199188,0.9222221970558167,0.23759688436985016,-0.06388890743255615,0.08691342175006866,0.9861111044883728
dense6,2703,0.001,6,2,100001,False,True,False,0.4455965757369995,0.8388888835906982,0.35868315398693085,-0.14722222089767456,0.08691342175006866,0.9861111044883728
dense6,2703,0.001,6,2,011000,False,False,False,0.2923559248447418,0.9333333373069763,0.20544250309467316,-0.052777767181396484,0.08691342175006866,0.9861111044883728
dense6,2703,0.001,6,2,010100,False,False,False,0.31987857818603516,0.9305555820465088,0.2329651564359665,-0.055555522441864014,0.08691342175006866,0.9861111044883728
dense6,2703,0.001,6,2,010010,False,False,False,0.32833749055862427,0.9083333611488342,0.2414240688085556,-0.07777774333953857,0.08691342175006866,0.9861111044883728
dense6,2703,0.001,6,2,010001,False,False,False,0.39978891611099243,0.8861111402511597,0.31287549436092377,-0.09999996423721313,0.08691342175006866,0.9861111044883728
dense6,2703,0.001,6,2,001100,False,False,False,0.3571050465106964,0.9055555462837219,0.27019162476062775,-0.08055555820465088,0.08691342175006866,0.9861111044883728
dense6,2703,0.001,6,2,001010,False,False,False,0.357687383890152,0.8972222208976746,0.2707739621400833,-0.08888888359069824,0.08691342175006866,0.9861111044883728
dense6,2703,0.001,6,2,001001,False,False,False,0.48248782753944397,0.8333333134651184,0.3955744057893753,-0.1527777910232544,0.08691342175006866,0.9861111044883728
dense6,2703,0.001,6,2,000110,False,False,False,0.4807078540325165,0.8583333492279053,0.3937944322824478,-0.12777775526046753,0.08691342175006866,0.9861111044883728
dense6,2703,0.001,6,2,000101,False,False,False,0.5994436740875244,0.8277778029441833,0.5125302523374557,-0.15833330154418945,0.08691342175006866,0.9861111044883728
dense6,2703,0.001,6,2,000011,False,False,False,0.6363024115562439,0.8027777671813965,0.5493889898061752,-0.18333333730697632,0.08691342175006866,0.9861111044883728
dense6,2703,0.001,6,3,111000,True,True,False,0.1400068998336792,0.9777777791023254,0.053093478083610535,-0.008333325386047363,0.08691342175006866,0.9861111044883728
dense6,2703,0.001,6,3,110100,False,True,False,0.1422383338212967,0.9722222089767456,0.05532491207122803,-0.013888895511627197,0.08691342175006866,0.9861111044883728
dense6,2703,0.001,6,3,110010,False,True,False,0.1484862118959427,0.9638888835906982,0.06157279014587402,-0.02222222089767456,0.08691342175006866,0.9861111044883728
dense6,2703,0.001,6,3,110001,False,True,False,0.16938991844654083,0.9555555582046509,0.08247649669647217,-0.030555546283721924,0.08691342175006866,0.9861111044883728
dense6,2703,0.001,6,3,101100,False,True,False,0.16591155529022217,0.9666666388511658,0.0789981335401535,-0.01944446563720703,0.08691342175006866,0.9861111044883728
dense6,2703,0.001,6,3,101010,False,True,True,0.17244751751422882,0.9611111283302307,0.08553409576416016,-0.02499997615814209,0.08691342175006866,0.9861111044883728
dense6,2703,0.001,6,3,101001,False,True,False,0.2279045134782791,0.9305555820465088,0.14099109172821045,-0.055555522441864014,0.08691342175006866,0.9861111044883728
dense6,2703,0.001,6,3,100110,False,True,False,0.2190065234899521,0.9472222328186035,0.13209310173988342,-0.03888887166976929,0.08691342175006866,0.9861111044883728
dense6,2703,0.001,6,3,100101,False,True,False,0.27893275022506714,0.9083333611488342,0.19201932847499847,-0.07777774333953857,0.08691342175006866,0.9861111044883728
dense6,2703,0.001,6,3,100011,False,True,False,0.2782496213912964,0.9305555820465088,0.19133619964122772,-0.055555522441864014,0.08691342175006866,0.9861111044883728
dense6,2703,0.001,6,3,011100,False,False,False,0.18448984622955322,0.949999988079071,0.09757642447948456,-0.03611111640930176,0.08691342175006866,0.9861111044883728
dense6,2703,0.001,6,3,011010,False,False,False,0.2093166559934616,0.9361110925674438,0.12240323424339294,-0.050000011920928955,0.08691342175006866,0.9861111044883728
dense6,2703,0.001,6,3,011001,False,False,False,0.21999052166938782,0.9472222328186035,0.13307709991931915,-0.03888887166976929,0.08691342175006866,0.9861111044883728
dense6,2703,0.001,6,3,010110,False,False,False,0.24079002439975739,0.9388889074325562,0.15387660264968872,-0.04722219705581665,0.08691342175006866,0.9861111044883728
dense6,2703,0.001,6,3,010101,False,False,True,0.26835811138153076,0.9305555820465088,0.1814446896314621,-0.055555522441864014,0.08691342175006866,0.9861111044883728
dense6,2703,0.001,6,3,010011,False,False,False,0.27787572145462036,0.9166666865348816,0.1909622997045517,-0.06944441795349121,0.08691342175006866,0.9861111044883728
dense6,2703,0.001,6,3,001110,False,False,False,0.28737834095954895,0.9138888716697693,0.20046491920948029,-0.07222223281860352,0.08691342175006866,0.9861111044883728
dense6,2703,0.001,6,3,001101,False,False,False,0.348119854927063,0.8888888955116272,0.2612064331769943,-0.0972222089767456,0.08691342175006866,0.9861111044883728
dense6,2703,0.001,6,3,001011,False,False,False,0.36740511655807495,0.8916666507720947,0.2804916948080063,-0.09444445371627808,0.08691342175006866,0.9861111044883728
dense6,2703,0.001,6,3,000111,False,False,False,0.4648677110671997,0.875,0.37795428931713104,-0.1111111044883728,0.08691342175006866,0.9861111044883728
dense6,2703,0.001,6,4,111100,True,True,False,0.09318855404853821,0.980555534362793,0.0062751322984695435,-0.005555570125579834,0.08691342175006866,0.9861111044883728
dense6,2703,0.001,6,4,111010,False,True,False,0.10486695915460587,0.980555534362793,0.0179535374045372,-0.005555570125579834,0.08691342175006866,0.9861111044883728
dense6,2703,0.001,6,4,111001,False,True,False,0.10587020218372345,0.9666666388511658,0.018956780433654785,-0.01944446563720703,0.08691342175006866,0.9861111044883728
dense6,2703,0.001,6,4,110110,False,True,False,0.1153622716665268,0.9750000238418579,0.02844884991645813,-0.011111080646514893,0.08691342175006866,0.9861111044883728
dense6,2703,0.001,6,4,110101,False,True,False,0.12044323980808258,0.9694444537162781,0.033529818058013916,-0.016666650772094727,0.08691342175006866,0.9861111044883728
dense6,2703,0.001,6,4,110011,False,True,False,0.12566165626049042,0.9694444537162781,0.03874823451042175,-0.016666650772094727,0.08691342175006866,0.9861111044883728
dense6,2703,0.001,6,4,101110,False,True,False,0.1387234330177307,0.9694444537162781,0.05181001126766205,-0.016666650772094727,0.08691342175006866,0.9861111044883728
dense6,2703,0.001,6,4,101101,False,True,False,0.16433808207511902,0.9555555582046509,0.07742466032505035,-0.030555546283721924,0.08691342175006866,0.9861111044883728
dense6,2703,0.001,6,4,101011,False,True,False,0.18204735219478607,0.9555555582046509,0.09513393044471741,-0.030555546283721924,0.08691342175006866,0.9861111044883728
dense6,2703,0.001,6,4,100111,False,True,False,0.22491364181041718,0.9361110925674438,0.1380002200603485,-0.050000011920928955,0.08691342175006866,0.9861111044883728
dense6,2703,0.001,6,4,011110,False,False,False,0.17118462920188904,0.949999988079071,0.08427120745182037,-0.03611111640930176,0.08691342175006866,0.9861111044883728
dense6,2703,0.001,6,4,011101,False,False,False,0.18278156220912933,0.9611111283302307,0.09586814045906067,-0.02499997615814209,0.08691342175006866,0.9861111044883728
dense6,2703,0.001,6,4,011011,False,False,False,0.1933528631925583,0.949999988079071,0.10643944144248962,-0.03611111640930176,0.08691342175006866,0.9861111044883728
dense6,2703,0.001,6,4,010111,False,False,False,0.2213880717754364,0.9416666626930237,0.13447465002536774,-0.04444444179534912,0.08691342175006866,0.9861111044883728
dense6,2703,0.001,6,4,001111,False,False,False,0.305167019367218,0.9166666865348816,0.21825359761714935,-0.06944441795349121,0.08691342175006866,0.9861111044883728
dense6,2703,0.001,6,5,111110,True,True,False,0.0923832356929779,0.980555534362793,0.005469813942909241,-0.005555570125579834,0.08691342175006866,0.9861111044883728
dense6,2703,0.001,6,5,111101,False,True,False,0.08679378032684326,0.9861111044883728,-0.00011964142322540283,0.0,0.08691342175006866,0.9861111044883728
dense6,2703,0.001,6,5,111011,False,True,False,0.09598016738891602,0.9750000238418579,0.009066745638847351,-0.011111080646514893,0.08691342175006866,0.9861111044883728
dense6,2703,0.001,6,5,110111,False,True,False,0.10602413862943649,0.9750000238418579,0.01911071687936783,-0.011111080646514893,0.08691342175006866,0.9861111044883728
dense6,2703,0.001,6,5,101111,False,True,False,0.14593756198883057,0.9666666388511658,0.0590241402387619,-0.01944446563720703,0.08691342175006866,0.9861111044883728
dense6,2703,0.001,6,5,011111,False,False,False,0.16944798827171326,0.9583333134651184,0.08253456652164459,-0.027777791023254395,0.08691342175006866,0.9861111044883728
dense6,2703,0.001,6,6,111111,True,True,False,0.08691342175006866,0.9861111044883728,0.0,0.0,0.08691342175006866,0.9861111044883728
constant_ild,2703,0.001,6,1,100000,True,True,False,0.3020600378513336,0.9611111283302307,0.21802804619073868,-0.02499997615814209,0.08403199166059494,0.9861111044883728
constant_ild,2703,0.001,6,1,010000,False,False,False,0.3674148619174957,0.9222221970558167,0.2833828702569008,-0.06388890743255615,0.08403199166059494,0.9861111044883728
constant_ild,2703,0.001,6,1,001000,False,False,False,0.3837122619152069,0.9083333611488342,0.29968027025461197,-0.07777774333953857,0.08403199166059494,0.9861111044883728
constant_ild,2703,0.001,6,1,000100,False,False,False,0.4495853781700134,0.8888888955116272,0.3655533865094185,-0.0972222089767456,0.08403199166059494,0.9861111044883728
constant_ild,2703,0.001,6,1,000010,False,False,False,0.4922970235347748,0.8611111044883728,0.40826503187417984,-0.125,0.08403199166059494,0.9861111044883728
constant_ild,2703,0.001,6,1,000001,False,False,False,0.6229720115661621,0.8138889074325562,0.5389400199055672,-0.17222219705581665,0.08403199166059494,0.9861111044883728
constant_ild,2703,0.001,6,2,110000,True,True,False,0.10771623253822327,0.9777777791023254,0.023684240877628326,-0.008333325386047363,0.08403199166059494,0.9861111044883728
constant_ild,2703,0.001,6,2,101000,False,True,False,0.10145903378725052,0.9777777791023254,0.01742704212665558,-0.008333325386047363,0.08403199166059494,0.9861111044883728
constant_ild,2703,0.001,6,2,100100,False,True,False,0.10292106121778488,0.9777777791023254,0.01888906955718994,-0.008333325386047363,0.08403199166059494,0.9861111044883728
constant_ild,2703,0.001,6,2,100010,False,True,False,0.10911324620246887,0.9777777791023254,0.025081254541873932,-0.008333325386047363,0.08403199166059494,0.9861111044883728
constant_ild,2703,0.001,6,2,100001,False,True,False,0.11413275450468063,0.9777777791023254,0.030100762844085693,-0.008333325386047363,0.08403199166059494,0.9861111044883728
constant_ild,2703,0.001,6,2,011000,False,False,False,0.22410181164741516,0.9416666626930237,0.14006981998682022,-0.04444444179534912,0.08403199166059494,0.9861111044883728
constant_ild,2703,0.001,6,2,010100,False,False,False,0.2405019998550415,0.9416666626930237,0.15647000819444656,-0.04444444179534912,0.08403199166059494,0.9861111044883728
constant_ild,2703,0.001,6,2,010010,False,False,False,0.2531284689903259,0.9388889074325562,0.169096477329731,-0.04722219705581665,0.08403199166059494,0.9861111044883728
constant_ild,2703,0.001,6,2,010001,False,False,False,0.26255911588668823,0.9388889074325562,0.1785271242260933,-0.04722219705581665,0.08403199166059494,0.9861111044883728
constant_ild,2703,0.001,6,2,001100,False,False,False,0.27102130651474,0.9194444417953491,0.18698931485414505,-0.06666666269302368,0.08403199166059494,0.9861111044883728
constant_ild,2703,0.001,6,2,001010,False,False,False,0.28462716937065125,0.9222221970558167,0.2005951777100563,-0.06388890743255615,0.08403199166059494,0.9861111044883728
constant_ild,2703,0.001,6,2,001001,False,False,False,0.30252525210380554,0.9055555462837219,0.2184932604432106,-0.08055555820465088,0.08403199166059494,0.9861111044883728
constant_ild,2703,0.001,6,2,000110,False,False,False,0.338312029838562,0.8972222208976746,0.25428003817796707,-0.08888888359069824,0.08403199166059494,0.9861111044883728
constant_ild,2703,0.001,6,2,000101,False,False,False,0.37591415643692017,0.8861111402511597,0.2918821647763252,-0.09999996423721313,0.08403199166059494,0.9861111044883728
constant_ild,2703,0.001,6,2,000011,False,False,False,0.42051494121551514,0.8638888597488403,0.3364829495549202,-0.12222224473953247,0.08403199166059494,0.9861111044883728
constant_ild,2703,0.001,6,3,111000,True,True,False,0.08270329236984253,0.9777777791023254,-0.0013286992907524109,-0.008333325386047363,0.08403199166059494,0.9861111044883728
constant_ild,2703,0.001,6,3,110100,False,True,False,0.07840282469987869,0.9861111044883728,-0.0056291669607162476,0.0,0.08403199166059494,0.9861111044883728
constant_ild,2703,0.001,6,3,110010,False,True,False,0.0807042047381401,0.9777777791023254,-0.003327786922454834,-0.008333325386047363,0.08403199166059494,0.9861111044883728
constant_ild,2703,0.001,6,3,110001,False,True,False,0.08137348294258118,0.9861111044883728,-0.0026585087180137634,0.0,0.08403199166059494,0.9861111044883728
constant_ild,2703,0.001,6,3,101100,False,True,False,0.07885301113128662,0.9888888597488403,-0.005178980529308319,0.0027777552604675293,0.08403199166059494,0.9861111044883728
constant_ild,2703,0.001,6,3,101010,False,True,True,0.07772712409496307,0.9777777791023254,-0.0063048675656318665,-0.008333325386047363,0.08403199166059494,0.9861111044883728
constant_ild,2703,0.001,6,3,101001,False,True,False,0.07979338616132736,0.9833333492279053,-0.004238605499267578,-0.0027777552604675293,0.08403199166059494,0.9861111044883728
constant_ild,2703,0.001,6,3,100110,False,True,False,0.08148432523012161,0.980555534362793,-0.0025476664304733276,-0.005555570125579834,0.08403199166059494,0.9861111044883728
constant_ild,2703,0.001,6,3,100101,False,True,False,0.0858345478773117,0.9777777791023254,0.0018025562167167664,-0.008333325386047363,0.08403199166059494,0.9861111044883728
constant_ild,2703,0.001,6,3,100011,False,True,False,0.08569188416004181,0.9750000238418579,0.001659892499446869,-0.011111080646514893,0.08403199166059494,0.9861111044883728
constant_ild,2703,0.001,6,3,011100,False,False,False,0.2216956466436386,0.9444444179534912,0.13766365498304367,-0.04166668653488159,0.08403199166059494,0.9861111044883728
constant_ild,2703,0.001,6,3,011010,False,False,False,0.22419682145118713,0.9472222328186035,0.1401648297905922,-0.03888887166976929,0.08403199166059494,0.9861111044883728
constant_ild,2703,0.001,6,3,011001,False,False,False,0.22391840815544128,0.9444444179534912,0.13988641649484634,-0.04166668653488159,0.08403199166059494,0.9861111044883728
constant_ild,2703,0.001,6,3,010110,False,False,False,0.23384077847003937,0.9416666626930237,0.14980878680944443,-0.04444444179534912,0.08403199166059494,0.9861111044883728
constant_ild,2703,0.001,6,3,010101,False,False,True,0.23915329575538635,0.9444444179534912,0.1551213040947914,-0.04166668653488159,0.08403199166059494,0.9861111044883728
constant_ild,2703,0.001,6,3,010011,False,False,False,0.24174153804779053,0.9416666626930237,0.1577095463871956,-0.04444444179534912,0.08403199166059494,0.9861111044883728
constant_ild,2703,0.001,6,3,001110,False,False,False,0.2652685046195984,0.9277777671813965,0.18123651295900345,-0.05833333730697632,0.08403199166059494,0.9861111044883728
constant_ild,2703,0.001,6,3,001101,False,False,False,0.2734116017818451,0.9277777671813965,0.18937961012125015,-0.05833333730697632,0.08403199166059494,0.9861111044883728
constant_ild,2703,0.001,6,3,001011,False,False,False,0.281005322933197,0.9166666865348816,0.19697333127260208,-0.06944441795349121,0.08403199166059494,0.9861111044883728
constant_ild,2703,0.001,6,3,000111,False,False,False,0.3301023542881012,0.8972222208976746,0.24607036262750626,-0.08888888359069824,0.08403199166059494,0.9861111044883728
constant_ild,2703,0.001,6,4,111100,True,True,False,0.07932719588279724,0.9833333492279053,-0.004704795777797699,-0.0027777552604675293,0.08403199166059494,0.9861111044883728
constant_ild,2703,0.001,6,4,111010,False,True,False,0.07952228933572769,0.9833333492279053,-0.0045097023248672485,-0.0027777552604675293,0.08403199166059494,0.9861111044883728
constant_ild,2703,0.001,6,4,111001,False,True,False,0.08052285760641098,0.9861111044883728,-0.00350913405418396,0.0,0.08403199166059494,0.9861111044883728
constant_ild,2703,0.001,6,4,110110,False,True,False,0.07897993922233582,0.9833333492279053,-0.005052052438259125,-0.0027777552604675293,0.08403199166059494,0.9861111044883728
constant_ild,2703,0.001,6,4,110101,False,True,False,0.08000403642654419,0.9888888597488403,-0.004027955234050751,0.0027777552604675293,0.08403199166059494,0.9861111044883728
constant_ild,2703,0.001,6,4,110011,False,True,False,0.07926074415445328,0.9833333492279053,-0.004771247506141663,-0.0027777552604675293,0.08403199166059494,0.9861111044883728
constant_ild,2703,0.001,6,4,101110,False,True,False,0.07621562480926514,0.9861111044883728,-0.007816366851329803,0.0,0.08403199166059494,0.9861111044883728
constant_ild,2703,0.001,6,4,101101,False,True,False,0.07807213068008423,0.9861111044883728,-0.005959860980510712,0.0,0.08403199166059494,0.9861111044883728
constant_ild,2703,0.001,6,4,101011,False,True,False,0.07343918830156326,0.9833333492279053,-0.010592803359031677,-0.0027777552604675293,0.08403199166059494,0.9861111044883728
constant_ild,2703,0.001,6,4,100111,False,True,False,0.07937991619110107,0.9861111044883728,-0.004652075469493866,0.0,0.08403199166059494,0.9861111044883728
constant_ild,2703,0.001,6,4,011110,False,False,False,0.23584683239459991,0.9416666626930237,0.15181484073400497,-0.04444444179534912,0.08403199166059494,0.9861111044883728
constant_ild,2703,0.001,6,4,011101,False,False,False,0.23409269750118256,0.9444444179534912,0.15006070584058762,-0.04166668653488159,0.08403199166059494,0.9861111044883728
constant_ild,2703,0.001,6,4,011011,False,False,False,0.23136848211288452,0.9472222328186035,0.14733649045228958,-0.03888887166976929,0.08403199166059494,0.9861111044883728
constant_ild,2703,0.001,6,4,010111,False,False,False,0.23922964930534363,0.9388889074325562,0.1551976576447487,-0.04722219705581665,0.08403199166059494,0.9861111044883728
constant_ild,2703,0.001,6,4,001111,False,False,False,0.2734496295452118,0.9277777671813965,0.18941763788461685,-0.05833333730697632,0.08403199166059494,0.9861111044883728
constant_ild,2703,0.001,6,5,111110,True,True,False,0.08204400539398193,0.9861111044883728,-0.0019879862666130066,0.0,0.08403199166059494,0.9861111044883728
constant_ild,2703,0.001,6,5,111101,False,True,False,0.08178474754095078,0.9833333492279053,-0.002247244119644165,-0.0027777552604675293,0.08403199166059494,0.9861111044883728
constant_ild,2703,0.001,6,5,111011,False,True,False,0.08007297664880753,0.9861111044883728,-0.0039590150117874146,0.0,0.08403199166059494,0.9861111044883728
constant_ild,2703,0.001,6,5,110111,False,True,False,0.08200681209564209,0.9861111044883728,-0.0020251795649528503,0.0,0.08403199166059494,0.9861111044883728
constant_ild,2703,0.001,6,5,101111,False,True,False,0.07712149620056152,0.9861111044883728,-0.006910495460033417,0.0,0.08403199166059494,0.9861111044883728
constant_ild,2703,0.001,6,5,011111,False,False,False,0.24476900696754456,0.9472222328186035,0.16073701530694962,-0.03888887166976929,0.08403199166059494,0.9861111044883728
constant_ild,2703,0.001,6,6,111111,True,True,False,0.08403199166059494,0.9861111044883728,0.0,0.0,0.08403199166059494,0.9861111044883728
decreasing_ild,2703,0.001,6,1,100000,True,True,False,0.17948542535305023,0.9750000238418579,0.0990692600607872,-0.011111080646514893,0.08041616529226303,0.9861111044883728
decreasing_ild,2703,0.001,6,1,010000,False,False,False,0.32121872901916504,0.9277777671813965,0.240802563726902,-0.05833333730697632,0.08041616529226303,0.9861111044883728
decreasing_ild,2703,0.001,6,1,001000,False,False,False,0.3699502646923065,0.8999999761581421,0.2895340994000435,-0.08611112833023071,0.08041616529226303,0.9861111044883728
decreasing_ild,2703,0.001,6,1,000100,False,False,False,0.42830878496170044,0.8833333253860474,0.3478926196694374,-0.10277777910232544,0.08041616529226303,0.9861111044883728
decreasing_ild,2703,0.001,6,1,000010,False,False,False,0.473206102848053,0.8666666746139526,0.39278993755578995,-0.11944442987442017,0.08041616529226303,0.9861111044883728
decreasing_ild,2703,0.001,6,1,000001,False,False,False,0.5971400737762451,0.8444444537162781,0.5167239084839821,-0.14166665077209473,0.08041616529226303,0.9861111044883728
decreasing_ild,2703,0.001,6,2,110000,True,True,False,0.08839686214923859,0.9722222089767456,0.007980696856975555,-0.013888895511627197,0.08041616529226303,0.9861111044883728
decreasing_ild,2703,0.001,6,2,101000,False,True,False,0.08493227511644363,0.9777777791023254,0.004516109824180603,-0.008333325386047363,0.08041616529226303,0.9861111044883728
decreasing_ild,2703,0.001,6,2,100100,False,True,False,0.09127375483512878,0.9777777791023254,0.010857589542865753,-0.008333325386047363,0.08041616529226303,0.9861111044883728
decreasing_ild,2703,0.001,6,2,100010,False,True,False,0.09915430098772049,0.9750000238418579,0.01873813569545746,-0.011111080646514893,0.08041616529226303,0.9861111044883728
decreasing_ild,2703,0.001,6,2,100001,False,True,False,0.10688236355781555,0.9750000238418579,0.02646619826555252,-0.011111080646514893,0.08041616529226303,0.9861111044883728
decreasing_ild,2703,0.001,6,2,011000,False,False,False,0.2557423412799835,0.9277777671813965,0.1753261759877205,-0.05833333730697632,0.08041616529226303,0.9861111044883728
decreasing_ild,2703,0.001,6,2,010100,False,False,False,0.2582014799118042,0.9416666626930237,0.17778531461954117,-0.04444444179534912,0.08041616529226303,0.9861111044883728
decreasing_ild,2703,0.001,6,2,010010,False,False,False,0.27033793926239014,0.9277777671813965,0.1899217739701271,-0.05833333730697632,0.08041616529226303,0.9861111044883728
decreasing_ild,2703,0.001,6,2,010001,False,False,False,0.27497953176498413,0.9333333373069763,0.1945633664727211,-0.052777767181396484,0.08041616529226303,0.9861111044883728
decreasing_ild,2703,0.001,6,2,001100,False,False,False,0.3020209074020386,0.9138888716697693,0.22160474210977554,-0.07222223281860352,0.08041616529226303,0.9861111044883728
decreasing_ild,2703,0.001,6,2,001010,False,False,False,0.31247007846832275,0.9138888716697693,0.23205391317605972,-0.07222223281860352,0.08041616529226303,0.9861111044883728
decreasing_ild,2703,0.001,6,2,001001,False,False,False,0.3321128487586975,0.8999999761581421,0.2516966834664345,-0.08611112833023071,0.08041616529226303,0.9861111044883728
decreasing_ild,2703,0.001,6,2,000110,False,False,False,0.3491978347301483,0.894444465637207,0.2687816694378853,-0.09166663885116577,0.08041616529226303,0.9861111044883728
decreasing_ild,2703,0.001,6,2,000101,False,False,False,0.38074252009391785,0.8833333253860474,0.3003263548016548,-0.10277777910232544,0.08041616529226303,0.9861111044883728
decreasing_ild,2703,0.001,6,2,000011,False,False,False,0.404462993144989,0.8694444298744202,0.324046827852726,-0.11666667461395264,0.08041616529226303,0.9861111044883728
decreasing_ild,2703,0.001,6,3,111000,True,True,False,0.0817030519247055,0.9750000238418579,0.0012868866324424744,-0.011111080646514893,0.08041616529226303,0.9861111044883728
decreasing_ild,2703,0.001,6,3,110100,False,True,False,0.07592002302408218,0.9833333492279053,-0.004496142268180847,-0.0027777552604675293,0.08041616529226303,0.9861111044883728
decreasing_ild,2703,0.001,6,3,110010,False,True,False,0.08079883456230164,0.980555534362793,0.00038266927003860474,-0.005555570125579834,0.08041616529226303,0.9861111044883728
decreasing_ild,2703,0.001,6,3,110001,False,True,False,0.080593042075634,0.9777777791023254,0.00017687678337097168,-0.008333325386047363,0.08041616529226303,0.9861111044883728
decreasing_ild,2703,0.001,6,3,101100,False,True,False,0.07238433510065079,0.9888888597488403,-0.008031830191612244,0.0027777552604675293,0.08041616529226303,0.9861111044883728
decreasing_ild,2703,0.001,6,3,101010,False,True,True,0.0746612474322319,0.9777777791023254,-0.005754917860031128,-0.008333325386047363,0.08041616529226303,0.9861111044883728
decreasing_ild,2703,0.001,6,3,101001,False,True,False,0.07637294381856918,0.9750000238418579,-0.004043221473693848,-0.011111080646514893,0.08041616529226303,0.9861111044883728
decreasing_ild,2703,0.001,6,3,100110,False,True,False,0.08034136891365051,0.9777777791023254,-7.479637861251831e-05,-0.008333325386047363,0.08041616529226303,0.9861111044883728
decreasing_ild,2703,0.001,6,3,100101,False,True,False,0.08215247094631195,0.9777777791023254,0.0017363056540489197,-0.008333325386047363,0.08041616529226303,0.9861111044883728
decreasing_ild,2703,0.001,6,3,100011,False,True,False,0.08803316950798035,0.9750000238418579,0.007617004215717316,-0.011111080646514893,0.08041616529226303,0.9861111044883728
decreasing_ild,2703,0.001,6,3,011100,False,False,False,0.25827595591545105,0.9388889074325562,0.17785979062318802,-0.04722219705581665,0.08041616529226303,0.9861111044883728
decreasing_ild,2703,0.001,6,3,011010,False,False,False,0.25878793001174927,0.9416666626930237,0.17837176471948624,-0.04444444179534912,0.08041616529226303,0.9861111044883728
decreasing_ild,2703,0.001,6,3,011001,False,False,False,0.25889846682548523,0.9333333373069763,0.1784823015332222,-0.052777767181396484,0.08041616529226303,0.9861111044883728
decreasing_ild,2703,0.001,6,3,010110,False,False,False,0.2567761242389679,0.9333333373069763,0.17635995894670486,-0.052777767181396484,0.08041616529226303,0.9861111044883728
decreasing_ild,2703,0.001,6,3,010101,False,False,True,0.2577664852142334,0.9333333373069763,0.17735031992197037,-0.052777767181396484,0.08041616529226303,0.9861111044883728
decreasing_ild,2703,0.001,6,3,010011,False,False,False,0.2631702721118927,0.9305555820465088,0.18275410681962967,-0.055555522441864014,0.08041616529226303,0.9861111044883728
decreasing_ild,2703,0.001,6,3,001110,False,False,False,0.3010043203830719,0.9166666865348816,0.22058815509080887,-0.06944441795349121,0.08041616529226303,0.9861111044883728
decreasing_ild,2703,0.001,6,3,001101,False,False,False,0.3076556324958801,0.9138888716697693,0.2272394672036171,-0.07222223281860352,0.08041616529226303,0.9861111044883728
decreasing_ild,2703,0.001,6,3,001011,False,False,False,0.31327298283576965,0.9083333611488342,0.23285681754350662,-0.07777774333953857,0.08041616529226303,0.9861111044883728
decreasing_ild,2703,0.001,6,3,000111,False,False,False,0.34491199254989624,0.9111111164093018,0.2644958272576332,-0.07499998807907104,0.08041616529226303,0.9861111044883728
decreasing_ild,2703,0.001,6,4,111100,True,True,False,0.07855813205242157,0.9777777791023254,-0.0018580332398414612,-0.008333325386047363,0.08041616529226303,0.9861111044883728
decreasing_ild,2703,0.001,6,4,111010,False,True,False,0.08055059611797333,0.9777777791023254,0.00013443082571029663,-0.008333325386047363,0.08041616529226303,0.9861111044883728
decreasing_ild,2703,0.001,6,4,111001,False,True,False,0.08117678016424179,0.9777777791023254,0.0007606148719787598,-0.008333325386047363,0.08041616529226303,0.9861111044883728
decreasing_ild,2703,0.001,6,4,110110,False,True,False,0.07627233862876892,0.9833333492279053,-0.00414382666349411,-0.0027777552604675293,0.08041616529226303,0.9861111044883728
decreasing_ild,2703,0.001,6,4,110101,False,True,False,0.07529623061418533,0.9833333492279053,-0.005119934678077698,-0.0027777552604675293,0.08041616529226303,0.9861111044883728
decreasing_ild,2703,0.001,6,4,110011,False,True,False,0.08015191555023193,0.980555534362793,-0.0002642497420310974,-0.005555570125579834,0.08041616529226303,0.9861111044883728
decreasing_ild,2703,0.001,6,4,101110,False,True,False,0.07077951729297638,0.9861111044883728,-0.009636647999286652,0.0,0.08041616529226303,0.9861111044883728
decreasing_ild,2703,0.001,6,4,101101,False,True,False,0.07168976962566376,0.9861111044883728,-0.008726395666599274,0.0,0.08041616529226303,0.9861111044883728
decreasing_ild,2703,0.001,6,4,101011,False,True,False,0.0727076455950737,0.980555534362793,-0.007708519697189331,-0.005555570125579834,0.08041616529226303,0.9861111044883728
decreasing_ild,2703,0.001,6,4,100111,False,True,False,0.07801181077957153,0.9777777791023254,-0.002404354512691498,-0.008333325386047363,0.08041616529226303,0.9861111044883728
decreasing_ild,2703,0.001,6,4,011110,False,False,False,0.2675515413284302,0.9361110925674438,0.18713537603616714,-0.050000011920928955,0.08041616529226303,0.9861111044883728
decreasing_ild,2703,0.001,6,4,011101,False,False,False,0.2666189968585968,0.9361110925674438,0.18620283156633377,-0.050000011920928955,0.08041616529226303,0.9861111044883728
decreasing_ild,2703,0.001,6,4,011011,False,False,False,0.2637510597705841,0.9361110925674438,0.18333489447832108,-0.050000011920928955,0.08041616529226303,0.9861111044883728
decreasing_ild,2703,0.001,6,4,010111,False,False,False,0.2600363492965698,0.9361110925674438,0.1796201840043068,-0.050000011920928955,0.08041616529226303,0.9861111044883728
decreasing_ild,2703,0.001,6,4,001111,False,False,False,0.31043851375579834,0.9166666865348816,0.2300223484635353,-0.06944441795349121,0.08041616529226303,0.9861111044883728
decreasing_ild,2703,0.001,6,5,111110,True,True,False,0.0795300081372261,0.980555534362793,-0.0008861571550369263,-0.005555570125579834,0.08041616529226303,0.9861111044883728
decreasing_ild,2703,0.001,6,5,111101,False,True,False,0.0792895182967186,0.980555534362793,-0.0011266469955444336,-0.005555570125579834,0.08041616529226303,0.9861111044883728
decreasing_ild,2703,0.001,6,5,111011,False,True,False,0.08104833960533142,0.9777777791023254,0.0006321743130683899,-0.008333325386047363,0.08041616529226303,0.9861111044883728
decreasing_ild,2703,0.001,6,5,110111,False,True,False,0.07685564458370209,0.9833333492279053,-0.0035605207085609436,-0.0027777552604675293,0.08041616529226303,0.9861111044883728
decreasing_ild,2703,0.001,6,5,101111,False,True,False,0.07123319804668427,0.9861111044883728,-0.009182967245578766,0.0,0.08041616529226303,0.9861111044883728
decreasing_ild,2703,0.001,6,5,011111,False,False,False,0.2743856608867645,0.9361110925674438,0.1939694955945015,-0.050000011920928955,0.08041616529226303,0.9861111044883728
decreasing_ild,2703,0.001,6,6,111111,True,True,False,0.08041616529226303,0.9861111044883728,0.0,0.0,0.08041616529226303,0.9861111044883728
dense3,2703,0.001,3,1,100,True,True,False,0.3026205599308014,0.9583333134651184,0.21842274069786072,-0.02222222089767456,0.08419781923294067,0.980555534362793
dense3,2703,0.001,3,1,010,False,False,True,0.30049625039100647,0.925000011920929,0.2162984311580658,-0.055555522441864014,0.08419781923294067,0.980555534362793
dense3,2703,0.001,3,1,001,False,False,False,0.44168490171432495,0.8888888955116272,0.3574870824813843,-0.09166663885116577,0.08419781923294067,0.980555534362793
dense3,2703,0.001,3,2,110,True,True,False,0.08961603045463562,0.980555534362793,0.005418211221694946,0.0,0.08419781923294067,0.980555534362793
dense3,2703,0.001,3,2,101,False,True,True,0.1442393958568573,0.9638888835906982,0.060041576623916626,-0.016666650772094727,0.08419781923294067,0.980555534362793
dense3,2703,0.001,3,2,011,False,False,False,0.23392683267593384,0.9472222328186035,0.14972901344299316,-0.03333330154418945,0.08419781923294067,0.980555534362793
dense3,2703,0.001,3,3,111,True,True,False,0.08419781923294067,0.980555534362793,0.0,0.0,0.08419781923294067,0.980555534362793
dense6,2704,0.001,6,1,100000,True,True,False,0.5526476502418518,0.8666666746139526,0.48389672487974167,-0.11944442987442017,0.06875092536211014,0.9861111044883728
dense6,2704,0.001,6,1,010000,False,False,False,0.6093346476554871,0.855555534362793,0.5405837222933769,-0.13055557012557983,0.06875092536211014,0.9861111044883728
dense6,2704,0.001,6,1,001000,False,False,False,0.49456366896629333,0.8972222208976746,0.4258127436041832,-0.08888888359069824,0.06875092536211014,0.9861111044883728
dense6,2704,0.001,6,1,000100,False,False,False,0.4808158874511719,0.8861111402511597,0.41206496208906174,-0.09999996423721313,0.06875092536211014,0.9861111044883728
dense6,2704,0.001,6,1,000010,False,False,False,0.6272315382957458,0.8277778029441833,0.5584806129336357,-0.15833330154418945,0.06875092536211014,0.9861111044883728
dense6,2704,0.001,6,1,000001,False,False,False,0.5749188661575317,0.8277778029441833,0.5061679407954216,-0.15833330154418945,0.06875092536211014,0.9861111044883728
dense6,2704,0.001,6,2,110000,True,True,False,0.2581988275051117,0.949999988079071,0.18944790214300156,-0.03611111640930176,0.06875092536211014,0.9861111044883728
dense6,2704,0.001,6,2,101000,False,True,False,0.24969686567783356,0.9555555582046509,0.18094594031572342,-0.030555546283721924,0.06875092536211014,0.9861111044883728
dense6,2704,0.001,6,2,100100,False,True,False,0.22917470335960388,0.9416666626930237,0.16042377799749374,-0.04444444179534912,0.06875092536211014,0.9861111044883728
dense6,2704,0.001,6,2,100010,False,True,False,0.28295114636421204,0.9361110925674438,0.2142002210021019,-0.050000011920928955,0.06875092536211014,0.9861111044883728
dense6,2704,0.001,6,2,100001,False,True,False,0.3163954019546509,0.8861111402511597,0.24764447659254074,-0.09999996423721313,0.06875092536211014,0.9861111044883728
dense6,2704,0.001,6,2,011000,False,False,False,0.2900998890399933,0.9416666626930237,0.22134896367788315,-0.04444444179534912,0.06875092536211014,0.9861111044883728
dense6,2704,0.001,6,2,010100,False,False,False,0.3072671592235565,0.9194444417953491,0.23851623386144638,-0.06666666269302368,0.06875092536211014,0.9861111044883728
dense6,2704,0.001,6,2,010010,False,False,False,0.3846379518508911,0.8833333253860474,0.315887026488781,-0.10277777910232544,0.06875092536211014,0.9861111044883728
dense6,2704,0.001,6,2,010001,False,False,False,0.40791550278663635,0.8777777552604675,0.3391645774245262,-0.10833334922790527,0.06875092536211014,0.9861111044883728
dense6,2704,0.001,6,2,001100,False,False,False,0.2645472586154938,0.9361110925674438,0.19579633325338364,-0.050000011920928955,0.06875092536211014,0.9861111044883728
dense6,2704,0.001,6,2,001010,False,False,False,0.34798526763916016,0.8972222208976746,0.27923434227705,-0.08888888359069824,0.06875092536211014,0.9861111044883728
dense6,2704,0.001,6,2,001001,False,False,False,0.34424686431884766,0.8972222208976746,0.2754959389567375,-0.08888888359069824,0.06875092536211014,0.9861111044883728
dense6,2704,0.001,6,2,000110,False,False,False,0.32448819279670715,0.8999999761581421,0.255737267434597,-0.08611112833023071,0.06875092536211014,0.9861111044883728
dense6,2704,0.001,6,2,000101,False,False,False,0.3805699944496155,0.8888888955116272,0.31181906908750534,-0.0972222089767456,0.06875092536211014,0.9861111044883728
dense6,2704,0.001,6,2,000011,False,False,False,0.5700631737709045,0.8222222328186035,0.5013122484087944,-0.1638888716697693,0.06875092536211014,0.9861111044883728
dense6,2704,0.001,6,3,111000,True,True,False,0.12131833285093307,0.9722222089767456,0.05256740748882294,-0.013888895511627197,0.06875092536211014,0.9861111044883728
dense6,2704,0.001,6,3,110100,False,True,False,0.11443038284778595,0.9750000238418579,0.04567945748567581,-0.011111080646514893,0.06875092536211014,0.9861111044883728
dense6,2704,0.001,6,3,110010,False,True,False,0.12516188621520996,0.9638888835906982,0.05641096085309982,-0.02222222089767456,0.06875092536211014,0.9861111044883728
dense6,2704,0.001,6,3,110001,False,True,False,0.164897158741951,0.9472222328186035,0.09614623337984085,-0.03888887166976929,0.06875092536211014,0.9861111044883728
dense6,2704,0.001,6,3,101100,False,True,False,0.12405789643526077,0.9722222089767456,0.055306971073150635,-0.013888895511627197,0.06875092536211014,0.9861111044883728
dense6,2704,0.001,6,3,101010,False,True,True,0.1588679552078247,0.9611111283302307,0.09011702984571457,-0.02499997615814209,0.06875092536211014,0.9861111044883728
dense6,2704,0.001,6,3,101001,False,True,False,0.1555187851190567,0.9638888835906982,0.08676785975694656,-0.02222222089767456,0.06875092536211014,0.9861111044883728
dense6,2704,0.001,6,3,100110,False,True,False,0.13877438008785248,0.9638888835906982,0.07002345472574234,-0.02222222089767456,0.06875092536211014,0.9861111044883728
dense6,2704,0.001,6,3,100101,False,True,False,0.1902991235256195,0.9305555820465088,0.12154819816350937,-0.055555522441864014,0.06875092536211014,0.9861111044883728
dense6,2704,0.001,6,3,100011,False,True,False,0.2706957459449768,0.925000011920929,0.20194482058286667,-0.06111109256744385,0.06875092536211014,0.9861111044883728
dense6,2704,0.001,6,3,011100,False,False,False,0.19804100692272186,0.9472222328186035,0.12929008156061172,-0.03888887166976929,0.06875092536211014,0.9861111044883728
dense6,2704,0.001,6,3,011010,False,False,False,0.22018960118293762,0.9416666626930237,0.15143867582082748,-0.04444444179534912,0.06875092536211014,0.9861111044883728
dense6,2704,0.001,6,3,011001,False,False,False,0.244111567735672,0.9416666626930237,0.17536064237356186,-0.04444444179534912,0.06875092536211014,0.9861111044883728
dense6,2704,0.001,6,3,010110,False,False,False,0.23212930560112,0.9305555820465088,0.16337838023900986,-0.055555522441864014,0.06875092536211014,0.9861111044883728
dense6,2704,0.001,6,3,010101,False,False,True,0.26481422781944275,0.9194444417953491,0.1960633024573326,-0.06666666269302368,0.06875092536211014,0.9861111044883728
dense6,2704,0.001,6,3,010011,False,False,False,0.4078790843486786,0.875,0.33912815898656845,-0.1111111044883728,0.06875092536211014,0.9861111044883728
dense6,2704,0.001,6,3,001110,False,False,False,0.23159369826316833,0.9361110925674438,0.1628427729010582,-0.050000011920928955,0.06875092536211014,0.9861111044883728
dense6,2704,0.001,6,3,001101,False,False,False,0.2717011570930481,0.9277777671813965,0.20295023173093796,-0.05833333730697632,0.06875092536211014,0.9861111044883728
dense6,2704,0.001,6,3,001011,False,False,False,0.37885889410972595,0.8916666507720947,0.3101079687476158,-0.09444445371627808,0.06875092536211014,0.9861111044883728
dense6,2704,0.001,6,3,000111,False,False,False,0.34333324432373047,0.8999999761581421,0.27458231896162033,-0.08611112833023071,0.06875092536211014,0.9861111044883728
dense6,2704,0.001,6,4,111100,True,True,False,0.0753251239657402,0.9833333492279053,0.006574198603630066,-0.0027777552604675293,0.06875092536211014,0.9861111044883728
dense6,2704,0.001,6,4,111010,False,True,False,0.08141984790563583,0.9861111044883728,0.012668922543525696,0.0,0.06875092536211014,0.9861111044883728
dense6,2704,0.001,6,4,111001,False,True,False,0.0873686820268631,0.9777777791023254,0.01861775666475296,-0.008333325386047363,0.06875092536211014,0.9861111044883728
dense6,2704,0.001,6,4,110110,False,True,False,0.08046896755695343,0.9833333492279053,0.011718042194843292,-0.0027777552604675293,0.06875092536211014,0.9861111044883728
dense6,2704,0.001,6,4,110101,False,True,False,0.09705972671508789,0.9750000238418579,0.028308801352977753,-0.011111080646514893,0.06875092536211014,0.9861111044883728
dense6,2704,0.001,6,4,110011,False,True,False,0.12405756860971451,0.9583333134651184,0.05530664324760437,-0.027777791023254395,0.06875092536211014,0.9861111044883728
dense6,2704,0.001,6,4,101110,False,True,False,0.1038917750120163,0.980555534362793,0.03514084964990616,-0.005555570125579834,0.06875092536211014,0.9861111044883728
dense6,2704,0.001,6,4,101101,False,True,False,0.09755337983369827,0.9750000238418579,0.028802454471588135,-0.011111080646514893,0.06875092536211014,0.9861111044883728
dense6,2704,0.001,6,4,101011,False,True,False,0.15581145882606506,0.9611111283302307,0.08706053346395493,-0.02499997615814209,0.06875092536211014,0.9861111044883728
dense6,2704,0.001,6,4,100111,False,True,False,0.14640098810195923,0.9555555582046509,0.07765006273984909,-0.030555546283721924,0.06875092536211014,0.9861111044883728
dense6,2704,0.001,6,4,011110,False,False,False,0.18813616037368774,0.9527778029441833,0.1193852350115776,-0.03333330154418945,0.06875092536211014,0.9861111044883728
dense6,2704,0.001,6,4,011101,False,False,False,0.20948325097560883,0.9416666626930237,0.1407323256134987,-0.04444444179534912,0.06875092536211014,0.9861111044883728
dense6,2704,0.001,6,4,011011,False,False,False,0.24121727049350739,0.9388889074325562,0.17246634513139725,-0.04722219705581665,0.06875092536211014,0.9861111044883728
dense6,2704,0.001,6,4,010111,False,False,False,0.24174772202968597,0.9277777671813965,0.17299679666757584,-0.05833333730697632,0.06875092536211014,0.9861111044883728
dense6,2704,0.001,6,4,001111,False,False,False,0.2679736316204071,0.9166666865348816,0.19922270625829697,-0.06944441795349121,0.06875092536211014,0.9861111044883728
dense6,2704,0.001,6,5,111110,True,True,False,0.06823216378688812,0.9861111044883728,-0.0005187615752220154,0.0,0.06875092536211014,0.9861111044883728
dense6,2704,0.001,6,5,111101,False,True,False,0.06866911053657532,0.9861111044883728,-8.181482553482056e-05,0.0,0.06875092536211014,0.9861111044883728
dense6,2704,0.001,6,5,111011,False,True,False,0.08273002505302429,0.980555534362793,0.013979099690914154,-0.005555570125579834,0.06875092536211014,0.9861111044883728
dense6,2704,0.001,6,5,110111,False,True,False,0.08601497858762741,0.9833333492279053,0.017264053225517273,-0.0027777552604675293,0.06875092536211014,0.9861111044883728
dense6,2704,0.001,6,5,101111,False,True,False,0.09819670021533966,0.980555534362793,0.029445774853229523,-0.005555570125579834,0.06875092536211014,0.9861111044883728
dense6,2704,0.001,6,5,011111,False,False,False,0.2120939940214157,0.9472222328186035,0.14334306865930557,-0.03888887166976929,0.06875092536211014,0.9861111044883728
dense6,2704,0.001,6,6,111111,True,True,False,0.06875092536211014,0.9861111044883728,0.0,0.0,0.06875092536211014,0.9861111044883728
constant_ild,2704,0.001,6,1,100000,True,True,False,0.23560687899589539,0.9611111283302307,0.1657310575246811,-0.02499997615814209,0.0698758214712143,0.9861111044883728
constant_ild,2704,0.001,6,1,010000,False,False,False,0.3503771126270294,0.9138888716697693,0.2805012911558151,-0.07222223281860352,0.0698758214712143,0.9861111044883728
constant_ild,2704,0.001,6,1,001000,False,False,False,0.31115996837615967,0.925000011920929,0.24128414690494537,-0.06111109256744385,0.0698758214712143,0.9861111044883728
constant_ild,2704,0.001,6,1,000100,False,False,False,0.3470337688922882,0.9111111164093018,0.2771579474210739,-0.07499998807907104,0.0698758214712143,0.9861111044883728
constant_ild,2704,0.001,6,1,000010,False,False,False,0.409574419260025,0.875,0.33969859778881073,-0.1111111044883728,0.0698758214712143,0.9861111044883728
constant_ild,2704,0.001,6,1,000001,False,False,False,0.36946651339530945,0.9055555462837219,0.29959069192409515,-0.08055555820465088,0.0698758214712143,0.9861111044883728
constant_ild,2704,0.001,6,2,110000,True,True,False,0.09030931442975998,0.9722222089767456,0.020433492958545685,-0.013888895511627197,0.0698758214712143,0.9861111044883728
constant_ild,2704,0.001,6,2,101000,False,True,False,0.0890035629272461,0.980555534362793,0.0191277414560318,-0.005555570125579834,0.0698758214712143,0.9861111044883728
constant_ild,2704,0.001,6,2,100100,False,True,False,0.09453126043081284,0.980555534362793,0.02465543895959854,-0.005555570125579834,0.0698758214712143,0.9861111044883728
constant_ild,2704,0.001,6,2,100010,False,True,False,0.10517758131027222,0.980555534362793,0.03530175983905792,-0.005555570125579834,0.0698758214712143,0.9861111044883728
constant_ild,2704,0.001,6,2,100001,False,True,False,0.10077040642499924,0.9777777791023254,0.030894584953784943,-0.008333325386047363,0.0698758214712143,0.9861111044883728
constant_ild,2704,0.001,6,2,011000,False,False,False,0.21344560384750366,0.9472222328186035,0.14356978237628937,-0.03888887166976929,0.0698758214712143,0.9861111044883728
constant_ild,2704,0.001,6,2,010100,False,False,False,0.23729528486728668,0.9333333373069763,0.1674194633960724,-0.052777767181396484,0.0698758214712143,0.9861111044883728
constant_ild,2704,0.001,6,2,010010,False,False,False,0.2708790600299835,0.9222221970558167,0.20100323855876923,-0.06388890743255615,0.0698758214712143,0.9861111044883728
constant_ild,2704,0.001,6,2,010001,False,False,False,0.24781499803066254,0.9277777671813965,0.17793917655944824,-0.05833333730697632,0.0698758214712143,0.9861111044883728
constant_ild,2704,0.001,6,2,001100,False,False,False,0.22057583928108215,0.9361110925674438,0.15070001780986786,-0.050000011920928955,0.0698758214712143,0.9861111044883728
constant_ild,2704,0.001,6,2,001010,False,False,False,0.24606013298034668,0.9277777671813965,0.17618431150913239,-0.05833333730697632,0.0698758214712143,0.9861111044883728
constant_ild,2704,0.001,6,2,001001,False,False,False,0.2337084263563156,0.9361110925674438,0.16383260488510132,-0.050000011920928955,0.0698758214712143,0.9861111044883728
constant_ild,2704,0.001,6,2,000110,False,False,False,0.26975709199905396,0.9166666865348816,0.19988127052783966,-0.06944441795349121,0.0698758214712143,0.9861111044883728
constant_ild,2704,0.001,6,2,000101,False,False,False,0.27500075101852417,0.9194444417953491,0.20512492954730988,-0.06666666269302368,0.0698758214712143,0.9861111044883728
constant_ild,2704,0.001,6,2,000011,False,False,False,0.32108938694000244,0.9055555462837219,0.25121356546878815,-0.08055555820465088,0.0698758214712143,0.9861111044883728
constant_ild,2704,0.001,6,3,111000,True,True,False,0.06715020537376404,0.980555534362793,-0.0027256160974502563,-0.005555570125579834,0.0698758214712143,0.9861111044883728
constant_ild,2704,0.001,6,3,110100,False,True,False,0.06993868947029114,0.9861111044883728,6.286799907684326e-05,0.0,0.0698758214712143,0.9861111044883728
constant_ild,2704,0.001,6,3,110010,False,True,False,0.07340463250875473,0.9861111044883728,0.003528811037540436,0.0,0.0698758214712143,0.9861111044883728
constant_ild,2704,0.001,6,3,110001,False,True,False,0.07138572633266449,0.9777777791023254,0.0015099048614501953,-0.008333325386047363,0.0698758214712143,0.9861111044883728
constant_ild,2704,0.001,6,3,101100,False,True,False,0.06834281980991364,0.9861111044883728,-0.0015330016613006592,0.0,0.0698758214712143,0.9861111044883728
constant_ild,2704,0.001,6,3,101010,False,True,True,0.07401734590530396,0.9833333492279053,0.004141524434089661,-0.0027777552604675293,0.0698758214712143,0.9861111044883728
constant_ild,2704,0.001,6,3,101001,False,True,False,0.06831474602222443,0.9861111044883728,-0.0015610754489898682,0.0,0.0698758214712143,0.9861111044883728
constant_ild,2704,0.001,6,3,100110,False,True,False,0.07598342001438141,0.980555534362793,0.006107598543167114,-0.005555570125579834,0.0698758214712143,0.9861111044883728
constant_ild,2704,0.001,6,3,100101,False,True,False,0.07607083022594452,0.9833333492279053,0.006195008754730225,-0.0027777552604675293,0.0698758214712143,0.9861111044883728
constant_ild,2704,0.001,6,3,100011,False,True,False,0.08738287538290024,0.980555534362793,0.017507053911685944,-0.005555570125579834,0.0698758214712143,0.9861111044883728
constant_ild,2704,0.001,6,3,011100,False,False,False,0.21629568934440613,0.9416666626930237,0.14641986787319183,-0.04444444179534912,0.0698758214712143,0.9861111044883728
constant_ild,2704,0.001,6,3,011010,False,False,False,0.22838447988033295,0.9388889074325562,0.15850865840911865,-0.04722219705581665,0.0698758214712143,0.9861111044883728
constant_ild,2704,0.001,6,3,011001,False,False,False,0.2147183120250702,0.9388889074325562,0.1448424905538559,-0.04722219705581665,0.0698758214712143,0.9861111044883728
constant_ild,2704,0.001,6,3,010110,False,False,False,0.22706086933612823,0.9333333373069763,0.15718504786491394,-0.052777767181396484,0.0698758214712143,0.9861111044883728
constant_ild,2704,0.001,6,3,010101,False,False,True,0.2312096655368805,0.9361110925674438,0.1613338440656662,-0.050000011920928955,0.0698758214712143,0.9861111044883728
constant_ild,2704,0.001,6,3,010011,False,False,False,0.26464512944221497,0.9222221970558167,0.19476930797100067,-0.06388890743255615,0.0698758214712143,0.9861111044883728
constant_ild,2704,0.001,6,3,001110,False,False,False,0.22241990268230438,0.9277777671813965,0.1525440812110901,-0.05833333730697632,0.0698758214712143,0.9861111044883728
constant_ild,2704,0.001,6,3,001101,False,False,False,0.22509430348873138,0.9305555820465088,0.1552184820175171,-0.055555522441864014,0.0698758214712143,0.9861111044883728
constant_ild,2704,0.001,6,3,001011,False,False,False,0.24763713777065277,0.9277777671813965,0.17776131629943848,-0.05833333730697632,0.0698758214712143,0.9861111044883728
constant_ild,2704,0.001,6,3,000111,False,False,False,0.2709818184375763,0.9166666865348816,0.201105996966362,-0.06944441795349121,0.0698758214712143,0.9861111044883728
constant_ild,2704,0.001,6,4,111100,True,True,False,0.06579001247882843,0.9888888597488403,-0.004085808992385864,0.0027777552604675293,0.0698758214712143,0.9861111044883728
constant_ild,2704,0.001,6,4,111010,False,True,False,0.06835437566041946,0.9861111044883728,-0.0015214458107948303,0.0,0.0698758214712143,0.9861111044883728
constant_ild,2704,0.001,6,4,111001,False,True,False,0.06684625148773193,0.9833333492279053,-0.003029569983482361,-0.0027777552604675293,0.0698758214712143,0.9861111044883728
constant_ild,2704,0.001,6,4,110110,False,True,False,0.07058399170637131,0.9861111044883728,0.0007081702351570129,0.0,0.0698758214712143,0.9861111044883728
constant_ild,2704,0.001,6,4,110101,False,True,False,0.07043280452489853,0.9861111044883728,0.0005569830536842346,0.0,0.0698758214712143,0.9861111044883728
constant_ild,2704,0.001,6,4,110011,False,True,False,0.07335130870342255,0.9861111044883728,0.003475487232208252,0.0,0.0698758214712143,0.9861111044883728
constant_ild,2704,0.001,6,4,101110,False,True,False,0.06758391112089157,0.9861111044883728,-0.0022919103503227234,0.0,0.0698758214712143,0.9861111044883728
constant_ild,2704,0.001,6,4,101101,False,True,False,0.0655825063586235,0.9861111044883728,-0.00429331511259079,0.0,0.0698758214712143,0.9861111044883728
constant_ild,2704,0.001,6,4,101011,False,True,False,0.07129069417715073,0.9861111044883728,0.0014148727059364319,0.0,0.0698758214712143,0.9861111044883728
constant_ild,2704,0.001,6,4,100111,False,True,False,0.07453659921884537,0.980555534362793,0.004660777747631073,-0.005555570125579834,0.0698758214712143,0.9861111044883728
constant_ild,2704,0.001,6,4,011110,False,False,False,0.23664811253547668,0.9472222328186035,0.1667722910642624,-0.03888887166976929,0.0698758214712143,0.9861111044883728
constant_ild,2704,0.001,6,4,011101,False,False,False,0.23244746029376984,0.949999988079071,0.16257163882255554,-0.03611111640930176,0.0698758214712143,0.9861111044883728
constant_ild,2704,0.001,6,4,011011,False,False,False,0.24463190138339996,0.9361110925674438,0.17475607991218567,-0.050000011920928955,0.0698758214712143,0.9861111044883728
constant_ild,2704,0.001,6,4,010111,False,False,False,0.23700527846813202,0.9388889074325562,0.16712945699691772,-0.04722219705581665,0.0698758214712143,0.9861111044883728
constant_ild,2704,0.001,6,4,001111,False,False,False,0.23869499564170837,0.9305555820465088,0.16881917417049408,-0.055555522441864014,0.0698758214712143,0.9861111044883728
constant_ild,2704,0.001,6,5,111110,True,True,False,0.06802523136138916,0.9888888597488403,-0.0018505901098251343,0.0027777552604675293,0.0698758214712143,0.9861111044883728
constant_ild,2704,0.001,6,5,111101,False,True,False,0.06759262084960938,0.9861111044883728,-0.0022832006216049194,0.0,0.0698758214712143,0.9861111044883728
constant_ild,2704,0.001,6,5,111011,False,True,False,0.07020208984613419,0.9888888597488403,0.00032626837491989136,0.0027777552604675293,0.0698758214712143,0.9861111044883728
constant_ild,2704,0.001,6,5,110111,False,True,False,0.07264597713947296,0.9861111044883728,0.002770155668258667,0.0,0.0698758214712143,0.9861111044883728
constant_ild,2704,0.001,6,5,101111,False,True,False,0.06801045686006546,0.9888888597488403,-0.0018653646111488342,0.0027777552604675293,0.0698758214712143,0.9861111044883728
constant_ild,2704,0.001,6,5,011111,False,False,False,0.253532737493515,0.9444444179534912,0.18365691602230072,-0.04166668653488159,0.0698758214712143,0.9861111044883728
constant_ild,2704,0.001,6,6,111111,True,True,False,0.0698758214712143,0.9861111044883728,0.0,0.0,0.0698758214712143,0.9861111044883728
decreasing_ild,2704,0.001,6,1,100000,True,True,False,0.16930098831653595,0.9611111283302307,0.1037178486585617,-0.02777773141860962,0.06558313965797424,0.9888888597488403
decreasing_ild,2704,0.001,6,1,010000,False,False,False,0.30175814032554626,0.9083333611488342,0.23617500066757202,-0.0805554986000061,0.06558313965797424,0.9888888597488403
decreasing_ild,2704,0.001,6,1,001000,False,False,False,0.2710041105747223,0.9305555820465088,0.20542097091674805,-0.05833327770233154,0.06558313965797424,0.9888888597488403
decreasing_ild,2704,0.001,6,1,000100,False,False,False,0.3191450536251068,0.925000011920929,0.25356191396713257,-0.06388884782791138,0.06558313965797424,0.9888888597488403
decreasing_ild,2704,0.001,6,1,000010,False,False,False,0.41501468420028687,0.8777777552604675,0.3494315445423126,-0.1111111044883728,0.06558313965797424,0.9888888597488403
decreasing_ild,2704,0.001,6,1,000001,False,False,False,0.4047117829322815,0.9027777910232544,0.33912864327430725,-0.08611106872558594,0.06558313965797424,0.9888888597488403
decreasing_ild,2704,0.001,6,2,110000,True,True,False,0.07741385698318481,0.980555534362793,0.011830717325210571,-0.008333325386047363,0.06558313965797424,0.9888888597488403
decreasing_ild,2704,0.001,6,2,101000,False,True,False,0.08210714906454086,0.980555534362793,0.01652400940656662,-0.008333325386047363,0.06558313965797424,0.9888888597488403
decreasing_ild,2704,0.001,6,2,100100,False,True,False,0.09094566851854324,0.9750000238418579,0.025362528860569,-0.013888835906982422,0.06558313965797424,0.9888888597488403
decreasing_ild,2704,0.001,6,2,100010,False,True,False,0.10448876768350601,0.9750000238418579,0.03890562802553177,-0.013888835906982422,0.06558313965797424,0.9888888597488403
decreasing_ild,2704,0.001,6,2,100001,False,True,False,0.10722534358501434,0.9694444537162781,0.0416422039270401,-0.019444406032562256,0.06558313965797424,0.9888888597488403
decreasing_ild,2704,0.001,6,2,011000,False,False,False,0.21165291965007782,0.9388889074325562,0.14606977999210358,-0.04999995231628418,0.06558313965797424,0.9888888597488403
decreasing_ild,2704,0.001,6,2,010100,False,False,False,0.24066919088363647,0.925000011920929,0.17508605122566223,-0.06388884782791138,0.06558313965797424,0.9888888597488403
decreasing_ild,2704,0.001,6,2,010010,False,False,False,0.2734389901161194,0.9083333611488342,0.20785585045814514,-0.0805554986000061,0.06558313965797424,0.9888888597488403
decreasing_ild,2704,0.001,6,2,010001,False,False,False,0.2604604959487915,0.9166666865348816,0.19487735629081726,-0.07222217321395874,0.06558313965797424,0.9888888597488403
decreasing_ild,2704,0.001,6,2,001100,False,False,False,0.21106480062007904,0.9416666626930237,0.1454816609621048,-0.04722219705581665,0.06558313965797424,0.9888888597488403
decreasing_ild,2704,0.001,6,2,001010,False,False,False,0.23812274634838104,0.9416666626930237,0.1725396066904068,-0.04722219705581665,0.06558313965797424,0.9888888597488403
decreasing_ild,2704,0.001,6,2,001001,False,False,False,0.22861097753047943,0.9416666626930237,0.1630278378725052,-0.04722219705581665,0.06558313965797424,0.9888888597488403
decreasing_ild,2704,0.001,6,2,000110,False,False,False,0.2572849988937378,0.9166666865348816,0.19170185923576355,-0.07222217321395874,0.06558313965797424,0.9888888597488403
decreasing_ild,2704,0.001,6,2,000101,False,False,False,0.26469436287879944,0.9222221970558167,0.1991112232208252,-0.06666666269302368,0.06558313965797424,0.9888888597488403
decreasing_ild,2704,0.001,6,2,000011,False,False,False,0.34359341859817505,0.8972222208976746,0.2780102789402008,-0.09166663885116577,0.06558313965797424,0.9888888597488403
decreasing_ild,2704,0.001,6,3,111000,True,True,False,0.06256693601608276,0.9861111044883728,-0.0030162036418914795,-0.0027777552604675293,0.06558313965797424,0.9888888597488403
decreasing_ild,2704,0.001,6,3,110100,False,True,False,0.06842920184135437,0.980555534362793,0.002846062183380127,-0.008333325386047363,0.06558313965797424,0.9888888597488403
decreasing_ild,2704,0.001,6,3,110010,False,True,False,0.07173708081245422,0.980555534362793,0.0061539411544799805,-0.008333325386047363,0.06558313965797424,0.9888888597488403
decreasing_ild,2704,0.001,6,3,110001,False,True,False,0.07146072387695312,0.9777777791023254,0.005877584218978882,-0.011111080646514893,0.06558313965797424,0.9888888597488403
decreasing_ild,2704,0.001,6,3,101100,False,True,False,0.07290352880954742,0.980555534362793,0.007320389151573181,-0.008333325386047363,0.06558313965797424,0.9888888597488403
decreasing_ild,2704,0.001,6,3,101010,False,True,True,0.07872992008924484,0.980555534362793,0.0131467804312706,-0.008333325386047363,0.06558313965797424,0.9888888597488403
decreasing_ild,2704,0.001,6,3,101001,False,True,False,0.07299559563398361,0.980555534362793,0.007412455976009369,-0.008333325386047363,0.06558313965797424,0.9888888597488403
decreasing_ild,2704,0.001,6,3,100110,False,True,False,0.07679189741611481,0.980555534362793,0.011208757758140564,-0.008333325386047363,0.06558313965797424,0.9888888597488403
decreasing_ild,2704,0.001,6,3,100101,False,True,False,0.07897862792015076,0.980555534362793,0.013395488262176514,-0.008333325386047363,0.06558313965797424,0.9888888597488403
decreasing_ild,2704,0.001,6,3,100011,False,True,False,0.09047409892082214,0.9777777791023254,0.0248909592628479,-0.011111080646514893,0.06558313965797424,0.9888888597488403
decreasing_ild,2704,0.001,6,3,011100,False,False,False,0.22114764153957367,0.9388889074325562,0.15556450188159943,-0.04999995231628418,0.06558313965797424,0.9888888597488403
decreasing_ild,2704,0.001,6,3,011010,False,False,False,0.23074084520339966,0.9361110925674438,0.16515770554542542,-0.052777767181396484,0.06558313965797424,0.9888888597488403
decreasing_ild,2704,0.001,6,3,011001,False,False,False,0.21686100959777832,0.9361110925674438,0.15127786993980408,-0.052777767181396484,0.06558313965797424,0.9888888597488403
decreasing_ild,2704,0.001,6,3,010110,False,False,False,0.2405323088169098,0.9305555820465088,0.17494916915893555,-0.05833327770233154,0.06558313965797424,0.9888888597488403
decreasing_ild,2704,0.001,6,3,010101,False,False,True,0.24458788335323334,0.9305555820465088,0.1790047436952591,-0.05833327770233154,0.06558313965797424,0.9888888597488403
decreasing_ild,2704,0.001,6,3,010011,False,False,False,0.27723127603530884,0.9083333611488342,0.2116481363773346,-0.0805554986000061,0.06558313965797424,0.9888888597488403
decreasing_ild,2704,0.001,6,3,001110,False,False,False,0.211851105093956,0.9361110925674438,0.14626796543598175,-0.052777767181396484,0.06558313965797424,0.9888888597488403
decreasing_ild,2704,0.001,6,3,001101,False,False,False,0.2108282744884491,0.9416666626930237,0.14524513483047485,-0.04722219705581665,0.06558313965797424,0.9888888597488403
decreasing_ild,2704,0.001,6,3,001011,False,False,False,0.23631174862384796,0.9333333373069763,0.17072860896587372,-0.055555522441864014,0.06558313965797424,0.9888888597488403
decreasing_ild,2704,0.001,6,3,000111,False,False,False,0.2522558569908142,0.9138888716697693,0.18667271733283997,-0.07499998807907104,0.06558313965797424,0.9888888597488403
decreasing_ild,2704,0.001,6,4,111100,True,True,False,0.06302190572023392,0.9888888597488403,-0.002561233937740326,0.0,0.06558313965797424,0.9888888597488403
decreasing_ild,2704,0.001,6,4,111010,False,True,False,0.06485319137573242,0.9861111044883728,-0.0007299482822418213,-0.0027777552604675293,0.06558313965797424,0.9888888597488403
decreasing_ild,2704,0.001,6,4,111001,False,True,False,0.06304177641868591,0.9861111044883728,-0.00254136323928833,-0.0027777552604675293,0.06558313965797424,0.9888888597488403
decreasing_ild,2704,0.001,6,4,110110,False,True,False,0.06849474459886551,0.9861111044883728,0.002911604940891266,-0.0027777552604675293,0.06558313965797424,0.9888888597488403
decreasing_ild,2704,0.001,6,4,110101,False,True,False,0.06864006072282791,0.9833333492279053,0.003056921064853668,-0.005555510520935059,0.06558313965797424,0.9888888597488403
decreasing_ild,2704,0.001,6,4,110011,False,True,False,0.07220803946256638,0.980555534362793,0.006624899804592133,-0.008333325386047363,0.06558313965797424,0.9888888597488403
decreasing_ild,2704,0.001,6,4,101110,False,True,False,0.07326482236385345,0.980555534362793,0.007681682705879211,-0.008333325386047363,0.06558313965797424,0.9888888597488403
decreasing_ild,2704,0.001,6,4,101101,False,True,False,0.07101103663444519,0.9833333492279053,0.005427896976470947,-0.005555510520935059,0.06558313965797424,0.9888888597488403
decreasing_ild,2704,0.001,6,4,101011,False,True,False,0.07546894997358322,0.980555534362793,0.009885810315608978,-0.008333325386047363,0.06558313965797424,0.9888888597488403
decreasing_ild,2704,0.001,6,4,100111,False,True,False,0.07306492328643799,0.9833333492279053,0.007481783628463745,-0.005555510520935059,0.06558313965797424,0.9888888597488403
decreasing_ild,2704,0.001,6,4,011110,False,False,False,0.23682889342308044,0.9416666626930237,0.1712457537651062,-0.04722219705581665,0.06558313965797424,0.9888888597488403
decreasing_ild,2704,0.001,6,4,011101,False,False,False,0.23248864710330963,0.9416666626930237,0.1669055074453354,-0.04722219705581665,0.06558313965797424,0.9888888597488403
decreasing_ild,2704,0.001,6,4,011011,False,False,False,0.24201950430870056,0.9361110925674438,0.17643636465072632,-0.052777767181396484,0.06558313965797424,0.9888888597488403
decreasing_ild,2704,0.001,6,4,010111,False,False,False,0.25193217396736145,0.9277777671813965,0.1863490343093872,-0.06111109256744385,0.06558313965797424,0.9888888597488403
decreasing_ild,2704,0.001,6,4,001111,False,False,False,0.21911826729774475,0.9361110925674438,0.1535351276397705,-0.052777767181396484,0.06558313965797424,0.9888888597488403
decreasing_ild,2704,0.001,6,5,111110,True,True,False,0.06466937810182571,0.9888888597488403,-0.000913761556148529,0.0,0.06558313965797424,0.9888888597488403
decreasing_ild,2704,0.001,6,5,111101,False,True,False,0.06394191086292267,0.9888888597488403,-0.0016412287950515747,0.0,0.06558313965797424,0.9888888597488403
decreasing_ild,2704,0.001,6,5,111011,False,True,False,0.06581952422857285,0.9861111044883728,0.0002363845705986023,-0.0027777552604675293,0.06558313965797424,0.9888888597488403
decreasing_ild,2704,0.001,6,5,110111,False,True,False,0.06960481405258179,0.9861111044883728,0.004021674394607544,-0.0027777552604675293,0.06558313965797424,0.9888888597488403
decreasing_ild,2704,0.001,6,5,101111,False,True,False,0.07241182774305344,0.980555534362793,0.006828688085079193,-0.008333325386047363,0.06558313965797424,0.9888888597488403
decreasing_ild,2704,0.001,6,5,011111,False,False,False,0.24790973961353302,0.9416666626930237,0.18232659995555878,-0.04722219705581665,0.06558313965797424,0.9888888597488403
decreasing_ild,2704,0.001,6,6,111111,True,True,False,0.06558313965797424,0.9888888597488403,0.0,0.0,0.06558313965797424,0.9888888597488403
dense3,2704,0.001,3,1,100,True,True,False,0.26154547929763794,0.949999988079071,0.193443201482296,-0.03611111640930176,0.06810227781534195,0.9861111044883728
dense3,2704,0.001,3,1,010,False,False,True,0.3794485330581665,0.8888888955116272,0.31134625524282455,-0.0972222089767456,0.06810227781534195,0.9861111044883728
dense3,2704,0.001,3,1,001,False,False,False,0.3444303870201111,0.9027777910232544,0.27632810920476913,-0.08333331346511841,0.06810227781534195,0.9861111044883728
dense3,2704,0.001,3,2,110,True,True,False,0.09154675900936127,0.9722222089767456,0.023444481194019318,-0.013888895511627197,0.06810227781534195,0.9861111044883728
dense3,2704,0.001,3,2,101,False,True,True,0.12842148542404175,0.9777777791023254,0.0603192076086998,-0.008333325386047363,0.06810227781534195,0.9861111044883728
dense3,2704,0.001,3,2,011,False,False,False,0.28380244970321655,0.9194444417953491,0.2157001718878746,-0.06666666269302368,0.06810227781534195,0.9861111044883728
dense3,2704,0.001,3,3,111,True,True,False,0.06810227781534195,0.9861111044883728,0.0,0.0,0.06810227781534195,0.9861111044883728
dense6,2705,0.001,6,1,100000,True,True,False,0.747029185295105,0.8388888835906982,0.6779754012823105,-0.14444446563720703,0.0690537840127945,0.9833333492279053
dense6,2705,0.001,6,1,010000,False,False,False,0.7722876667976379,0.8083333373069763,0.7032338827848434,-0.17500001192092896,0.0690537840127945,0.9833333492279053
dense6,2705,0.001,6,1,001000,False,False,False,0.6855711340904236,0.8388888835906982,0.6165173500776291,-0.14444446563720703,0.0690537840127945,0.9833333492279053
dense6,2705,0.001,6,1,000100,False,False,False,0.7466456294059753,0.800000011920929,0.6775918453931808,-0.18333333730697632,0.0690537840127945,0.9833333492279053
dense6,2705,0.001,6,1,000010,False,False,False,0.8585426211357117,0.7138888835906982,0.7894888371229172,-0.26944446563720703,0.0690537840127945,0.9833333492279053
dense6,2705,0.001,6,1,000001,False,False,False,0.8405143618583679,0.7444444298744202,0.7714605778455734,-0.2388889193534851,0.0690537840127945,0.9833333492279053
dense6,2705,0.001,6,2,110000,True,True,False,0.34415411949157715,0.9416666626930237,0.27510033547878265,-0.04166668653488159,0.0690537840127945,0.9833333492279053
dense6,2705,0.001,6,2,101000,False,True,False,0.2728531062602997,0.9472222328186035,0.2037993222475052,-0.03611111640930176,0.0690537840127945,0.9833333492279053
dense6,2705,0.001,6,2,100100,False,True,False,0.29614678025245667,0.9361110925674438,0.22709299623966217,-0.047222256660461426,0.0690537840127945,0.9833333492279053
dense6,2705,0.001,6,2,100010,False,True,False,0.32587915658950806,0.9138888716697693,0.25682537257671356,-0.06944447755813599,0.0690537840127945,0.9833333492279053
dense6,2705,0.001,6,2,100001,False,True,False,0.28808289766311646,0.9277777671813965,0.21902911365032196,-0.05555558204650879,0.0690537840127945,0.9833333492279053
dense6,2705,0.001,6,2,011000,False,False,False,0.3522093594074249,0.8972222208976746,0.28315557539463043,-0.08611112833023071,0.0690537840127945,0.9833333492279053
dense6,2705,0.001,6,2,010100,False,False,False,0.3195975422859192,0.9111111164093018,0.2505437582731247,-0.07222223281860352,0.0690537840127945,0.9833333492279053
dense6,2705,0.001,6,2,010010,False,False,False,0.3754611015319824,0.8861111402511597,0.3064073175191879,-0.0972222089767456,0.0690537840127945,0.9833333492279053
dense6,2705,0.001,6,2,010001,False,False,False,0.3406621813774109,0.9055555462837219,0.2716083973646164,-0.07777780294418335,0.0690537840127945,0.9833333492279053
dense6,2705,0.001,6,2,001100,False,False,False,0.3930785357952118,0.8833333253860474,0.3240247517824173,-0.10000002384185791,0.0690537840127945,0.9833333492279053
dense6,2705,0.001,6,2,001010,False,False,False,0.5203425288200378,0.8361111283302307,0.45128874480724335,-0.14722222089767456,0.0690537840127945,0.9833333492279053
dense6,2705,0.001,6,2,001001,False,False,False,0.5029808282852173,0.8583333492279053,0.4339270442724228,-0.125,0.0690537840127945,0.9833333492279053
dense6,2705,0.001,6,2,000110,False,False,False,0.6042184829711914,0.8138889074325562,0.5351646989583969,-0.16944444179534912,0.0690537840127945,0.9833333492279053
dense6,2705,0.001,6,2,000101,False,False,False,0.49241378903388977,0.855555534362793,0.4233600050210953,-0.1277778148651123,0.0690537840127945,0.9833333492279053
dense6,2705,0.001,6,2,000011,False,False,False,0.7324296832084656,0.7805555462837219,0.6633758991956711,-0.20277780294418335,0.0690537840127945,0.9833333492279053
dense6,2705,0.001,6,3,111000,True,True,False,0.12764433026313782,0.9694444537162781,0.05859054625034332,-0.013888895511627197,0.0690537840127945,0.9833333492279053
dense6,2705,0.001,6,3,110100,False,True,False,0.13083040714263916,0.9638888835906982,0.061776623129844666,-0.01944446563720703,0.0690537840127945,0.9833333492279053
dense6,2705,0.001,6,3,110010,False,True,False,0.14876993000507355,0.949999988079071,0.07971614599227905,-0.03333336114883423,0.0690537840127945,0.9833333492279053
dense6,2705,0.001,6,3,110001,False,True,False,0.12309770286083221,0.9750000238418579,0.05404391884803772,-0.008333325386047363,0.0690537840127945,0.9833333492279053
dense6,2705,0.001,6,3,101100,False,True,False,0.14120705425739288,0.9611111283302307,0.07215327024459839,-0.02222222089767456,0.0690537840127945,0.9833333492279053
dense6,2705,0.001,6,3,101010,False,True,True,0.17812742292881012,0.9472222328186035,0.10907363891601562,-0.03611111640930176,0.0690537840127945,0.9833333492279053
dense6,2705,0.001,6,3,101001,False,True,False,0.160313680768013,0.9583333134651184,0.0912598967552185,-0.025000035762786865,0.0690537840127945,0.9833333492279053
dense6,2705,0.001,6,3,100110,False,True,False,0.19599416851997375,0.9416666626930237,0.12694038450717926,-0.04166668653488159,0.0690537840127945,0.9833333492279053
dense6,2705,0.001,6,3,100101,False,True,False,0.14470957219600677,0.9611111283302307,0.07565578818321228,-0.02222222089767456,0.0690537840127945,0.9833333492279053
dense6,2705,0.001,6,3,100011,False,True,False,0.25080859661102295,0.9194444417953491,0.18175481259822845,-0.06388890743255615,0.0690537840127945,0.9833333492279053
dense6,2705,0.001,6,3,011100,False,False,False,0.22056244313716888,0.9333333373069763,0.1515086591243744,-0.050000011920928955,0.0690537840127945,0.9833333492279053
dense6,2705,0.001,6,3,011010,False,False,False,0.2794993817806244,0.9111111164093018,0.2104455977678299,-0.07222223281860352,0.0690537840127945,0.9833333492279053
dense6,2705,0.001,6,3,011001,False,False,False,0.25034385919570923,0.9305555820465088,0.18129007518291473,-0.052777767181396484,0.0690537840127945,0.9833333492279053
dense6,2705,0.001,6,3,010110,False,False,False,0.2549515962600708,0.9222221970558167,0.1858978122472763,-0.06111115217208862,0.0690537840127945,0.9833333492279053
dense6,2705,0.001,6,3,010101,False,False,True,0.21931561827659607,0.9305555820465088,0.15026183426380157,-0.052777767181396484,0.0690537840127945,0.9833333492279053
dense6,2705,0.001,6,3,010011,False,False,False,0.3167097866535187,0.9083333611488342,0.24765600264072418,-0.07499998807907104,0.0690537840127945,0.9833333492279053
dense6,2705,0.001,6,3,001110,False,False,False,0.42877280712127686,0.875,0.35971902310848236,-0.10833334922790527,0.0690537840127945,0.9833333492279053
dense6,2705,0.001,6,3,001101,False,False,False,0.3800368010997772,0.8805555701255798,0.3109830170869827,-0.10277777910232544,0.0690537840127945,0.9833333492279053
dense6,2705,0.001,6,3,001011,False,False,False,0.5919660925865173,0.8388888835906982,0.5229123085737228,-0.14444446563720703,0.0690537840127945,0.9833333492279053
dense6,2705,0.001,6,3,000111,False,False,False,0.6009383201599121,0.824999988079071,0.5318845361471176,-0.15833336114883423,0.0690537840127945,0.9833333492279053
dense6,2705,0.001,6,4,111100,True,True,False,0.0797882229089737,0.9777777791023254,0.0107344388961792,-0.005555570125579834,0.0690537840127945,0.9833333492279053
dense6,2705,0.001,6,4,111010,False,True,False,0.08591926842927933,0.980555534362793,0.016865484416484833,-0.0027778148651123047,0.0690537840127945,0.9833333492279053
dense6,2705,0.001,6,4,111001,False,True,False,0.07645569741725922,0.9833333492279053,0.007401913404464722,0.0,0.0690537840127945,0.9833333492279053
dense6,2705,0.001,6,4,110110,False,True,False,0.08536803722381592,0.9722222089767456,0.016314253211021423,-0.011111140251159668,0.0690537840127945,0.9833333492279053
dense6,2705,0.001,6,4,110101,False,True,False,0.06907304376363754,0.9861111044883728,1.9259750843048096e-05,0.0027777552604675293,0.0690537840127945,0.9833333492279053
dense6,2705,0.001,6,4,110011,False,True,False,0.10622300952672958,0.9722222089767456,0.03716922551393509,-0.011111140251159668,0.0690537840127945,0.9833333492279053
dense6,2705,0.001,6,4,101110,False,True,False,0.13239483535289764,0.9638888835906982,0.06334105134010315,-0.01944446563720703,0.0690537840127945,0.9833333492279053
dense6,2705,0.001,6,4,101101,False,True,False,0.09946013242006302,0.9694444537162781,0.030406348407268524,-0.013888895511627197,0.0690537840127945,0.9833333492279053
dense6,2705,0.001,6,4,101011,False,True,False,0.18140366673469543,0.949999988079071,0.11234988272190094,-0.03333336114883423,0.0690537840127945,0.9833333492279053
dense6,2705,0.001,6,4,100111,False,True,False,0.15456821024417877,0.949999988079071,0.08551442623138428,-0.03333336114883423,0.0690537840127945,0.9833333492279053
dense6,2705,0.001,6,4,011110,False,False,False,0.2334519922733307,0.9305555820465088,0.1643982082605362,-0.052777767181396484,0.0690537840127945,0.9833333492279053
dense6,2705,0.001,6,4,011101,False,False,False,0.20148110389709473,0.9388889074325562,0.13242731988430023,-0.04444444179534912,0.0690537840127945,0.9833333492279053
dense6,2705,0.001,6,4,011011,False,False,False,0.2926684617996216,0.9194444417953491,0.2236146777868271,-0.06388890743255615,0.0690537840127945,0.9833333492279053
dense6,2705,0.001,6,4,010111,False,False,False,0.2469640076160431,0.925000011920929,0.1779102236032486,-0.05833333730697632,0.0690537840127945,0.9833333492279053
dense6,2705,0.001,6,4,001111,False,False,False,0.4913186728954315,0.8722222447395325,0.422264888882637,-0.1111111044883728,0.0690537840127945,0.9833333492279053
dense6,2705,0.001,6,5,111110,True,True,False,0.07191161811351776,0.9833333492279053,0.0028578341007232666,0.0,0.0690537840127945,0.9833333492279053
dense6,2705,0.001,6,5,111101,False,True,False,0.06633158773183823,0.9861111044883728,-0.0027221962809562683,0.0027777552604675293,0.0690537840127945,0.9833333492279053
dense6,2705,0.001,6,5,111011,False,True,False,0.08041553199291229,0.9833333492279053,0.011361747980117798,0.0,0.0690537840127945,0.9833333492279053
dense6,2705,0.001,6,5,110111,False,True,False,0.06735233962535858,0.9833333492279053,-0.001701444387435913,0.0,0.0690537840127945,0.9833333492279053
dense6,2705,0.001,6,5,101111,False,True,False,0.1272486001253128,0.9694444537162781,0.05819481611251831,-0.013888895511627197,0.0690537840127945,0.9833333492279053
dense6,2705,0.001,6,5,011111,False,False,False,0.24652637541294098,0.9333333373069763,0.17747259140014648,-0.050000011920928955,0.0690537840127945,0.9833333492279053
dense6,2705,0.001,6,6,111111,True,True,False,0.0690537840127945,0.9833333492279053,0.0,0.0,0.0690537840127945,0.9833333492279053
constant_ild,2705,0.001,6,1,100000,True,True,False,0.2712912857532501,0.9611111283302307,0.20924213156104088,-0.02499997615814209,0.062049154192209244,0.9861111044883728
constant_ild,2705,0.001,6,1,010000,False,False,False,0.4025406241416931,0.8972222208976746,0.34049146994948387,-0.08888888359069824,0.062049154192209244,0.9861111044883728
constant_ild,2705,0.001,6,1,001000,False,False,False,0.3992272615432739,0.875,0.3371781073510647,-0.1111111044883728,0.062049154192209244,0.9861111044883728
constant_ild,2705,0.001,6,1,000100,False,False,False,0.45948660373687744,0.8638888597488403,0.3974374495446682,-0.12222224473953247,0.062049154192209244,0.9861111044883728
constant_ild,2705,0.001,6,1,000010,False,False,False,0.5534278154373169,0.8138889074325562,0.49137866124510765,-0.17222219705581665,0.062049154192209244,0.9861111044883728
constant_ild,2705,0.001,6,1,000001,False,False,False,0.6125290989875793,0.824999988079071,0.5504799447953701,-0.16111111640930176,0.062049154192209244,0.9861111044883728
constant_ild,2705,0.001,6,2,110000,True,True,False,0.08574634790420532,0.9861111044883728,0.02369719371199608,0.0,0.062049154192209244,0.9861111044883728
constant_ild,2705,0.001,6,2,101000,False,True,False,0.09155519306659698,0.9750000238418579,0.02950603887438774,-0.011111080646514893,0.062049154192209244,0.9861111044883728
constant_ild,2705,0.001,6,2,100100,False,True,False,0.09041567891836166,0.980555534362793,0.02836652472615242,-0.005555570125579834,0.062049154192209244,0.9861111044883728
constant_ild,2705,0.001,6,2,100010,False,True,False,0.11229590326547623,0.9694444537162781,0.05024674907326698,-0.016666650772094727,0.062049154192209244,0.9861111044883728
constant_ild,2705,0.001,6,2,100001,False,True,False,0.12434422224760056,0.9750000238418579,0.06229506805539131,-0.011111080646514893,0.062049154192209244,0.9861111044883728
constant_ild,2705,0.001,6,2,011000,False,False,False,0.27539968490600586,0.9138888716697693,0.21335053071379662,-0.07222223281860352,0.062049154192209244,0.9861111044883728
constant_ild,2705,0.001,6,2,010100,False,False,False,0.24793294072151184,0.9222221970558167,0.1858837865293026,-0.06388890743255615,0.062049154192209244,0.9861111044883728
constant_ild,2705,0.001,6,2,010010,False,False,False,0.27604278922080994,0.9083333611488342,0.2139936350286007,-0.07777774333953857,0.062049154192209244,0.9861111044883728
constant_ild,2705,0.001,6,2,010001,False,False,False,0.31046798825263977,0.9055555462837219,0.24841883406043053,-0.08055555820465088,0.062049154192209244,0.9861111044883728
constant_ild,2705,0.001,6,2,001100,False,False,False,0.2969510555267334,0.9083333611488342,0.23490190133452415,-0.07777774333953857,0.062049154192209244,0.9861111044883728
constant_ild,2705,0.001,6,2,001010,False,False,False,0.32569339871406555,0.8999999761581421,0.2636442445218563,-0.08611112833023071,0.062049154192209244,0.9861111044883728
constant_ild,2705,0.001,6,2,001001,False,False,False,0.3465818166732788,0.8999999761581421,0.28453266248106956,-0.08611112833023071,0.062049154192209244,0.9861111044883728
constant_ild,2705,0.001,6,2,000110,False,False,False,0.3467135727405548,0.8833333253860474,0.28466441854834557,-0.10277777910232544,0.062049154192209244,0.9861111044883728
constant_ild,2705,0.001,6,2,000101,False,False,False,0.3674643635749817,0.8833333253860474,0.30541520938277245,-0.10277777910232544,0.062049154192209244,0.9861111044883728
constant_ild,2705,0.001,6,2,000011,False,False,False,0.45259934663772583,0.8583333492279053,0.3905501924455166,-0.12777775526046753,0.062049154192209244,0.9861111044883728
constant_ild,2705,0.001,6,3,111000,True,True,False,0.059372320771217346,0.9888888597488403,-0.0026768334209918976,0.0027777552604675293,0.062049154192209244,0.9861111044883728
constant_ild,2705,0.001,6,3,110100,False,True,False,0.05762261897325516,0.9888888597488403,-0.004426535218954086,0.0027777552604675293,0.062049154192209244,0.9861111044883728
constant_ild,2705,0.001,6,3,110010,False,True,False,0.06624007970094681,0.9833333492279053,0.004190925508737564,-0.0027777552604675293,0.062049154192209244,0.9861111044883728
constant_ild,2705,0.001,6,3,110001,False,True,False,0.06522288173437119,0.9888888597488403,0.0031737275421619415,0.0027777552604675293,0.062049154192209244,0.9861111044883728
constant_ild,2705,0.001,6,3,101100,False,True,False,0.06874243170022964,0.980555534362793,0.006693277508020401,-0.005555570125579834,0.062049154192209244,0.9861111044883728
constant_ild,2705,0.001,6,3,101010,False,True,True,0.07923650741577148,0.9833333492279053,0.01718735322356224,-0.0027777552604675293,0.062049154192209244,0.9861111044883728
constant_ild,2705,0.001,6,3,101001,False,True,False,0.07542095333337784,0.9833333492279053,0.013371799141168594,-0.0027777552604675293,0.062049154192209244,0.9861111044883728
constant_ild,2705,0.001,6,3,100110,False,True,False,0.07157022505998611,0.9861111044883728,0.00952107086777687,0.0,0.062049154192209244,0.9861111044883728
constant_ild,2705,0.001,6,3,100101,False,True,False,0.0703146904706955,0.9861111044883728,0.008265536278486252,0.0,0.062049154192209244,0.9861111044883728
constant_ild,2705,0.001,6,3,100011,False,True,False,0.09866175055503845,0.9777777791023254,0.03661259636282921,-0.008333325386047363,0.062049154192209244,0.9861111044883728
constant_ild,2705,0.001,6,3,011100,False,False,False,0.25905129313468933,0.9222221970558167,0.1970021389424801,-0.06388890743255615,0.062049154192209244,0.9861111044883728
constant_ild,2705,0.001,6,3,011010,False,False,False,0.26975834369659424,0.9138888716697693,0.207709189504385,-0.07222223281860352,0.062049154192209244,0.9861111044883728
constant_ild,2705,0.001,6,3,011001,False,False,False,0.28629055619239807,0.9138888716697693,0.22424140200018883,-0.07222223281860352,0.062049154192209244,0.9861111044883728
constant_ild,2705,0.001,6,3,010110,False,False,False,0.24376757442951202,0.9166666865348816,0.18171842023730278,-0.06944441795349121,0.062049154192209244,0.9861111044883728
constant_ild,2705,0.001,6,3,010101,False,False,True,0.25548553466796875,0.9194444417953491,0.1934363804757595,-0.06666666269302368,0.062049154192209244,0.9861111044883728
constant_ild,2705,0.001,6,3,010011,False,False,False,0.2836616635322571,0.9055555462837219,0.22161250934004784,-0.08055555820465088,0.062049154192209244,0.9861111044883728
constant_ild,2705,0.001,6,3,001110,False,False,False,0.2993493676185608,0.9055555462837219,0.23730021342635155,-0.08055555820465088,0.062049154192209244,0.9861111044883728
constant_ild,2705,0.001,6,3,001101,False,False,False,0.30712398886680603,0.9111111164093018,0.2450748346745968,-0.07499998807907104,0.062049154192209244,0.9861111044883728
constant_ild,2705,0.001,6,3,001011,False,False,False,0.34317684173583984,0.8916666507720947,0.2811276875436306,-0.09444445371627808,0.062049154192209244,0.9861111044883728
constant_ild,2705,0.001,6,3,000111,False,False,False,0.34919023513793945,0.894444465637207,0.2871410809457302,-0.09166663885116577,0.062049154192209244,0.9861111044883728
constant_ild,2705,0.001,6,4,111100,True,True,False,0.05761083960533142,0.9888888597488403,-0.004438314586877823,0.0027777552604675293,0.062049154192209244,0.9861111044883728
constant_ild,2705,0.001,6,4,111010,False,True,False,0.06033093482255936,0.9861111044883728,-0.001718219369649887,0.0,0.062049154192209244,0.9861111044883728
constant_ild,2705,0.001,6,4,111001,False,True,False,0.05603150278329849,0.9888888597488403,-0.006017651408910751,0.0027777552604675293,0.062049154192209244,0.9861111044883728
constant_ild,2705,0.001,6,4,110110,False,True,False,0.05816328153014183,0.9888888597488403,-0.0038858726620674133,0.0027777552604675293,0.062049154192209244,0.9861111044883728
constant_ild,2705,0.001,6,4,110101,False,True,False,0.0557638555765152,0.9888888597488403,-0.006285298615694046,0.0027777552604675293,0.062049154192209244,0.9861111044883728
constant_ild,2705,0.001,6,4,110011,False,True,False,0.06545467674732208,0.9861111044883728,0.0034055225551128387,0.0,0.062049154192209244,0.9861111044883728
constant_ild,2705,0.001,6,4,101110,False,True,False,0.06947384029626846,0.980555534362793,0.007424686104059219,-0.005555570125579834,0.062049154192209244,0.9861111044883728
constant_ild,2705,0.001,6,4,101101,False,True,False,0.06590009480714798,0.9833333492279053,0.003850940614938736,-0.0027777552604675293,0.062049154192209244,0.9861111044883728
constant_ild,2705,0.001,6,4,101011,False,True,False,0.07919543236494064,0.980555534362793,0.0171462781727314,-0.005555570125579834,0.062049154192209244,0.9861111044883728
constant_ild,2705,0.001,6,4,100111,False,True,False,0.06778606027364731,0.9861111044883728,0.005736906081438065,0.0,0.062049154192209244,0.9861111044883728
constant_ild,2705,0.001,6,4,011110,False,False,False,0.2673196792602539,0.9138888716697693,0.20527052506804466,-0.07222223281860352,0.062049154192209244,0.9861111044883728
constant_ild,2705,0.001,6,4,011101,False,False,False,0.27704760432243347,0.9194444417953491,0.21499845013022423,-0.06666666269302368,0.062049154192209244,0.9861111044883728
constant_ild,2705,0.001,6,4,011011,False,False,False,0.28617560863494873,0.9194444417953491,0.2241264544427395,-0.06666666269302368,0.062049154192209244,0.9861111044883728
constant_ild,2705,0.001,6,4,010111,False,False,False,0.25835666060447693,0.9194444417953491,0.19630750641226768,-0.06666666269302368,0.062049154192209244,0.9861111044883728
constant_ild,2705,0.001,6,4,001111,False,False,False,0.3187194764614105,0.9111111164093018,0.2566703222692013,-0.07499998807907104,0.062049154192209244,0.9861111044883728
constant_ild,2705,0.001,6,5,111110,True,True,False,0.06137140095233917,0.9833333492279053,-0.0006777532398700714,-0.0027777552604675293,0.062049154192209244,0.9861111044883728
constant_ild,2705,0.001,6,5,111101,False,True,False,0.058019351214170456,0.9888888597488403,-0.004029802978038788,0.0027777552604675293,0.062049154192209244,0.9861111044883728
constant_ild,2705,0.001,6,5,111011,False,True,False,0.06004469096660614,0.9861111044883728,-0.0020044632256031036,0.0,0.062049154192209244,0.9861111044883728
constant_ild,2705,0.001,6,5,110111,False,True,False,0.058201611042022705,0.9888888597488403,-0.0038475431501865387,0.0027777552604675293,0.062049154192209244,0.9861111044883728
constant_ild,2705,0.001,6,5,101111,False,True,False,0.07029393315315247,0.980555534362793,0.008244778960943222,-0.005555570125579834,0.062049154192209244,0.9861111044883728
constant_ild,2705,0.001,6,5,011111,False,False,False,0.28236863017082214,0.9222221970558167,0.2203194759786129,-0.06388890743255615,0.062049154192209244,0.9861111044883728
constant_ild,2705,0.001,6,6,111111,True,True,False,0.062049154192209244,0.9861111044883728,0.0,0.0,0.062049154192209244,0.9861111044883728
decreasing_ild,2705,0.001,6,1,100000,True,True,False,0.170930877327919,0.9666666388511658,0.10337831825017929,-0.013888895511627197,0.06755255907773972,0.980555534362793
decreasing_ild,2705,0.001,6,1,010000,False,False,False,0.3325226306915283,0.8972222208976746,0.2649700716137886,-0.08333331346511841,0.06755255907773972,0.980555534362793
decreasing_ild,2705,0.001,6,1,001000,False,False,False,0.3613835275173187,0.8916666507720947,0.293830968439579,-0.08888888359069824,0.06755255907773972,0.980555534362793
decreasing_ild,2705,0.001,6,1,000100,False,False,False,0.4333959221839905,0.8722222447395325,0.36584336310625076,-0.1083332896232605,0.06755255907773972,0.980555534362793
decreasing_ild,2705,0.001,6,1,000010,False,False,False,0.5111604928970337,0.8361111283302307,0.443607933819294,-0.14444440603256226,0.06755255907773972,0.980555534362793
decreasing_ild,2705,0.001,6,1,000001,False,False,False,0.600065290927887,0.8277778029441833,0.5325127318501472,-0.15277773141860962,0.06755255907773972,0.980555534362793
decreasing_ild,2705,0.001,6,2,110000,True,True,False,0.07112076878547668,0.9888888597488403,0.003568209707736969,0.008333325386047363,0.06755255907773972,0.980555534362793
decreasing_ild,2705,0.001,6,2,101000,False,True,False,0.07964301109313965,0.9833333492279053,0.012090452015399933,0.0027778148651123047,0.06755255907773972,0.980555534362793
decreasing_ild,2705,0.001,6,2,100100,False,True,False,0.08359672874212265,0.9833333492279053,0.016044169664382935,0.0027778148651123047,0.06755255907773972,0.980555534362793
decreasing_ild,2705,0.001,6,2,100010,False,True,False,0.10027070343494415,0.9694444537162781,0.03271814435720444,-0.011111080646514893,0.06755255907773972,0.980555534362793
decreasing_ild,2705,0.001,6,2,100001,False,True,False,0.10707971453666687,0.9750000238418579,0.039527155458927155,-0.005555510520935059,0.06755255907773972,0.980555534362793
decreasing_ild,2705,0.001,6,2,011000,False,False,False,0.2766852378845215,0.9138888716697693,0.20913267880678177,-0.06666666269302368,0.06755255907773972,0.980555534362793
decreasing_ild,2705,0.001,6,2,010100,False,False,False,0.2511327862739563,0.9222221970558167,0.18358022719621658,-0.05833333730697632,0.06755255907773972,0.980555534362793
decreasing_ild,2705,0.001,6,2,010010,False,False,False,0.27623915672302246,0.9083333611488342,0.20868659764528275,-0.07222217321395874,0.06755255907773972,0.980555534362793
decreasing_ild,2705,0.001,6,2,010001,False,False,False,0.2936992943286896,0.9027777910232544,0.22614673525094986,-0.07777774333953857,0.06755255907773972,0.980555534362793
decreasing_ild,2705,0.001,6,2,001100,False,False,False,0.2983749508857727,0.8972222208976746,0.230822391808033,-0.08333331346511841,0.06755255907773972,0.980555534362793
decreasing_ild,2705,0.001,6,2,001010,False,False,False,0.3189345598220825,0.894444465637207,0.2513820007443428,-0.08611106872558594,0.06755255907773972,0.980555534362793
decreasing_ild,2705,0.001,6,2,001001,False,False,False,0.3296653628349304,0.894444465637207,0.2621128037571907,-0.08611106872558594,0.06755255907773972,0.980555534362793
decreasing_ild,2705,0.001,6,2,000110,False,False,False,0.3538188934326172,0.8777777552604675,0.28626633435487747,-0.10277777910232544,0.06755255907773972,0.980555534362793
decreasing_ild,2705,0.001,6,2,000101,False,False,False,0.3642503619194031,0.8861111402511597,0.29669780284166336,-0.0944443941116333,0.06755255907773972,0.980555534362793
decreasing_ild,2705,0.001,6,2,000011,False,False,False,0.42701590061187744,0.8722222447395325,0.3594633415341377,-0.1083332896232605,0.06755255907773972,0.980555534362793
decreasing_ild,2705,0.001,6,3,111000,True,True,False,0.060814376920461655,0.9861111044883728,-0.006738182157278061,0.005555570125579834,0.06755255907773972,0.980555534362793
decreasing_ild,2705,0.001,6,3,110100,False,True,False,0.06287410110235214,0.9833333492279053,-0.004678457975387573,0.0027778148651123047,0.06755255907773972,0.980555534362793
decreasing_ild,2705,0.001,6,3,110010,False,True,False,0.0663725882768631,0.9861111044883728,-0.0011799708008766174,0.005555570125579834,0.06755255907773972,0.980555534362793
decreasing_ild,2705,0.001,6,3,110001,False,True,False,0.06403467804193497,0.9861111044883728,-0.0035178810358047485,0.005555570125579834,0.06755255907773972,0.980555534362793
decreasing_ild,2705,0.001,6,3,101100,False,True,False,0.06937374174594879,0.9833333492279053,0.001821182668209076,0.0027778148651123047,0.06755255907773972,0.980555534362793
decreasing_ild,2705,0.001,6,3,101010,False,True,True,0.07449337840080261,0.9833333492279053,0.006940819323062897,0.0027778148651123047,0.06755255907773972,0.980555534362793
decreasing_ild,2705,0.001,6,3,101001,False,True,False,0.07245273143053055,0.9833333492279053,0.0049001723527908325,0.0027778148651123047,0.06755255907773972,0.980555534362793
decreasing_ild,2705,0.001,6,3,100110,False,True,False,0.07562252879142761,0.9861111044883728,0.008069969713687897,0.005555570125579834,0.06755255907773972,0.980555534362793
decreasing_ild,2705,0.001,6,3,100101,False,True,False,0.07284107059240341,0.9833333492279053,0.005288511514663696,0.0027778148651123047,0.06755255907773972,0.980555534362793
decreasing_ild,2705,0.001,6,3,100011,False,True,False,0.08963362127542496,0.9722222089767456,0.02208106219768524,-0.008333325386047363,0.06755255907773972,0.980555534362793
decreasing_ild,2705,0.001,6,3,011100,False,False,False,0.2683376967906952,0.9222221970558167,0.20078513771295547,-0.05833333730697632,0.06755255907773972,0.980555534362793
decreasing_ild,2705,0.001,6,3,011010,False,False,False,0.27859658002853394,0.9166666865348816,0.21104402095079422,-0.06388884782791138,0.06755255907773972,0.980555534362793
decreasing_ild,2705,0.001,6,3,011001,False,False,False,0.28743982315063477,0.9194444417953491,0.21988726407289505,-0.06111109256744385,0.06755255907773972,0.980555534362793
decreasing_ild,2705,0.001,6,3,010110,False,False,False,0.25047966837882996,0.9194444417953491,0.18292710930109024,-0.06111109256744385,0.06755255907773972,0.980555534362793
decreasing_ild,2705,0.001,6,3,010101,False,False,True,0.25495338439941406,0.9194444417953491,0.18740082532167435,-0.06111109256744385,0.06755255907773972,0.980555534362793
decreasing_ild,2705,0.001,6,3,010011,False,False,False,0.2796758711338043,0.9055555462837219,0.2121233120560646,-0.07499998807907104,0.06755255907773972,0.980555534362793
decreasing_ild,2705,0.001,6,3,001110,False,False,False,0.30040693283081055,0.9027777910232544,0.23285437375307083,-0.07777774333953857,0.06755255907773972,0.980555534362793
decreasing_ild,2705,0.001,6,3,001101,False,False,False,0.29888060688972473,0.9083333611488342,0.23132804781198502,-0.07222217321395874,0.06755255907773972,0.980555534362793
decreasing_ild,2705,0.001,6,3,001011,False,False,False,0.3255915641784668,0.8972222208976746,0.2580390051007271,-0.08333331346511841,0.06755255907773972,0.980555534362793
decreasing_ild,2705,0.001,6,3,000111,False,False,False,0.3488316833972931,0.8805555701255798,0.2812791243195534,-0.09999996423721313,0.06755255907773972,0.980555534362793
decreasing_ild,2705,0.001,6,4,111100,True,True,False,0.0632174089550972,0.980555534362793,-0.004335150122642517,0.0,0.06755255907773972,0.980555534362793
decreasing_ild,2705,0.001,6,4,111010,False,True,False,0.06345129758119583,0.9861111044883728,-0.004101261496543884,0.005555570125579834,0.06755255907773972,0.980555534362793
decreasing_ild,2705,0.001,6,4,111001,False,True,False,0.05965161323547363,0.9861111044883728,-0.007900945842266083,0.005555570125579834,0.06755255907773972,0.980555534362793
decreasing_ild,2705,0.001,6,4,110110,False,True,False,0.06514579057693481,0.9833333492279053,-0.002406768500804901,0.0027778148651123047,0.06755255907773972,0.980555534362793
decreasing_ild,2705,0.001,6,4,110101,False,True,False,0.062216177582740784,0.9833333492279053,-0.005336381494998932,0.0027778148651123047,0.06755255907773972,0.980555534362793
decreasing_ild,2705,0.001,6,4,110011,False,True,False,0.06560489535331726,0.9861111044883728,-0.0019476637244224548,0.005555570125579834,0.06755255907773972,0.980555534362793
decreasing_ild,2705,0.001,6,4,101110,False,True,False,0.07003886997699738,0.9833333492279053,0.00248631089925766,0.0027778148651123047,0.06755255907773972,0.980555534362793
decreasing_ild,2705,0.001,6,4,101101,False,True,False,0.06776636093854904,0.9833333492279053,0.00021380186080932617,0.0027778148651123047,0.06755255907773972,0.980555534362793
decreasing_ild,2705,0.001,6,4,101011,False,True,False,0.0735982209444046,0.9833333492279053,0.0060456618666648865,0.0027778148651123047,0.06755255907773972,0.980555534362793
decreasing_ild,2705,0.001,6,4,100111,False,True,False,0.07257595658302307,0.9861111044883728,0.005023397505283356,0.005555570125579834,0.06755255907773972,0.980555534362793
decreasing_ild,2705,0.001,6,4,011110,False,False,False,0.27375584840774536,0.9138888716697693,0.20620328933000565,-0.06666666269302368,0.06755255907773972,0.980555534362793
decreasing_ild,2705,0.001,6,4,011101,False,False,False,0.27831897139549255,0.9194444417953491,0.21076641231775284,-0.06111109256744385,0.06755255907773972,0.980555534362793
decreasing_ild,2705,0.001,6,4,011011,False,False,False,0.2897737920284271,0.9138888716697693,0.2222212329506874,-0.06666666269302368,0.06755255907773972,0.980555534362793
decreasing_ild,2705,0.001,6,4,010111,False,False,False,0.2576356530189514,0.9222221970558167,0.1900830939412117,-0.05833333730697632,0.06755255907773972,0.980555534362793
decreasing_ild,2705,0.001,6,4,001111,False,False,False,0.3073551058769226,0.9055555462837219,0.2398025467991829,-0.07499998807907104,0.06755255907773972,0.980555534362793
decreasing_ild,2705,0.001,6,5,111110,True,True,False,0.06691440939903259,0.980555534362793,-0.0006381496787071228,0.0,0.06755255907773972,0.980555534362793
decreasing_ild,2705,0.001,6,5,111101,False,True,False,0.06361602246761322,0.980555534362793,-0.003936536610126495,0.0,0.06755255907773972,0.980555534362793
decreasing_ild,2705,0.001,6,5,111011,False,True,False,0.06352327764034271,0.9861111044883728,-0.004029281437397003,0.005555570125579834,0.06755255907773972,0.980555534362793
decreasing_ild,2705,0.001,6,5,110111,False,True,False,0.06548795104026794,0.9833333492279053,-0.0020646080374717712,0.0027778148651123047,0.06755255907773972,0.980555534362793
decreasing_ild,2705,0.001,6,5,101111,False,True,False,0.07021845877170563,0.9833333492279053,0.002665899693965912,0.0027778148651123047,0.06755255907773972,0.980555534362793
decreasing_ild,2705,0.001,6,5,011111,False,False,False,0.2820253372192383,0.9166666865348816,0.21447277814149857,-0.06388884782791138,0.06755255907773972,0.980555534362793
decreasing_ild,2705,0.001,6,6,111111,True,True,False,0.06755255907773972,0.980555534362793,0.0,0.0,0.06755255907773972,0.980555534362793
dense3,2705,0.001,3,1,100,True,True,False,0.27647095918655396,0.9527778029441833,0.21811575070023537,-0.03333330154418945,0.05835520848631859,0.9861111044883728
dense3,2705,0.001,3,1,010,False,False,True,0.3564281761646271,0.8999999761581421,0.2980729676783085,-0.08611112833023071,0.05835520848631859,0.9861111044883728
dense3,2705,0.001,3,1,001,False,False,False,0.4415491223335266,0.8527777791023254,0.383193913847208,-0.13333332538604736,0.05835520848631859,0.9861111044883728
dense3,2705,0.001,3,2,110,True,True,False,0.08471891283988953,0.9777777791023254,0.026363704353570938,-0.008333325386047363,0.05835520848631859,0.9861111044883728
dense3,2705,0.001,3,2,101,False,True,True,0.10462974011898041,0.9722222089767456,0.04627453163266182,-0.013888895511627197,0.05835520848631859,0.9861111044883728
dense3,2705,0.001,3,2,011,False,False,False,0.30394813418388367,0.9083333611488342,0.24559292569756508,-0.07777774333953857,0.05835520848631859,0.9861111044883728
dense3,2705,0.001,3,3,111,True,True,False,0.05835520848631859,0.9861111044883728,0.0,0.0,0.05835520848631859,0.9861111044883728
